{
"type": "FeatureCollection",
"name": "shadows_17",
"crs": { "type": "name", "properties": { "name": "urn:ogc:def:crs:OGC:1.3:CRS84" } },
"features": [
{ "type": "Feature", "properties": { }, "geometry": { "type": "MultiPolygon", "coordinates": [ [ [ [ 151.170471345152492, -33.89964408260056 ], [ 151.1702938, -33.8995879 ], [ 151.170305017291412, -33.899567844573518 ], [ 151.169695499999989, -33.8993963 ], [ 151.169747, -33.8993041 ], [ 151.170362174980511, -33.899465652011919 ], [ 151.1704013, -33.8993957 ], [ 151.170975990335648, -33.899539172506685 ], [ 151.171126990995674, -33.899595471821364 ], [ 151.171088247861263, -33.899666848159598 ], [ 151.171611393287463, -33.899802369628134 ], [ 151.171672308675085, -33.899983637345834 ], [ 151.171797260834438, -33.900014830558426 ], [ 151.1717903, -33.8999943 ], [ 151.171911600388256, -33.899984386413031 ], [ 151.171788845204219, -33.899780551018566 ], [ 151.171268700000013, -33.8996507 ], [ 151.171198226437212, -33.899423129165903 ], [ 151.1703852, -33.899188 ], [ 151.170491700000014, -33.899017 ], [ 151.170924890349454, -33.899107859525508 ], [ 151.171024291814405, -33.899076815220944 ], [ 151.1708463, -33.8990148 ], [ 151.170983, -33.8987588 ], [ 151.171459494810875, -33.898877756349854 ], [ 151.1714438, -33.8988414 ], [ 151.171564745148402, -33.898843611597997 ], [ 151.1715252, -33.8987543 ], [ 151.17163, -33.8987243 ], [ 151.171701797098933, -33.898742223791317 ], [ 151.1716877, -33.8987078 ], [ 151.171801364737661, -33.898711991827604 ], [ 151.1717878, -33.8986792 ], [ 151.171929, -33.8986388 ], [ 151.17212290771667, -33.898687207520787 ], [ 151.1721914, -33.8986708 ], [ 151.17237080000001, -33.8986961 ], [ 151.172350233009951, -33.89856017090586 ], [ 151.1721072, -33.8984995 ], [ 151.172072, -33.898369 ], [ 151.172167485908261, -33.898358466075678 ], [ 151.172012599999988, -33.8983198 ], [ 151.172003, -33.8982531 ], [ 151.17220420000001, -33.8982292 ], [ 151.172363670262058, -33.898249343898115 ], [ 151.171878, -33.8981281 ], [ 151.171832096535127, -33.898032300799116 ], [ 151.17160094123696, -33.898098334340453 ], [ 151.1713136, -33.8980266 ], [ 151.1712693, -33.8979197 ], [ 151.1715616, -33.8978363 ], [ 151.171774654555492, -33.897889488483827 ], [ 151.17164980000004, -33.8976125 ], [ 151.1717621, -33.897589600000011 ], [ 151.171894894575928, -33.897622751698606 ], [ 151.1718826, -33.8975884 ], [ 151.171925823615794, -33.897577042651861 ], [ 151.17160480000004, -33.8974969 ], [ 151.1713001, -33.896808 ], [ 151.1714461, -33.8967596 ], [ 151.172271345765125, -33.896958350167978 ], [ 151.171969616032982, -33.896824679060892 ], [ 151.1713422, -33.8966765 ], [ 151.171472383740905, -33.896472031715795 ], [ 151.1711422, -33.8963896 ], [ 151.171057499999989, -33.8962904 ], [ 151.1712126, -33.8960683 ], [ 151.171768732035531, -33.896207140138422 ], [ 151.171992554790251, -33.896330145576599 ], [ 151.172139533741472, -33.896366838514091 ], [ 151.172426235105547, -33.896497337259483 ], [ 151.172409687796204, -33.896523751607248 ], [ 151.172866375150903, -33.896709363222527 ], [ 151.172888319233692, -33.896746272252571 ], [ 151.173056441947779, -33.896795332637176 ], [ 151.172557500000011, -33.89656690000001 ], [ 151.172665, -33.8963968 ], [ 151.172958073985768, -33.896469963210535 ], [ 151.1727851, -33.8964066 ], [ 151.172804945015628, -33.896377078376929 ], [ 151.1727118, -33.8963403 ], [ 151.1728034, -33.8961917 ], [ 151.173421573848771, -33.896354260590861 ], [ 151.173692275616617, -33.896543359379905 ], [ 151.173674975779477, -33.896572859465579 ], [ 151.173722476008237, -33.896593759250635 ], [ 151.173712648266786, -33.896667585209698 ], [ 151.173903477400955, -33.896751958447254 ], [ 151.173876577633166, -33.896794658579829 ], [ 151.173823804250162, -33.896781484725309 ], [ 151.173870377663206, -33.896800958609703 ], [ 151.173834977978117, -33.896858558784459 ], [ 151.173801126300788, -33.896850108363893 ], [ 151.173768578140709, -33.896902059099396 ], [ 151.17379857828783, -33.896915658963721 ], [ 151.173738678655099, -33.896988159254462 ], [ 151.173239104112071, -33.896863448707776 ], [ 151.173376439594307, -33.896924833100421 ], [ 151.173318445086323, -33.897021816710165 ], [ 151.174227021029651, -33.897231686558932 ], [ 151.174713024685161, -33.897460083264448 ], [ 151.174480642902068, -33.897513231892653 ], [ 151.174842463216208, -33.897603550032223 ], [ 151.1747178, -33.8975314 ], [ 151.174842131479636, -33.897503896160543 ], [ 151.1748877, -33.897370299999984 ], [ 151.175999996192786, -33.897647945512553 ], [ 151.176523000419934, -33.897827640912325 ], [ 151.176516188824024, -33.897865041214729 ], [ 151.176707621827632, -33.897912823548666 ], [ 151.1766496, -33.8978064 ], [ 151.177265291239991, -33.897897922389802 ], [ 151.1773653, -33.8978831 ], [ 151.17779134671926, -33.897981020051063 ], [ 151.177809846836681, -33.89801112001139 ], [ 151.177735170715636, -33.898048319837287 ], [ 151.177786914637267, -33.89814410824129 ], [ 151.178313800000012, -33.8979405 ], [ 151.178640346256799, -33.898022001598171 ], [ 151.178675199999986, -33.8979807 ], [ 151.178833396842464, -33.89802018342985 ], [ 151.178846099999987, -33.8979933 ], [ 151.179790547253077, -33.898276448374602 ], [ 151.179761684452131, -33.898345739282426 ], [ 151.180011749260416, -33.898414946885211 ], [ 151.179903647443808, -33.898652961297458 ], [ 151.180905686668467, -33.898933323091455 ], [ 151.180942018026911, -33.898970434069952 ], [ 151.182474717507603, -33.899352843464477 ], [ 151.182481001560461, -33.899333026487774 ], [ 151.182387188083737, -33.899304382114096 ], [ 151.182483747233846, -33.899324367909109 ], [ 151.18250082773244, -33.899270503905385 ], [ 151.182410322255805, -33.899233468315039 ], [ 151.182382664307539, -33.899242223462949 ], [ 151.182392385059671, -33.899293017356669 ], [ 151.1823510060822, -33.899299248141119 ], [ 151.180941852591531, -33.898934333550862 ], [ 151.180959108011024, -33.898901264687936 ], [ 151.181715497219415, -33.899077199002058 ], [ 151.181600770118791, -33.899034444920616 ], [ 151.181661689102896, -33.898930438567255 ], [ 151.181000374787203, -33.898765401475856 ], [ 151.181009385422612, -33.898730838020057 ], [ 151.181851881564683, -33.898940527001805 ], [ 151.181847032170964, -33.898974463997355 ], [ 151.182328087850948, -33.899094512433905 ], [ 151.182336768272449, -33.899157488550628 ], [ 151.182413691298763, -33.899181248660305 ], [ 151.182417734740881, -33.899226084357124 ], [ 151.182509064737985, -33.89924452816711 ], [ 151.182545, -33.8991394 ], [ 151.18259, -33.899115 ], [ 151.182830320685724, -33.899169173512277 ], [ 151.18278505111428, -33.899156165190512 ], [ 151.182797007111304, -33.899133251263223 ], [ 151.183057918420644, -33.899197937950959 ], [ 151.182979927979687, -33.899125239588194 ], [ 151.1827611, -33.8990472 ], [ 151.182661700000011, -33.8989683 ], [ 151.182683776325177, -33.898948688656716 ], [ 151.182631782891093, -33.898903154728075 ], [ 151.182544431661398, -33.89888135640409 ], [ 151.182592454425901, -33.898932209071326 ], [ 151.182364254758937, -33.899097809614098 ], [ 151.1820769, -33.8990261 ], [ 151.181965530728405, -33.898916086626336 ], [ 151.181409200000019, -33.8987977 ], [ 151.181417897639733, -33.898766423983055 ], [ 151.180083700000012, -33.898421 ], [ 151.180202746233874, -33.89808811608404 ], [ 151.180075987808209, -33.898056480762726 ], [ 151.180078449656492, -33.898212814798804 ], [ 151.179686949308604, -33.898219815702518 ], [ 151.179399600000011, -33.898148099999986 ], [ 151.179399324850294, -33.898076285335776 ], [ 151.1789814, -33.897997 ], [ 151.178836907808403, -33.897926485697845 ], [ 151.1781825, -33.8977518 ], [ 151.17826070000001, -33.8977126 ], [ 151.178767571449242, -33.897839108463124 ], [ 151.178976245637557, -33.897619548912246 ], [ 151.178677045997205, -33.897633244742778 ], [ 151.178465881784689, -33.897580540942677 ], [ 151.178462853341188, -33.897611910526948 ], [ 151.178419453280839, -33.897614910721273 ], [ 151.178054967649587, -33.897604769494912 ], [ 151.177889527833543, -33.897616603080564 ], [ 151.177897490827661, -33.897634040199186 ], [ 151.17772047802822, -33.897598043997334 ], [ 151.17771389044168, -33.897628341044985 ], [ 151.177287317250716, -33.897552936782823 ], [ 151.177241589131427, -33.897565843211261 ], [ 151.176666899999987, -33.897422399999989 ], [ 151.1766015, -33.897234499999982 ], [ 151.1767146, -33.897202599999986 ], [ 151.176814799999988, -33.8972121 ], [ 151.1767817, -33.8971363 ], [ 151.176869425093798, -33.897109945464237 ], [ 151.176738300000011, -33.8970549 ], [ 151.176685568361933, -33.896917398427739 ], [ 151.17639952841833, -33.896846000971244 ], [ 151.176324406680976, -33.896868767914647 ], [ 151.176118834606285, -33.896817455164964 ], [ 151.176021505458039, -33.896841070159304 ], [ 151.1750946, -33.8966097 ], [ 151.17507312232766, -33.896566353153162 ], [ 151.1750008, -33.8965483 ], [ 151.1749699, -33.8964753 ], [ 151.175156500000014, -33.8964208 ], [ 151.175415825438847, -33.896485532505217 ], [ 151.175841, -33.8963741 ], [ 151.17646961722383, -33.896514736111193 ], [ 151.1756494, -33.89631 ], [ 151.1755841, -33.8961566 ], [ 151.175729400000023, -33.8960918 ], [ 151.176321081099474, -33.896239491287844 ], [ 151.1763916074203, -33.896230268304301 ], [ 151.1763775, -33.8961969 ], [ 151.176476798353491, -33.896168014202125 ], [ 151.1763862, -33.8961454 ], [ 151.176361366379354, -33.896062569953912 ], [ 151.1763058, -33.8960487 ], [ 151.1762843, -33.8959994 ], [ 151.176366195929177, -33.895974857514616 ], [ 151.176246200000037, -33.8959189 ], [ 151.176267876903466, -33.895891609854147 ], [ 151.1761793, -33.8958695 ], [ 151.176154200000013, -33.895813 ], [ 151.1762699, -33.89577749999998 ], [ 151.176563166690073, -33.895850702420873 ], [ 151.1762932, -33.89577890000001 ], [ 151.1762321, -33.8956374 ], [ 151.1763197, -33.8956114 ], [ 151.176505485734822, -33.895657774145803 ], [ 151.176468, -33.8955745 ], [ 151.1765914, -33.8955363 ], [ 151.176660701768839, -33.895553598362213 ], [ 151.176648641322544, -33.895526040332207 ], [ 151.1763863, -33.8954574 ], [ 151.1762967, -33.8952533 ], [ 151.176387569741735, -33.895225804716979 ], [ 151.176290200000011, -33.8952015 ], [ 151.176166099999989, -33.894954599999977 ], [ 151.176252940561227, -33.89492883228808 ], [ 151.1761807, -33.894910799999984 ], [ 151.1761396, -33.8948227 ], [ 151.176186040992576, -33.894807829232846 ], [ 151.176105400000012, -33.8947877 ], [ 151.176068500000014, -33.8947117 ], [ 151.176259, -33.8946482 ], [ 151.176833669955926, -33.894791644541336 ], [ 151.176851932738941, -33.894863017189358 ], [ 151.176784912025397, -33.894885369515826 ], [ 151.177174307036921, -33.894982565495461 ], [ 151.177215308029048, -33.895070565238022 ], [ 151.177042708089289, -33.895125966448738 ], [ 151.176924026004457, -33.895097857541629 ], [ 151.177455474281032, -33.895265941767519 ], [ 151.17748547475648, -33.895329041641659 ], [ 151.177386893741811, -33.895360346956487 ], [ 151.177514675231038, -33.895392241519524 ], [ 151.177537375599769, -33.895441341424601 ], [ 151.177378275633686, -33.895491942168512 ], [ 151.177128602588311, -33.895429622801139 ], [ 151.177152156018593, -33.89548302175286 ], [ 151.177844998356647, -33.895655956212693 ], [ 151.177833898589085, -33.895680856303279 ], [ 151.177165871086885, -33.895514115717845 ], [ 151.177176337672165, -33.895538815871291 ], [ 151.177096914298488, -33.895562868328113 ], [ 151.177267176247511, -33.895616242705685 ], [ 151.1772976309922, -33.895685977644945 ], [ 151.177670078090756, -33.895778940879552 ], [ 151.177792380018758, -33.896034640366253 ], [ 151.177630280029064, -33.896082541123491 ], [ 151.177218488243795, -33.895979757503795 ], [ 151.177153759412505, -33.895998118041661 ], [ 151.177196800149602, -33.896008861148317 ], [ 151.177222000831165, -33.896065360978952 ], [ 151.177068605622622, -33.896092341607037 ], [ 151.177333519189432, -33.896158464744531 ], [ 151.1773550197411, -33.89620776461048 ], [ 151.177168337508022, -33.896263710762895 ], [ 151.177177147862011, -33.896283882052032 ], [ 151.1773653, -33.8962257 ], [ 151.177652641003561, -33.896297420203716 ], [ 151.177730541641267, -33.896467420040949 ], [ 151.177632241651906, -33.896498720270763 ], [ 151.177540097664064, -33.89648091933973 ], [ 151.177582007440037, -33.896580158465611 ], [ 151.177438538938901, -33.896621944181817 ], [ 151.177475642291796, -33.896736420655557 ], [ 151.177419055772987, -33.896755630999429 ], [ 151.17748794246495, -33.896785120632039 ], [ 151.177504042605932, -33.896823020598674 ], [ 151.177444454628102, -33.896844201326388 ], [ 151.177738285772762, -33.896917540791215 ], [ 151.177774386387142, -33.896999840641051 ], [ 151.177606186404518, -33.897050541426999 ], [ 151.177559517494956, -33.897038893008357 ], [ 151.177583343572707, -33.897091820442476 ], [ 151.1775372846636, -33.897106087607753 ], [ 151.177631569740612, -33.897138222720812 ], [ 151.1777492, -33.8970941 ], [ 151.178313686358479, -33.897251068153466 ], [ 151.1785203, -33.8971886 ], [ 151.178746667068879, -33.897245098331993 ], [ 151.1787287, -33.897201 ], [ 151.178848227027885, -33.897166455004808 ], [ 151.178818263501228, -33.897094852192332 ], [ 151.178664199999986, -33.8970564 ], [ 151.17839371261644, -33.896447768149521 ], [ 151.1780621, -33.896365 ], [ 151.1780464, -33.8963283 ], [ 151.178142400000013, -33.8963 ], [ 151.178472535680129, -33.896382399338812 ], [ 151.1785592, -33.8963564 ], [ 151.178800451709805, -33.896416613757395 ], [ 151.178734685809104, -33.896234968726858 ], [ 151.178613759031293, -33.896204786684059 ], [ 151.178641783202806, -33.896271836495266 ], [ 151.17858508320802, -33.896288836760178 ], [ 151.1780104, -33.8961454 ], [ 151.1779756, -33.8960635 ], [ 151.1780205, -33.8960496 ], [ 151.178235234874904, -33.896103196666601 ], [ 151.1782095, -33.8959827 ], [ 151.178361624056549, -33.89595237014526 ], [ 151.178150200000033, -33.8958996 ], [ 151.1780761, -33.8957296 ], [ 151.1783355, -33.8956525 ], [ 151.178910180554936, -33.895795935162688 ], [ 151.178983981817851, -33.895965234855886 ], [ 151.178741379284389, -33.896038082320146 ], [ 151.178943556880427, -33.896088543485753 ], [ 151.1793568, -33.8958419 ], [ 151.1795942, -33.895766200000011 ], [ 151.179872272501058, -33.895835601639959 ], [ 151.179909682084968, -33.895918938963526 ], [ 151.179972064007046, -33.895898940463582 ], [ 151.1799114, -33.8958838 ], [ 151.179879896084628, -33.89581745306451 ], [ 151.17983, -33.895805 ], [ 151.1797029, -33.8955185 ], [ 151.1803267, -33.8953234 ], [ 151.180548846774826, -33.895378842504051 ], [ 151.18050310000001, -33.8952721 ], [ 151.18066815523423, -33.895221690279527 ], [ 151.1804951, -33.8951785 ], [ 151.180436, -33.8950395 ], [ 151.180554200441151, -33.895004904028987 ], [ 151.1803863, -33.894963 ], [ 151.180333499999989, -33.8948445 ], [ 151.18051881411705, -33.894787643075645 ], [ 151.1798992, -33.894633 ], [ 151.179850499999986, -33.8945286 ], [ 151.1801257, -33.8944038 ], [ 151.18039972893331, -33.894471343384708 ], [ 151.1803917, -33.8944526 ], [ 151.180529400000012, -33.8944046 ], [ 151.181456298487291, -33.894635929018669 ], [ 151.181540600849388, -33.894832628454367 ], [ 151.181479500856199, -33.894850728914754 ], [ 151.181344377729516, -33.894817006412644 ], [ 151.181328180163462, -33.894876296877129 ], [ 151.181222130304263, -33.894900530336855 ], [ 151.181643479909866, -33.895005685801955 ], [ 151.1815887, -33.894884400000024 ], [ 151.181666596587064, -33.894860872457151 ], [ 151.1816455, -33.8948125 ], [ 151.181822, -33.8947397 ], [ 151.181828861091503, -33.894632104797772 ], [ 151.181509055307913, -33.894552291817838 ], [ 151.181506618628219, -33.894504196923968 ], [ 151.181253522985514, -33.894441031872027 ], [ 151.181236722636044, -33.894405438596152 ], [ 151.181299404585388, -33.894381443991598 ], [ 151.181943924092934, -33.894542295294315 ], [ 151.181921100000011, -33.8944799 ], [ 151.181976, -33.8944643 ], [ 151.182083664750422, -33.894491169259517 ], [ 151.182060016264217, -33.894439299324368 ], [ 151.181936999745744, -33.894408598763363 ], [ 151.181932207448853, -33.894386467271737 ], [ 151.182045595465439, -33.894407669111949 ], [ 151.182036399999987, -33.8943875 ], [ 151.182138716963436, -33.894372292138698 ], [ 151.182116900000011, -33.894320699999987 ], [ 151.182206012700362, -33.894275266146721 ], [ 151.181925190083376, -33.894205182815064 ], [ 151.181867229464132, -33.894142463945506 ], [ 151.181164646082323, -33.89396712038802 ], [ 151.181147845854071, -33.893931527101671 ], [ 151.181190527441942, -33.893917516954069 ], [ 151.181875352813023, -33.894088428636252 ], [ 151.181503053035783, -33.893984471180261 ], [ 151.181486252661585, -33.893948877935451 ], [ 151.181528934208416, -33.893934867669024 ], [ 151.182039003002643, -33.894050368435863 ], [ 151.181515970788809, -33.893917267359477 ], [ 151.181504770542176, -33.893893538530939 ], [ 151.181833135364059, -33.893940476829847 ], [ 151.181608132964698, -33.893875659752837 ], [ 151.181789573337625, -33.893901573848346 ], [ 151.181684873975428, -33.893843494537521 ], [ 151.182184920127327, -33.89394890154243 ], [ 151.181862455066977, -33.893853754774611 ], [ 151.182171532747446, -33.893913343451551 ], [ 151.18215923699961, -33.893880684808479 ], [ 151.181839299344546, -33.893800268738559 ], [ 151.182146910048289, -33.893847943261271 ], [ 151.181940526717995, -33.893768751703583 ], [ 151.182039098650733, -33.89377819521102 ], [ 151.182058999784033, -33.893768144804241 ], [ 151.182024412147967, -33.893733859479013 ], [ 151.181684734215821, -33.893645663817779 ], [ 151.181690961286563, -33.893604515331603 ], [ 151.181641945628741, -33.893568462933729 ], [ 151.181665730515533, -33.893539760142829 ], [ 151.181595191831121, -33.893504501710517 ], [ 151.181625692834047, -33.893446043376386 ], [ 151.182577067187822, -33.893673760709277 ], [ 151.182352022093369, -33.893596942672715 ], [ 151.182636257780842, -33.893655180179678 ], [ 151.182344335456889, -33.893582327393318 ], [ 151.182333135016535, -33.893558598632815 ], [ 151.182739963602216, -33.893625902764278 ], [ 151.182368015492585, -33.893533078736922 ], [ 151.182353638386871, -33.893466684296698 ], [ 151.182406836277949, -33.893458673158229 ], [ 151.182772645847365, -33.89354996519463 ], [ 151.182249984040652, -33.89341042290728 ], [ 151.182241445013744, -33.893370988814844 ], [ 151.182300511477706, -33.893352846716787 ], [ 151.182308646190222, -33.893312359328668 ], [ 151.182221942032129, -33.89329072100319 ], [ 151.182207941568606, -33.893261060040118 ], [ 151.182294227155808, -33.893242681170712 ], [ 151.181421000502183, -33.893024750815897 ], [ 151.181398600278413, -33.892977293143517 ], [ 151.181455508365985, -33.892958612802026 ], [ 151.182288416955288, -33.893153609518912 ], [ 151.182175524292006, -33.893112923748745 ], [ 151.182166985322851, -33.8930734896514 ], [ 151.182207062106727, -33.89305187160361 ], [ 151.182099065334626, -33.893022066684672 ], [ 151.182118990736626, -33.89298387684309 ], [ 151.182592739421523, -33.893101404141191 ], [ 151.182603148401739, -33.893135380355794 ], [ 151.182774956830514, -33.893178257149593 ], [ 151.1828491, -33.8931574 ], [ 151.183129106195679, -33.893227278037557 ], [ 151.1831699, -33.8932159 ], [ 151.183084934472532, -33.893131087907051 ], [ 151.182941712979527, -33.893115648007978 ], [ 151.182898437774185, -33.893154431514048 ], [ 151.182140439316129, -33.892966388827752 ], [ 151.182118038701162, -33.892918931273236 ], [ 151.182158458224734, -33.892897261616056 ], [ 151.182748009183427, -33.893043266453574 ], [ 151.182013883139803, -33.892855698957284 ], [ 151.18198868255908, -33.892802309185015 ], [ 151.18204726078369, -33.892780306761544 ], [ 151.182045222423397, -33.892739499740699 ], [ 151.181961382121983, -33.892701561844618 ], [ 151.182054108493531, -33.892660106258624 ], [ 151.181714570273272, -33.892561756473469 ], [ 151.181736572114403, -33.892544046588938 ], [ 151.182164482866426, -33.892641423294862 ], [ 151.181963836102426, -33.892591348174207 ], [ 151.18194109955391, -33.892561854259419 ], [ 151.181968111871299, -33.892532592286571 ], [ 151.181825541060675, -33.892491305800476 ], [ 151.181814867613809, -33.892442013152809 ], [ 151.181847438609736, -33.892417629753908 ], [ 151.181809023478195, -33.892380820078046 ], [ 151.181853027017354, -33.892345400265654 ], [ 151.182555353368684, -33.892518323577171 ], [ 151.182550442184549, -33.892506011339634 ], [ 151.181793918731046, -33.892319113563516 ], [ 151.181774430369586, -33.892293833041059 ], [ 151.181807422365949, -33.892267269793329 ], [ 151.181759813162927, -33.892253676357917 ], [ 151.181771385003259, -33.892230820215197 ], [ 151.181698445791682, -33.892141884903232 ], [ 151.181119591714435, -33.89231463740439 ], [ 151.180594538034825, -33.892183594424608 ], [ 151.180661145202009, -33.892343501859592 ], [ 151.180479680949958, -33.892397323165852 ], [ 151.180924999023347, -33.892519305717386 ], [ 151.180953790466617, -33.892580305095329 ], [ 151.180911039120673, -33.892646521145856 ], [ 151.18094608018589, -33.892660500045395 ], [ 151.180810121185146, -33.892657327079412 ], [ 151.179697871408109, -33.892379726429255 ], [ 151.179643280647866, -33.892332558168313 ], [ 151.179665396231712, -33.892242116824519 ], [ 151.178917971138674, -33.892066003923283 ], [ 151.178831618591175, -33.892092807820035 ], [ 151.178524445216169, -33.892016137365921 ], [ 151.178366717598919, -33.892071109890935 ], [ 151.177810599999987, -33.8919323 ], [ 151.1777875, -33.8918826 ], [ 151.1779534, -33.891837 ], [ 151.178258235469315, -33.891913088595309 ], [ 151.1782379, -33.8918649 ], [ 151.1784337, -33.8918037 ], [ 151.179209489390843, -33.891988377040974 ], [ 151.17908804135709, -33.891714063660132 ], [ 151.178646583251606, -33.891603876043007 ], [ 151.178409828302961, -33.891670521698515 ], [ 151.1772976, -33.8913929 ], [ 151.177280941178992, -33.891352094808795 ], [ 151.176748893937315, -33.891219286984885 ], [ 151.176499947593214, -33.891295064820468 ], [ 151.176336154063819, -33.891254178366665 ], [ 151.17636484745492, -33.89132076583369 ], [ 151.176203547580883, -33.89137866705218 ], [ 151.175276700000012, -33.8911473 ], [ 151.1750745, -33.8907279 ], [ 151.175144510911821, -33.89070710403076 ], [ 151.1750796, -33.8906909 ], [ 151.175037, -33.8905922 ], [ 151.17512803964479, -33.890565092453222 ], [ 151.175011500000011, -33.890536 ], [ 151.1749676, -33.8904343 ], [ 151.175013060069318, -33.890420770562322 ], [ 151.1749595, -33.8904074 ], [ 151.1749046, -33.8902801 ], [ 151.174932497247681, -33.890271803997159 ], [ 151.174876399999988, -33.8902578 ], [ 151.174853899999988, -33.8902056 ], [ 151.175007954718978, -33.890159800028954 ], [ 151.1748321, -33.8901159 ], [ 151.174751, -33.8899717 ], [ 151.174918443180843, -33.889921930641151 ], [ 151.174696, -33.88986640000001 ], [ 151.174680900062384, -33.889830958915837 ], [ 151.17461930859443, -33.889848981088271 ], [ 151.17469261739609, -33.890024726406203 ], [ 151.173005217472308, -33.890530330347602 ], [ 151.172769689309746, -33.890479798849938 ], [ 151.173056734672087, -33.890551461117241 ], [ 151.173047635063313, -33.890613061171479 ], [ 151.172790634356346, -33.890579962350124 ], [ 151.172216, -33.8904365 ], [ 151.172226124721504, -33.890380907781903 ], [ 151.172148667174326, -33.890370140890752 ], [ 151.172210716239022, -33.890385632165234 ], [ 151.172205816388583, -33.890432132181175 ], [ 151.172154530695508, -33.890426676430565 ], [ 151.172200816404029, -33.890438232193311 ], [ 151.172198606493083, -33.890474741898608 ], [ 151.172709017342896, -33.890576031035174 ], [ 151.172719817562694, -33.890639231016571 ], [ 151.172169073826183, -33.890529464707562 ], [ 151.172050877291241, -33.890528254259351 ], [ 151.172728617712266, -33.890681831000528 ], [ 151.172719117886942, -33.890737231027948 ], [ 151.172628474432173, -33.89072631112176 ], [ 151.172674617846752, -33.890737831130629 ], [ 151.172660644611568, -33.890821432644131 ], [ 151.173152237457316, -33.890944160755055 ], [ 151.173113938919158, -33.8911755609778 ], [ 151.173086438985678, -33.89119346110818 ], [ 151.17255523746681, -33.891116363542679 ], [ 151.171998449654211, -33.89097735637791 ], [ 151.171992118110524, -33.891012632731815 ], [ 151.171775681504329, -33.890988821542557 ], [ 151.171717507983828, -33.891113833148268 ], [ 151.171874119407164, -33.891152934203404 ], [ 151.1719287, -33.8910408 ], [ 151.172381201670419, -33.891122749289558 ], [ 151.1723864, -33.8910935 ], [ 151.1724692, -33.8911045 ], [ 151.17275651937797, -33.891176230985458 ], [ 151.17274658946269, -33.891225643878357 ], [ 151.173005936855105, -33.891290390809949 ], [ 151.172939239526073, -33.891559191392517 ], [ 151.172042463526566, -33.891353239875372 ], [ 151.172015638461772, -33.891420766091962 ], [ 151.171590954349256, -33.891319069273557 ], [ 151.171472236983988, -33.891353368584632 ], [ 151.171164136535452, -33.89137387000963 ], [ 151.170954047589277, -33.891321417280636 ], [ 151.170914036209496, -33.89139627116753 ], [ 151.170823336080559, -33.891402771587146 ], [ 151.170660804128687, -33.891362191930909 ], [ 151.17058784549377, -33.891421129398516 ], [ 151.171122600988667, -33.891554642124184 ], [ 151.171108101382373, -33.891620142201532 ], [ 151.170999060073086, -33.891609387150737 ], [ 151.171090201426551, -33.891632142283747 ], [ 151.171083101669552, -33.89167204232313 ], [ 151.171000287794101, -33.891661789301438 ], [ 151.171077001715503, -33.891680942352082 ], [ 151.171069801958367, -33.891720842391919 ], [ 151.171013989626488, -33.89171393238415 ], [ 151.171065220112837, -33.891745730154881 ], [ 151.172467506723621, -33.892063536219837 ], [ 151.172459207000372, -33.892109036265666 ], [ 151.172381668743952, -33.892099332436828 ], [ 151.172471007102899, -33.892121636215435 ], [ 151.17246270737968, -33.89216713626125 ], [ 151.172343632215558, -33.892152283134642 ], [ 151.172461607471348, -33.892181736268981 ], [ 151.172453407748321, -33.892227236314362 ], [ 151.172210507107934, -33.892196937392619 ], [ 151.1716544, -33.8920581 ], [ 151.171662600000019, -33.8920126 ], [ 151.171781674774365, -33.892027453770176 ], [ 151.171550138844879, -33.891938384305817 ], [ 151.171542704484182, -33.891979140331152 ], [ 151.171478069427479, -33.89197107793693 ], [ 151.171541604532223, -33.89198694033756 ], [ 151.171533404809225, -33.892032440382948 ], [ 151.170930790177636, -33.891914170405769 ], [ 151.171024403265676, -33.891937542636406 ], [ 151.171016203542621, -33.891983042681773 ], [ 151.170576304548661, -33.891903458968088 ], [ 151.170571902382221, -33.891929344654372 ], [ 151.170492971875575, -33.891920037746523 ], [ 151.170571502447586, -33.891939644658152 ], [ 151.170566572474684, -33.891968252520904 ], [ 151.170998704107944, -33.89207614277786 ], [ 151.170990504384889, -33.892121642823234 ], [ 151.170937884806136, -33.89211505754546 ], [ 151.170997104449668, -33.89212984279537 ], [ 151.170989504718676, -33.892173942837779 ], [ 151.170772504155337, -33.892148243801344 ], [ 151.170216399999987, -33.8920094 ], [ 151.1702239, -33.891965399999989 ], [ 151.170261169828478, -33.891969794812148 ], [ 151.170191499999987, -33.8919524 ], [ 151.170197229834997, -33.891920676285316 ], [ 151.169790799999987, -33.8918192 ], [ 151.1697983, -33.8917752 ], [ 151.16987723024414, -33.891784507343139 ], [ 151.1697987, -33.8917649 ], [ 151.1698063, -33.8917208 ], [ 151.169904992994617, -33.891732443093588 ], [ 151.1698111, -33.891709 ], [ 151.1698187, -33.891665 ], [ 151.169899368909427, -33.891674516747045 ], [ 151.16982, -33.8916547 ], [ 151.1698275, -33.8916106 ], [ 151.16989031528945, -33.89161800709465 ], [ 151.1698226, -33.8916011 ], [ 151.169830200000035, -33.891557 ], [ 151.17025501390691, -33.891634486254439 ], [ 151.170260399999989, -33.8916046 ], [ 151.170313422423249, -33.891611214202321 ], [ 151.170262900000012, -33.8915986 ], [ 151.17027010000001, -33.8915587 ], [ 151.170325912142317, -33.89156561033802 ], [ 151.1702714, -33.891552 ], [ 151.170278600000017, -33.891512199999987 ], [ 151.170361934914496, -33.891522483646177 ], [ 151.1702847, -33.891503200000017 ], [ 151.1702918, -33.8914633 ], [ 151.17037418596712, -33.891473500546738 ], [ 151.1703097, -33.8914574 ], [ 151.17031514654272, -33.891437608339281 ], [ 151.169761200000011, -33.8912993 ], [ 151.169726200000014, -33.8909709 ], [ 151.170037652562115, -33.890945225660118 ], [ 151.169814615636881, -33.890889537740669 ], [ 151.169624642405495, -33.890901772633327 ], [ 151.169637231127297, -33.890995176975856 ], [ 151.169524630971324, -33.891003877496885 ], [ 151.16895, -33.8908604 ], [ 151.1689237, -33.8906603 ], [ 151.169967449664711, -33.890588182197611 ], [ 151.170670199999989, -33.8905054 ], [ 151.17088850140675, -33.890559904118355 ], [ 151.170952020055609, -33.890418820668678 ], [ 151.170805789486764, -33.89038231082246 ], [ 151.169901857622932, -33.890457226126266 ], [ 151.169914228692107, -33.89054867560926 ], [ 151.169723351857925, -33.890537931801354 ], [ 151.169728128492835, -33.890571876472109 ], [ 151.169670328413702, -33.890576476739604 ], [ 151.168966899999987, -33.8904385 ], [ 151.1689405, -33.8902384 ], [ 151.170634678587618, -33.890109816511924 ], [ 151.1706213, -33.8899984 ], [ 151.1708998, -33.8899766 ], [ 151.171120105923222, -33.890031604438825 ], [ 151.171136190696558, -33.889994451820307 ], [ 151.170889047428233, -33.889932746801712 ], [ 151.170440129637626, -33.889962504950553 ], [ 151.17044892625259, -33.890027773039371 ], [ 151.170323284970721, -33.890033317465871 ], [ 151.170328026302371, -33.890069873605327 ], [ 151.170269826223773, -33.890074673874693 ], [ 151.17005682049529, -33.890043543366644 ], [ 151.170062725926329, -33.890089074832673 ], [ 151.170004525847787, -33.890093875102011 ], [ 151.169580012482129, -33.890005138193338 ], [ 151.169503008967126, -33.890004943483611 ], [ 151.169507612530509, -33.890040438363791 ], [ 151.169256312358073, -33.890060338945247 ], [ 151.168969, -33.8899886 ], [ 151.1689407, -33.8897536 ], [ 151.170767500000011, -33.889609 ], [ 151.170875467140149, -33.889635956763314 ], [ 151.170897599999989, -33.8895859 ], [ 151.1710745, -33.889571 ], [ 151.171295617020093, -33.889626206832347 ], [ 151.17137349575512, -33.889446320215548 ], [ 151.171273936187987, -33.889421463013221 ], [ 151.171040518256575, -33.889461316562929 ], [ 151.171052024258387, -33.889554470163638 ], [ 151.170994924181883, -33.889559270427903 ], [ 151.170700304491561, -33.889485711065774 ], [ 151.170585563370736, -33.889501099348202 ], [ 151.170597323643136, -33.889591772267991 ], [ 151.17053912356451, -33.889596572537357 ], [ 151.170395465459507, -33.889560704143776 ], [ 151.170399323291321, -33.88959537318182 ], [ 151.170345423209653, -33.889598473430986 ], [ 151.169996424293714, -33.889528142692754 ], [ 151.169885538571549, -33.889547337254349 ], [ 151.169898722644632, -33.889641075499533 ], [ 151.169642022324695, -33.889666276688359 ], [ 151.168994, -33.8895228 ], [ 151.1689657, -33.8892878 ], [ 151.169223499999987, -33.8892709 ], [ 151.16936105291299, -33.889296185385533 ], [ 151.1693569, -33.8892617 ], [ 151.169885327386623, -33.889223592604743 ], [ 151.169288599999987, -33.8890656 ], [ 151.169260400000041, -33.8888387 ], [ 151.1699353, -33.88879 ], [ 151.170222609301049, -33.888861736597484 ], [ 151.170257509951739, -33.889048036535598 ], [ 151.170065676063359, -33.889071179987546 ], [ 151.170068609929075, -33.889095236975884 ], [ 151.170036129867412, -33.88909797258507 ], [ 151.17005026958438, -33.889209569123068 ], [ 151.17078, -33.8891501 ], [ 151.170907074788374, -33.889172316081243 ], [ 151.1709028, -33.8891376 ], [ 151.17103218147804, -33.889150746899652 ], [ 151.171027144991399, -33.889106101863284 ], [ 151.1704334, -33.8889705 ], [ 151.1704052, -33.8887437 ], [ 151.1705986, -33.8887229 ], [ 151.170708721206609, -33.888750394991916 ], [ 151.1707021, -33.8887023 ], [ 151.1714483, -33.8886538 ], [ 151.171687393609318, -33.888713494836118 ], [ 151.171705935580462, -33.888679611932837 ], [ 151.171088555500774, -33.888552003548703 ], [ 151.171050220033209, -33.888555119110201 ], [ 151.171062682274083, -33.888655341831722 ], [ 151.170936982102347, -33.88866454239448 ], [ 151.1703809, -33.8885257 ], [ 151.1703527, -33.8882988 ], [ 151.1704784, -33.8882897 ], [ 151.170698036746387, -33.888344539122002 ], [ 151.170691299999987, -33.8882823 ], [ 151.170802858641196, -33.88829132268252 ], [ 151.17079050000001, -33.8881755 ], [ 151.1715936, -33.8881254 ], [ 151.171948630187217, -33.888214040707474 ], [ 151.1719625, -33.8881103 ], [ 151.172445709281533, -33.88821983140749 ], [ 151.172430740270613, -33.88831663701405 ], [ 151.172773472148094, -33.88838799114383 ], [ 151.172777200000013, -33.8883687 ], [ 151.173088290073224, -33.88842065322121 ], [ 151.173096497460904, -33.888394417975618 ], [ 151.17280070000001, -33.8883145 ], [ 151.172830299999987, -33.8882422 ], [ 151.172900671175483, -33.888255434224547 ], [ 151.172801600000014, -33.8882307 ], [ 151.1728355, -33.888054299999979 ], [ 151.172964516862976, -33.888071410505205 ], [ 151.172837710518792, -33.888026048818254 ], [ 151.172516708838003, -33.888065731228409 ], [ 151.1722294, -33.887994 ], [ 151.172194700000034, -33.8876901 ], [ 151.172347648179141, -33.887670922751916 ], [ 151.172196013688819, -33.887633064504762 ], [ 151.171970913357342, -33.88764746554569 ], [ 151.171478685131774, -33.887524569550301 ], [ 151.171504894824011, -33.887789700848934 ], [ 151.171400094579269, -33.887796801630699 ], [ 151.170882203452095, -33.887667495823834 ], [ 151.170901193459201, -33.887834805353663 ], [ 151.170651592899787, -33.887853907216275 ], [ 151.169894973800382, -33.887664990626753 ], [ 151.169910215926365, -33.887900813631425 ], [ 151.16983171577067, -33.887907614176441 ], [ 151.168969800000013, -33.8876924 ], [ 151.1689418, -33.8873034 ], [ 151.169021500000014, -33.8872966 ], [ 151.169741972366126, -33.88747649765034 ], [ 151.1698738, -33.8872002 ], [ 151.170449775578618, -33.88732740577862 ], [ 151.1704331, -33.8871587 ], [ 151.1705379, -33.8871516 ], [ 151.171431696608096, -33.887374763278849 ], [ 151.1715275, -33.8871691 ], [ 151.171592030866492, -33.887185211762699 ], [ 151.171585599999986, -33.8871207 ], [ 151.1716958, -33.8871123 ], [ 151.172196631233675, -33.887237343472876 ], [ 151.172223600000024, -33.8871694 ], [ 151.172782399999988, -33.8870934 ], [ 151.172955714458425, -33.887108087449967 ], [ 151.172944300000012, -33.8870723 ], [ 151.17297188623175, -33.887068290571328 ], [ 151.1728798, -33.8870453 ], [ 151.1728671, -33.8869916 ], [ 151.172926214335632, -33.886981943023663 ], [ 151.1728569, -33.8869132 ], [ 151.172870264928093, -33.88683990141616 ], [ 151.172601500000013, -33.8867728 ], [ 151.1727659, -33.886381299999989 ], [ 151.1729167, -33.8863566 ], [ 151.173019569675432, -33.886382282944325 ], [ 151.173008800000019, -33.8863436 ], [ 151.173994146343546, -33.886170910125543 ], [ 151.1737307, -33.8860943 ], [ 151.173668, -33.8859219 ], [ 151.173711891106109, -33.885913202162591 ], [ 151.17357770000001, -33.8858797 ], [ 151.1735368, -33.8857576 ], [ 151.173884, -33.8856437 ], [ 151.174383229630223, -33.885703644571151 ], [ 151.174461689557916, -33.88565387494495 ], [ 151.174179400000014, -33.8855834 ], [ 151.1740821, -33.8855189 ], [ 151.1740168, -33.885425199999986 ], [ 151.174104878613974, -33.885370869563239 ], [ 151.1739584, -33.885334299999982 ], [ 151.1738148, -33.8851463 ], [ 151.173911800000013, -33.8848349 ], [ 151.1741705, -33.8848328 ], [ 151.174745100909064, -33.884976252220589 ], [ 151.174770875530697, -33.885005118523772 ], [ 151.174955205891706, -33.884887596218739 ], [ 151.1747245, -33.88483 ], [ 151.174325300000021, -33.884396 ], [ 151.174545546108078, -33.884256390126168 ], [ 151.174186099999986, -33.884163299999976 ], [ 151.1742363, -33.884042 ], [ 151.174338999083091, -33.884067639756545 ], [ 151.1742363, -33.884039199999989 ], [ 151.1742854, -33.8839353 ], [ 151.174333149417947, -33.883947221079389 ], [ 151.174288, -33.8839319 ], [ 151.174324, -33.883847299999985 ], [ 151.174359949045993, -33.883856275006245 ], [ 151.174327299999987, -33.883845099999988 ], [ 151.174367, -33.8837457 ], [ 151.174388985365567, -33.883751188845174 ], [ 151.174366600000013, -33.8837435 ], [ 151.174390499999987, -33.883692 ], [ 151.174439600435988, -33.883704258357703 ], [ 151.174392, -33.8836886 ], [ 151.1744155, -33.8836394 ], [ 151.174444162564129, -33.883646555862654 ], [ 151.1744155, -33.8836369 ], [ 151.174438, -33.883586 ], [ 151.174467066588647, -33.883593256729043 ], [ 151.1744742, -33.883544299999969 ], [ 151.174514114549652, -33.883554265007128 ], [ 151.1744605, -33.8835372 ], [ 151.174484299999989, -33.883485199999974 ], [ 151.174514185642948, -33.883492661208415 ], [ 151.174485, -33.8834834 ], [ 151.1745081, -33.88343230000001 ], [ 151.174532822183238, -33.883438472104885 ], [ 151.174534, -33.8833858 ], [ 151.174592199779823, -33.883400330058045 ], [ 151.174533, -33.8833813 ], [ 151.17455720000001, -33.8833242 ], [ 151.17528409645476, -33.883538424396832 ], [ 151.175260796618943, -33.883594624456158 ], [ 151.175130531663712, -33.883562103519253 ], [ 151.175105159863335, -33.883605992079062 ], [ 151.175132296564442, -33.883614924754433 ], [ 151.175116138121581, -33.883648375810473 ], [ 151.17525475812991, -33.8836929221671 ], [ 151.17522705840048, -33.883743022300351 ], [ 151.175169627862914, -33.883728684662721 ], [ 151.17526915859446, -33.883761222116014 ], [ 151.175249358857741, -33.883807922213343 ], [ 151.175208744687126, -33.883797782830094 ], [ 151.175246758870941, -33.883810722225476 ], [ 151.175233861895151, -33.883841157154137 ], [ 151.175784596266595, -33.883978647228666 ], [ 151.17587157595608, -33.884073230333328 ], [ 151.175864400000023, -33.8840546 ], [ 151.176131300000037, -33.8839837 ], [ 151.176695472049147, -33.884124540052227 ], [ 151.176681485023749, -33.884083563739601 ], [ 151.1758228, -33.883869199999971 ], [ 151.175697050405802, -33.883814307554061 ], [ 151.175688515165575, -33.88377487307956 ], [ 151.175724056800561, -33.883753939376049 ], [ 151.175667810027363, -33.883735333405845 ], [ 151.175659274806804, -33.883695898929545 ], [ 151.175699691401093, -33.883674231272259 ], [ 151.175762789176389, -33.883688857460193 ], [ 151.17563574377246, -33.883633471467128 ], [ 151.175629258900358, -33.883529510991927 ], [ 151.175661431943695, -33.883481580367629 ], [ 151.175789549312299, -33.883495134338439 ], [ 151.175371829120479, -33.88339085083993 ], [ 151.175317792293157, -33.883512749288421 ], [ 151.1745612, -33.8833131 ], [ 151.1747388, -33.8829149 ], [ 151.175296142463878, -33.883054043507798 ], [ 151.17532982507467, -33.882994542424079 ], [ 151.175447618319453, -33.88297274834914 ], [ 151.175525163910123, -33.882914834594978 ], [ 151.174762, -33.8827215 ], [ 151.1748656, -33.8824663 ], [ 151.174956400000013, -33.8824128 ], [ 151.175883153196992, -33.882644166631948 ], [ 151.175929653526282, -33.882661666291767 ], [ 151.17589063685935, -33.882746054066487 ], [ 151.176364403740422, -33.882864328047582 ], [ 151.1763095498506, -33.882830846236025 ], [ 151.176355103895077, -33.882789493616052 ], [ 151.176332929156786, -33.882760321473043 ], [ 151.176354554549192, -33.882732776599433 ], [ 151.176268355562883, -33.882669354736628 ], [ 151.176271692101153, -33.882604857490051 ], [ 151.176299192431458, -33.882582721256504 ], [ 151.176421183183379, -33.882605887403102 ], [ 151.176239436072024, -33.88256051519749 ], [ 151.176213456613169, -33.882526806780028 ], [ 151.176266863125505, -33.882451746790352 ], [ 151.176425239304535, -33.882434489852272 ], [ 151.176400792345845, -33.882402076831099 ], [ 151.176164522500301, -33.882328969619969 ], [ 151.176176565957974, -33.882234009933285 ], [ 151.176130797251574, -33.882216878773129 ], [ 151.17612012810639, -33.882167585703662 ], [ 151.176225996809222, -33.882142690209548 ], [ 151.176181813611663, -33.882114005674921 ], [ 151.176161822832825, -33.882042081119366 ], [ 151.176196103074744, -33.881978909480324 ], [ 151.176115260603012, -33.881948134731878 ], [ 151.176125402579942, -33.881856377679128 ], [ 151.176519742768363, -33.881945362119822 ], [ 151.17652392915744, -33.881996673963691 ], [ 151.177056100201327, -33.882115111547286 ], [ 151.1770345, -33.8820883 ], [ 151.177076253214352, -33.882065118623288 ], [ 151.176969137692339, -33.882022489442839 ], [ 151.176991235324124, -33.881972747274638 ], [ 151.17676290677079, -33.881914959851301 ], [ 151.176758116366898, -33.881892828182593 ], [ 151.177180739775224, -33.882007107584684 ], [ 151.17720756866467, -33.881992212131976 ], [ 151.1768462, -33.881902 ], [ 151.176835974814253, -33.88183429502395 ], [ 151.176736975189726, -33.881799371979078 ], [ 151.176831256744293, -33.881803054796656 ], [ 151.176076783107476, -33.881602674890352 ], [ 151.176109626341429, -33.881543597076309 ], [ 151.176030288657188, -33.881496567678688 ], [ 151.176074288683537, -33.881461149766551 ], [ 151.1768070787206, -33.881642962129568 ], [ 151.176704726866205, -33.881590073970479 ], [ 151.176056263079715, -33.881425334370704 ], [ 151.176056941452202, -33.881393463264423 ], [ 151.176106545747899, -33.881394020451431 ], [ 151.176130361722926, -33.881361187320465 ], [ 151.176103439405296, -33.881336059852515 ], [ 151.176489136143459, -33.881436613229766 ], [ 151.176503442999916, -33.881340053083171 ], [ 151.176047936276007, -33.881209591363991 ], [ 151.176562243017401, -33.881317718493186 ], [ 151.176010544944774, -33.881175423799085 ], [ 151.176023701181919, -33.881113337503891 ], [ 151.175991445466877, -33.881081464895992 ], [ 151.176029945311711, -33.881050474228289 ], [ 151.176533295882962, -33.881174525082997 ], [ 151.176489661508953, -33.881147743017706 ], [ 151.176495374431596, -33.881110625250997 ], [ 151.176007501484207, -33.880987116572385 ], [ 151.176033427074714, -33.880942768429698 ], [ 151.176466635980034, -33.881035570276111 ], [ 151.176005334877033, -33.880916208107806 ], [ 151.175980974922538, -33.880831799739504 ], [ 151.176015280313635, -33.880806520786614 ], [ 151.176259673092602, -33.880857854072538 ], [ 151.175991273636299, -33.880790847884455 ], [ 151.175944492577173, -33.880709338325417 ], [ 151.176079112790802, -33.880670669977491 ], [ 151.176748804452671, -33.880836309326632 ], [ 151.176406130088736, -33.880734965345816 ], [ 151.176367161586512, -33.880684402780403 ], [ 151.176433160762429, -33.880631275691059 ], [ 151.176764700011233, -33.880699041592059 ], [ 151.176581707724608, -33.880647082567975 ], [ 151.17658464980633, -33.880576188628325 ], [ 151.175954295875414, -33.880418820431046 ], [ 151.175895121452839, -33.880309145182878 ], [ 151.175919880935425, -33.880261690077901 ], [ 151.175977620385737, -33.880242736627729 ], [ 151.176409298697592, -33.880348394619247 ], [ 151.176492516524263, -33.880295897240075 ], [ 151.176927990777017, -33.880384092304361 ], [ 151.176515448225331, -33.88028110231334 ], [ 151.176495964032398, -33.880255821049907 ], [ 151.176528963420878, -33.880229257467008 ], [ 151.177015759336314, -33.880328926431091 ], [ 151.177091713832425, -33.880322551442887 ], [ 151.17668805013875, -33.880230565144871 ], [ 151.176540072553507, -33.880179026808577 ], [ 151.176540731320131, -33.880140967733951 ], [ 151.175932829652936, -33.879989203914498 ], [ 151.175903603725658, -33.879951281890079 ], [ 151.175934425078282, -33.879914249009055 ], [ 151.176022928036105, -33.879927602169055 ], [ 151.176066805567359, -33.879892650915025 ], [ 151.176583082129099, -33.880020414094702 ], [ 151.176609032450159, -33.879977235364578 ], [ 151.176985318527016, -33.880070329584854 ], [ 151.1769333, -33.8800303 ], [ 151.176968568976264, -33.879950760703281 ], [ 151.176642494603499, -33.879832370909604 ], [ 151.176669993917926, -33.879810234551307 ], [ 151.176966599737796, -33.879864282672919 ], [ 151.176662207226542, -33.879788291869069 ], [ 151.176629733679192, -33.879746156467725 ], [ 151.176654438639304, -33.879710123742576 ], [ 151.176560303377101, -33.879679776763595 ], [ 151.176543045022186, -33.879645506576807 ], [ 151.17606866733081, -33.879520712653097 ], [ 151.176545604212436, -33.879627899037189 ], [ 151.176557268003052, -33.879608888803958 ], [ 151.176430358082001, -33.879547193285674 ], [ 151.176435169823094, -33.879437923516853 ], [ 151.1764857702386, -33.8793971912133 ], [ 151.177133801492545, -33.879528849182819 ], [ 151.177082083956122, -33.879447211176952 ], [ 151.17711724286599, -33.879410210228123 ], [ 151.177092701941575, -33.879367586085841 ], [ 151.177037987524557, -33.879298016872283 ], [ 151.176274514135542, -33.879107415439073 ], [ 151.176202697450634, -33.879045350257158 ], [ 151.176204532798977, -33.878959107624212 ], [ 151.176278944881005, -33.878899207296527 ], [ 151.176453652587213, -33.878916785443025 ], [ 151.17630078692406, -33.878868352740781 ], [ 151.176273517935869, -33.878810562950619 ], [ 151.176303228497488, -33.878753616694027 ], [ 151.176400679456577, -33.878735980044176 ], [ 151.176438689315461, -33.878689740833813 ], [ 151.177301209938577, -33.87890436495762 ], [ 151.177331746111179, -33.878897356668489 ], [ 151.176523008791264, -33.878703305056291 ], [ 151.176529766241913, -33.878677382622527 ], [ 151.176803119265571, -33.878745203380674 ], [ 151.176716885779285, -33.878707234086718 ], [ 151.176695028446346, -33.878663081789831 ], [ 151.176495192366417, -33.878607487112632 ], [ 151.176484523361182, -33.878558194055195 ], [ 151.176555395118783, -33.878524647281452 ], [ 151.176821053073326, -33.878585449608273 ], [ 151.176557557156656, -33.87849925034007 ], [ 151.176621469356633, -33.878479559860793 ], [ 151.176628500883254, -33.878449733261149 ], [ 151.176684692264416, -33.878459876237663 ], [ 151.176701751275061, -33.878403586701523 ], [ 151.176774031736102, -33.878403209779229 ], [ 151.176710195379087, -33.878342443415562 ], [ 151.176775344042198, -33.878279369631635 ], [ 151.177057718826944, -33.878344036603728 ], [ 151.17704410000016, -33.878292762025445 ], [ 151.176937627658816, -33.878252569874853 ], [ 151.176959626631799, -33.878234860716333 ], [ 151.177044100000074, -33.878255386475999 ], [ 151.177087215009266, -33.878193739459121 ], [ 151.176934503600478, -33.878138869960836 ], [ 151.177099218477366, -33.878178048341766 ], [ 151.1771896, -33.8780599 ], [ 151.177573772974227, -33.878155807534597 ], [ 151.177451728556719, -33.87804315960426 ], [ 151.176807854036241, -33.877882416750865 ], [ 151.176782812233796, -33.877933406813113 ], [ 151.1764373, -33.877841099999976 ], [ 151.176467699999989, -33.8777792 ], [ 151.176763040552146, -33.877854485738723 ], [ 151.176809820200248, -33.877706925168233 ], [ 151.17688342793366, -33.877671362429325 ], [ 151.17682668177676, -33.877608260917086 ], [ 151.17686035872282, -33.877530290136889 ], [ 151.176765093801919, -33.877480025473844 ], [ 151.176766194607495, -33.87742827986483 ], [ 151.176810840815023, -33.877392339427942 ], [ 151.177751915727214, -33.877612708034306 ], [ 151.177725550210312, -33.877581963060088 ], [ 151.176673993080755, -33.877317850304536 ], [ 151.176666187340686, -33.877251343209011 ], [ 151.176750540364878, -33.87726057584814 ], [ 151.176767549086179, -33.877222937933311 ], [ 151.176588945136842, -33.877162459630469 ], [ 151.17663501265352, -33.877087365818937 ], [ 151.176514748768113, -33.877013693378004 ], [ 151.17653396179395, -33.876952865600714 ], [ 151.176507213585751, -33.876904320011349 ], [ 151.176555811112337, -33.876861314750741 ], [ 151.176481579746735, -33.876828658871212 ], [ 151.176491786935344, -33.876789501845167 ], [ 151.176539003100686, -33.876782371543875 ], [ 151.176515615432464, -33.876745131855742 ], [ 151.176558289005328, -33.876731123019709 ], [ 151.177359042368124, -33.876946699300504 ], [ 151.177388267994019, -33.876984620984537 ], [ 151.177364209397581, -33.877018029218412 ], [ 151.177507233362036, -33.877053735006413 ], [ 151.177513620545739, -33.87708324387777 ], [ 151.177268613421973, -33.877035657387282 ], [ 151.177822755405259, -33.877216462487809 ], [ 151.178218501528761, -33.877293961614079 ], [ 151.178135666552379, -33.877263938679675 ], [ 151.179081717071682, -33.877504964347594 ], [ 151.179327295672039, -33.877554294431512 ], [ 151.179343867929134, -33.87752456552051 ], [ 151.17957823791869, -33.877582508250789 ], [ 151.179545129206161, -33.877552311702154 ], [ 151.179129239992051, -33.877435792478082 ], [ 151.179267005857525, -33.877427665158244 ], [ 151.179544175373167, -33.877486219433983 ], [ 151.179268196356077, -33.877408923923582 ], [ 151.179264532322634, -33.877345294127061 ], [ 151.179352560227841, -33.877360172819557 ], [ 151.179357865659597, -33.877331642603195 ], [ 151.179126890324483, -33.877273413183907 ], [ 151.179420275819382, -33.877307188942737 ], [ 151.179136593914194, -33.877216869442108 ], [ 151.17929845178503, -33.877230396439209 ], [ 151.179180167573833, -33.877168677372417 ], [ 151.17915711815786, -33.877133776188899 ], [ 151.179202752227354, -33.877123049096689 ], [ 151.179136510897223, -33.877101279616959 ], [ 151.179201445908092, -33.877113379159589 ], [ 151.17910871759031, -33.877066085988119 ], [ 151.179167703226824, -33.877072675589432 ], [ 151.179153466133585, -33.877055501465357 ], [ 151.179045785315566, -33.877028620645028 ], [ 151.179017237089084, -33.876981491437228 ], [ 151.179100941681924, -33.87699041401666 ], [ 151.178873426677342, -33.876930774120844 ], [ 151.17894349833324, -33.876940688121408 ], [ 151.178897373818188, -33.876923102670645 ], [ 151.178925045482316, -33.876914121569911 ], [ 151.179068325672432, -33.876949748634814 ], [ 151.179021380871689, -33.876891155323847 ], [ 151.178951669195328, -33.876871519946789 ], [ 151.178702721461548, -33.876990105492155 ], [ 151.176866753220054, -33.87655594948594 ], [ 151.176852760177866, -33.876508546720949 ], [ 151.176895433581478, -33.876494537761879 ], [ 151.178101656094697, -33.876795670515563 ], [ 151.178041369769716, -33.876721216419625 ], [ 151.17651220161261, -33.876339457918732 ], [ 151.176478335612472, -33.876395059597606 ], [ 151.176706734950415, -33.876462548240234 ], [ 151.176468455579453, -33.876411280759648 ], [ 151.17645068405352, -33.876440458255495 ], [ 151.176760697261017, -33.876552652566076 ], [ 151.176642613710015, -33.876529113266955 ], [ 151.176585439322253, -33.876548852251346 ], [ 151.175936755634467, -33.87638690134991 ], [ 151.175926400712342, -33.876326586895097 ], [ 151.17567141678353, -33.87622806845534 ], [ 151.175712300656357, -33.876220728976186 ], [ 151.1756366, -33.8761833 ], [ 151.175665228877875, -33.876142362008267 ], [ 151.175448877357127, -33.876084352369652 ], [ 151.175441409648528, -33.87604984717381 ], [ 151.175476770978378, -33.876030887912187 ], [ 151.175704170609976, -33.876086677027821 ], [ 151.175728022647831, -33.876052569609143 ], [ 151.175382903286788, -33.875949659088562 ], [ 151.175748563043243, -33.876023197674321 ], [ 151.17532840664407, -33.875918297867756 ], [ 151.175322020286188, -33.875888788905421 ], [ 151.175770815404661, -33.875991377669571 ], [ 151.1758629, -33.8758597 ], [ 151.176150172067082, -33.875931421643365 ], [ 151.176605773224793, -33.876150520614949 ], [ 151.176576441629976, -33.876219391788737 ], [ 151.17670993901811, -33.876252720483215 ], [ 151.176693397785868, -33.876165058110644 ], [ 151.176821759526632, -33.876147285809616 ], [ 151.177766848796125, -33.876382178860126 ], [ 151.177671562808399, -33.876264498474512 ], [ 151.175909684875563, -33.875859290595685 ], [ 151.175880712635973, -33.875803730254916 ], [ 151.17506578604042, -33.875581693522896 ], [ 151.175071514854636, -33.875559717607373 ], [ 151.175129570183941, -33.875571298467996 ], [ 151.175127711323427, -33.87550297658084 ], [ 151.175003050846811, -33.875448901410998 ], [ 151.17504269877449, -33.87537290740314 ], [ 151.175277273338907, -33.875418847031682 ], [ 151.175531075328252, -33.875414075755032 ], [ 151.175018393335222, -33.875279797558861 ], [ 151.175006658727426, -33.875225575072903 ], [ 151.175062226118257, -33.875195782122432 ], [ 151.175323706564882, -33.875259518589615 ], [ 151.1755154205037, -33.875240207037194 ], [ 151.175083152142093, -33.875132281481555 ], [ 151.175029807979854, -33.875063107436922 ], [ 151.175088946946829, -33.875008186175094 ], [ 151.175706351845093, -33.875150508333199 ], [ 151.175087062824275, -33.874991854706863 ], [ 151.175041723934527, -33.874955346183619 ], [ 151.175086574558605, -33.874919275591282 ], [ 151.175016524899632, -33.874882918725561 ], [ 151.175046069992703, -33.874825825503422 ], [ 151.174976974229452, -33.874783857800409 ], [ 151.174978002550944, -33.874735561925704 ], [ 151.175019671657651, -33.874702018089501 ], [ 151.175802886608835, -33.874883966688778 ], [ 151.175823880660062, -33.8748658832546 ], [ 151.177160250614492, -33.875223285027417 ], [ 151.17717110000001, -33.8751338 ], [ 151.177226345975527, -33.875138334790847 ], [ 151.17725775109858, -33.87509777568895 ], [ 151.177187542717803, -33.875074542641805 ], [ 151.177176873655071, -33.875025249618865 ], [ 151.177247994657108, -33.875001901109208 ], [ 151.178174675640548, -33.875233248322978 ], [ 151.178193476754245, -33.875303616336531 ], [ 151.17838191346155, -33.875359216415227 ], [ 151.178394467216378, -33.87543730269617 ], [ 151.178813095928234, -33.875541810244179 ], [ 151.178825717446074, -33.875517054983035 ], [ 151.178688099999988, -33.8754827 ], [ 151.178685699999988, -33.8754598 ], [ 151.17878730000001, -33.8754524 ], [ 151.179230259990788, -33.875554625213148 ], [ 151.179163028173519, -33.875508044953762 ], [ 151.179222962303726, -33.875507957647073 ], [ 151.1787156, -33.875381299999987 ], [ 151.1787128, -33.875354 ], [ 151.178780328894078, -33.875349750403601 ], [ 151.178647250826657, -33.875303406808214 ], [ 151.178612406376374, -33.875229564902071 ], [ 151.178650366181472, -33.875156799360369 ], [ 151.178697715470207, -33.875133936679312 ], [ 151.177948468417071, -33.874946890005234 ], [ 151.177917934958117, -33.874982829474661 ], [ 151.177859335820756, -33.874976942155328 ], [ 151.177824597702283, -33.875020766685111 ], [ 151.178400065675731, -33.875164431070594 ], [ 151.178430857906505, -33.875229686012851 ], [ 151.178352624909991, -33.875255370126453 ], [ 151.177147939651576, -33.874954619130314 ], [ 151.177112220373232, -33.874908270352471 ], [ 151.177137154357155, -33.874869835007928 ], [ 151.176038745076085, -33.874595603594372 ], [ 151.176189548740155, -33.87464006125149 ], [ 151.176218873590784, -33.87469388213858 ], [ 151.175712824782295, -33.874584517589078 ], [ 151.17541947133472, -33.874478110188235 ], [ 151.175439971161722, -33.874453477489041 ], [ 151.175658319593111, -33.874500623017624 ], [ 151.175567548330719, -33.874477960014282 ], [ 151.17554158890033, -33.874444332165744 ], [ 151.175034273984807, -33.87431377595184 ], [ 151.175258755012806, -33.874351135631798 ], [ 151.175284890545072, -33.874334225482954 ], [ 151.175561972028675, -33.874402701651732 ], [ 151.175493116505521, -33.874340464492661 ], [ 151.175173379142336, -33.874250425657884 ], [ 151.175490738535302, -33.874311839003653 ], [ 151.175525527607562, -33.874261330546858 ], [ 151.175024512749843, -33.874142020234288 ], [ 151.175231100189109, -33.874178443312907 ], [ 151.175236257853157, -33.874156169922436 ], [ 151.17514858877081, -33.874125077859773 ], [ 151.175417067510352, -33.874170697068706 ], [ 151.175232937108376, -33.874114709616833 ], [ 151.175234000898541, -33.874064739651814 ], [ 151.17576373958525, -33.874191173346318 ], [ 151.175024168341054, -33.874000037499769 ], [ 151.175033178289226, -33.87396547434281 ], [ 151.175427919088065, -33.874059605922021 ], [ 151.17540756499568, -33.874025664886588 ], [ 151.175440935445465, -33.873983239191993 ], [ 151.175612816264362, -33.874021296611168 ], [ 151.175604273971459, -33.873964126987872 ], [ 151.17564296613449, -33.873932978920998 ], [ 151.175757465321425, -33.873948938828079 ], [ 151.175815657331071, -33.873919351869098 ], [ 151.176684595232388, -33.874122355773252 ], [ 151.176176013583557, -33.873995380519503 ], [ 151.176177768772021, -33.873953607979892 ], [ 151.175860649061661, -33.873867627186343 ], [ 151.176220817212624, -33.873945667971078 ], [ 151.176174359970162, -33.87390540125206 ], [ 151.175807007434543, -33.873831700201983 ], [ 151.175686590270487, -33.87377277983633 ], [ 151.175647702062349, -33.873699005420789 ], [ 151.175685781422743, -33.873655738730172 ], [ 151.175622721253063, -33.873613512745962 ], [ 151.175623234955196, -33.87356402143714 ], [ 151.17512326855973, -33.873079513415227 ], [ 151.1743222, -33.8728795 ], [ 151.1732389, -33.8721403 ], [ 151.173268400000012, -33.8721045 ], [ 151.174478066735588, -33.872406649368699 ], [ 151.175054846561125, -33.872752031387904 ], [ 151.175316387354371, -33.872673516415546 ], [ 151.175247938520357, -33.872639413009807 ], [ 151.175272336249691, -33.872592647368805 ], [ 151.175473957308498, -33.872635217113405 ], [ 151.175503802743151, -33.872593963732136 ], [ 151.175561493855241, -33.872597088574025 ], [ 151.175011399999988, -33.8724884 ], [ 151.175020500000016, -33.8724455 ], [ 151.175667178264518, -33.872578886676983 ], [ 151.175206138200735, -33.87246377506461 ], [ 151.175162134117926, -33.872391961529431 ], [ 151.175187912842745, -33.872359909806541 ], [ 151.174815, -33.8722668 ], [ 151.1747527, -33.8722256 ], [ 151.1747909, -33.872185200000025 ], [ 151.175577907730371, -33.872381700834303 ], [ 151.175612047762144, -33.872376903195544 ], [ 151.175608425729308, -33.872297372554129 ], [ 151.175679339253293, -33.872286694332104 ], [ 151.176142662176204, -33.872402374187494 ], [ 151.176181627007367, -33.872452936760027 ], [ 151.176126947844494, -33.872504360328641 ], [ 151.176295863128246, -33.872552809261506 ], [ 151.176289028035427, -33.87262579086957 ], [ 151.176615757741331, -33.872742759466192 ], [ 151.176639996513927, -33.872792151062818 ], [ 151.176902501613256, -33.872859971587459 ], [ 151.176886563548607, -33.872890522942654 ], [ 151.17653275993186, -33.872802753197384 ], [ 151.176563720975281, -33.872841557754796 ], [ 151.176767636040495, -33.872905590271451 ], [ 151.176802391208241, -33.87297976571741 ], [ 151.177011198615901, -33.873015759161881 ], [ 151.176945500359295, -33.872997645185983 ], [ 151.176963635547281, -33.872975852745981 ], [ 151.177490929374869, -33.873121109036944 ], [ 151.177111753120585, -33.87301108023847 ], [ 151.177032768692584, -33.872948950168706 ], [ 151.177098139305343, -33.872875536467895 ], [ 151.177162744036252, -33.872857838325196 ], [ 151.177504769363026, -33.872941821003465 ], [ 151.177596017569357, -33.872836424780999 ], [ 151.177562877385441, -33.872781050012655 ], [ 151.177626884501279, -33.87276003608968 ], [ 151.178291135086397, -33.872931004148015 ], [ 151.17827395171318, -33.872996932468311 ], [ 151.178098264659326, -33.872961813694118 ], [ 151.178116794796125, -33.872993543088405 ], [ 151.178084493091234, -33.873036247892415 ], [ 151.178116322500387, -33.873079233002024 ], [ 151.178312662337163, -33.873149220560244 ], [ 151.178323331875418, -33.873198513512889 ], [ 151.17826169965997, -33.87322358313201 ], [ 151.178452964708782, -33.873271332534038 ], [ 151.178629612454841, -33.873222957547689 ], [ 151.179926946611062, -33.873546826557813 ], [ 151.18006777491189, -33.873607809060552 ], [ 151.180097207646043, -33.873592283691764 ], [ 151.18001237377581, -33.873568824194635 ], [ 151.180018436916384, -33.873540366290705 ], [ 151.179802167263659, -33.87348637759564 ], [ 151.179750180575013, -33.873433055650629 ], [ 151.17881381184759, -33.873199298616704 ], [ 151.178769609501899, -33.873118807329085 ], [ 151.178568882842598, -33.873061397138891 ], [ 151.178588804728037, -33.873023207649965 ], [ 151.178739307583555, -33.873057745029953 ], [ 151.178674432699779, -33.873007520915259 ], [ 151.178702217949478, -33.87296983438393 ], [ 151.178652982483328, -33.87286211436389 ], [ 151.178685909312662, -33.872794197652858 ], [ 151.178538392347434, -33.872886917967726 ], [ 151.177821966737469, -33.872735355289429 ], [ 151.177722758491541, -33.872637622865888 ], [ 151.17777069729118, -33.872580015209927 ], [ 151.177862001323774, -33.872589211273933 ], [ 151.177800566217144, -33.872549641862001 ], [ 151.177789897044846, -33.872500348871704 ], [ 151.177840410383141, -33.872473263137373 ], [ 151.178042654950104, -33.872502793988815 ], [ 151.178058278739996, -33.872473831994945 ], [ 151.177975752416046, -33.87242260337969 ], [ 151.178025246133274, -33.872382757187054 ], [ 151.178234356371689, -33.872433695774738 ], [ 151.178232432927871, -33.872385479535872 ], [ 151.178156471683764, -33.872332487216291 ], [ 151.178211464550486, -33.872288213581299 ], [ 151.178479600659557, -33.872338410996868 ], [ 151.178626506042406, -33.872337330745488 ], [ 151.179182499437843, -33.872476133229391 ], [ 151.179337280859727, -33.87256191469038 ], [ 151.179334612892291, -33.872685901495757 ], [ 151.179567927345715, -33.872696271038386 ], [ 151.179599623769178, -33.87266585066952 ], [ 151.179440241202798, -33.872615853687172 ], [ 151.179620298953864, -33.872642980557508 ], [ 151.1796231182702, -33.872615744857477 ], [ 151.179509134487489, -33.872573678521988 ], [ 151.179575862068674, -33.872566572455803 ], [ 151.179589273868373, -33.87249049563939 ], [ 151.179375321388079, -33.87243772176523 ], [ 151.179360482599463, -33.87248783712414 ], [ 151.179318144723965, -33.872501737647688 ], [ 151.1786468195331, -33.87233569156087 ], [ 151.178530840829438, -33.872135113181137 ], [ 151.178576302438756, -33.872110735733031 ], [ 151.178784296861807, -33.872148443640953 ], [ 151.178656782431034, -33.872093876616006 ], [ 151.178657865898629, -33.872042882694657 ], [ 151.178869441994891, -33.872076780325031 ], [ 151.178900625400559, -33.872047364271815 ], [ 151.178952962201521, -33.872050716801006 ], [ 151.17896224876759, -33.872018289037769 ], [ 151.178890077927264, -33.871979086634468 ], [ 151.17890538604567, -33.871920350668617 ], [ 151.178951572565808, -33.8719051866059 ], [ 151.179140551457351, -33.87195067576635 ], [ 151.179063126084088, -33.871887695548942 ], [ 151.179064078713026, -33.871842849256367 ], [ 151.179129745038608, -33.871807637080693 ], [ 151.17931525124223, -33.87185211830149 ], [ 151.179248696631532, -33.871775309422176 ], [ 151.179289785743009, -33.871725930874412 ], [ 151.17961053173093, -33.871794347446389 ], [ 151.179567309542108, -33.871687228928813 ], [ 151.179634972502413, -33.87155751569599 ], [ 151.179792775306083, -33.871505704100244 ], [ 151.180027492272899, -33.871558528413125 ], [ 151.1799909524089, -33.871463815502324 ], [ 151.180007973859716, -33.871398501773939 ], [ 151.180121065946565, -33.871307449195548 ], [ 151.18019991934699, -33.871295572223609 ], [ 151.180484532804286, -33.871361274057406 ], [ 151.180492192459639, -33.871325364202185 ], [ 151.180533557933927, -33.871319133575902 ], [ 151.181182213543195, -33.871481059414663 ], [ 151.181204580366654, -33.871508871000664 ], [ 151.181985409992961, -33.871673368847489 ], [ 151.182097214750996, -33.871723503749649 ], [ 151.182107216499645, -33.871766342478239 ], [ 151.182316857944443, -33.871818673178851 ], [ 151.182425078031201, -33.871911787897197 ], [ 151.182522854208912, -33.871939617553359 ], [ 151.182511400938466, -33.871983570243408 ], [ 151.182438623077815, -33.871971231546432 ], [ 151.18248515365903, -33.872024435347576 ], [ 151.182474949856442, -33.872063593007873 ], [ 151.182398057639176, -33.872074358452274 ], [ 151.183056088782195, -33.872240894604097 ], [ 151.183040152999467, -33.872271446834496 ], [ 151.182902744423643, -33.872237710976066 ], [ 151.182989023113322, -33.872301892885787 ], [ 151.182961527866325, -33.872324030813658 ], [ 151.182894585693816, -33.872308024955821 ], [ 151.182883318459631, -33.872339270521806 ], [ 151.183091885179806, -33.872391331215887 ], [ 151.183188300000012, -33.8723668 ], [ 151.183368354643761, -33.872407387906414 ], [ 151.1833265, -33.8723533 ], [ 151.183402199999989, -33.8722755 ], [ 151.183558732027592, -33.87229399007753 ], [ 151.183510399999989, -33.8722496 ], [ 151.1836036, -33.8721797 ], [ 151.18367117030084, -33.872196565979735 ], [ 151.1837382, -33.8721385 ], [ 151.183785243161424, -33.872150242227768 ], [ 151.183797743583568, -33.872116227463131 ], [ 151.183388917922656, -33.87198581489632 ], [ 151.183435048100591, -33.87189820663643 ], [ 151.183516131041699, -33.871851077447388 ], [ 151.183814361223739, -33.871882024737708 ], [ 151.183774694998135, -33.871826216641388 ], [ 151.183545476192648, -33.87176843147649 ], [ 151.183653338009151, -33.871786581394083 ], [ 151.183583769459119, -33.87171443496473 ], [ 151.183637019678656, -33.87172299611715 ], [ 151.183627105674361, -33.871675888171609 ], [ 151.18370646689587, -33.871636413992327 ], [ 151.183954154050838, -33.87169668998223 ], [ 151.1839229, -33.8716528 ], [ 151.1839894, -33.8715943 ], [ 151.184052699968674, -33.871610099956591 ], [ 151.184099800000013, -33.8715538 ], [ 151.184370734877746, -33.871621426059413 ], [ 151.184386657650407, -33.871607877725296 ], [ 151.184254890509862, -33.871563178941912 ], [ 151.184243895083796, -33.87152414990819 ], [ 151.184075349403116, -33.871475234291417 ], [ 151.184058553874337, -33.871431389748153 ], [ 151.183984360114323, -33.871391685832776 ], [ 151.183985237072079, -33.871350289138462 ], [ 151.184045850034295, -33.871317783095655 ], [ 151.18418954132261, -33.871323989250349 ], [ 151.184190028943732, -33.871262530070808 ], [ 151.184088105242779, -33.871224709853294 ], [ 151.184109448724058, -33.871183788226105 ], [ 151.184306668110906, -33.871199807324132 ], [ 151.184326328084751, -33.871144592452431 ], [ 151.184227395688794, -33.871112836996936 ], [ 151.184250693707128, -33.871062442383462 ], [ 151.184435108164365, -33.871069501531991 ], [ 151.184450331068462, -33.87105398050992 ], [ 151.184401981708277, -33.871035106848105 ], [ 151.184443390111198, -33.870974413054526 ], [ 151.184590970465763, -33.870962113489306 ], [ 151.185795629816283, -33.87126279087807 ], [ 151.18581679814838, -33.871298288012895 ], [ 151.185973323019738, -33.871337354841891 ], [ 151.18598610259744, -33.871396371921641 ], [ 151.185873641573096, -33.871394382639174 ], [ 151.186256640689038, -33.871502166081314 ], [ 151.18630260431226, -33.871541884116262 ], [ 151.186294169863118, -33.87160581372104 ], [ 151.18644869997479, -33.871644381909121 ], [ 151.186487670717412, -33.871694941415264 ], [ 151.186421684666811, -33.871748074397047 ], [ 151.186165348422549, -33.87168578589722 ], [ 151.186149339434678, -33.871732862100068 ], [ 151.186565411213991, -33.871842838966678 ], [ 151.186591391807639, -33.871876545283172 ], [ 151.186557058699577, -33.871910512162472 ], [ 151.186753999045152, -33.871963929036298 ], [ 151.186763804690742, -33.87202454134534 ], [ 151.187128483598713, -33.872124114431209 ], [ 151.187144495421563, -33.87219805296926 ], [ 151.187068729793225, -33.872238687441275 ], [ 151.186726110132355, -33.87215528845438 ], [ 151.186703698126252, -33.872202763782667 ], [ 151.186649815101731, -33.872220458624788 ], [ 151.186397247754542, -33.872159816107121 ], [ 151.186382508805963, -33.872215873917881 ], [ 151.186521810672303, -33.872278795568278 ], [ 151.186855683829634, -33.872362123321331 ], [ 151.186888159905919, -33.872404256147377 ], [ 151.186832461704142, -33.87248777885479 ], [ 151.187403823049721, -33.872630376173674 ], [ 151.187438296612441, -33.87266016440303 ], [ 151.187422994136796, -33.872718901610376 ], [ 151.187376808520611, -33.872734068883013 ], [ 151.187095413556591, -33.87266552916855 ], [ 151.187161191769462, -33.872738078124875 ], [ 151.187112131445133, -33.872825756337917 ], [ 151.187054399287433, -33.872844715275249 ], [ 151.186848815037735, -33.872795517672024 ], [ 151.186795817844086, -33.872832150458486 ], [ 151.186418606466901, -33.872739414023215 ], [ 151.186457089097786, -33.872812229501804 ], [ 151.187077218064246, -33.872966999389639 ], [ 151.187139496440523, -33.873033076795565 ], [ 151.187307754903884, -33.873075069477828 ], [ 151.187437319559081, -33.873148730553027 ], [ 151.187506643720724, -33.873250812406873 ], [ 151.187596289081483, -33.873278890082005 ], [ 151.187606964010854, -33.873328182405139 ], [ 151.187555448510693, -33.873368269852428 ], [ 151.188066198654127, -33.873477745854196 ], [ 151.1880941, -33.8734441 ], [ 151.188650117843167, -33.873582860456224 ], [ 151.18874721837696, -33.873638360033574 ], [ 151.188725383405142, -33.873664690790385 ], [ 151.189302495331276, -33.87384843874883 ], [ 151.189319295454823, -33.873884031014896 ], [ 151.189288988987954, -33.873900285334514 ], [ 151.188657259624421, -33.873746841012291 ], [ 151.189442726843424, -33.87394933641518 ], [ 151.189479127294703, -33.874026452951952 ], [ 151.189440439912659, -33.874057605529003 ], [ 151.189368842786024, -33.874052365336695 ], [ 151.189366358475951, -33.874083867627583 ], [ 151.189592349157806, -33.874140263567043 ], [ 151.189624827246433, -33.874182395725995 ], [ 151.189569838775014, -33.874226674598013 ], [ 151.189067315127545, -33.874102676700382 ], [ 151.188733686877356, -33.874098255169699 ], [ 151.18863674568459, -33.874175011233213 ], [ 151.188790524638137, -33.874213387756818 ], [ 151.188789644725347, -33.874255029707086 ], [ 151.188444805309217, -33.874177019850123 ], [ 151.188862444804442, -33.874289449395995 ], [ 151.18888842702097, -33.874323155269074 ], [ 151.188857701999495, -33.874378140290119 ], [ 151.188370387857105, -33.87427715870087 ], [ 151.188641380879289, -33.874361034626467 ], [ 151.188656865257798, -33.874412416864089 ], [ 151.188886585952957, -33.874477139183163 ], [ 151.188874635309446, -33.874500053955011 ], [ 151.188541329494967, -33.874417297794288 ], [ 151.188915651145578, -33.874576906001465 ], [ 151.188896661862714, -33.874606905292815 ], [ 151.188940566440209, -33.874639013028236 ], [ 151.188918972388876, -33.874784349799171 ], [ 151.18898424739109, -33.874807444828285 ], [ 151.188916295116741, -33.874802368892063 ], [ 151.188896825780404, -33.87493340490326 ], [ 151.189089169872915, -33.874998012235615 ], [ 151.18905637033069, -33.87506091244677 ], [ 151.188956454322152, -33.875035978241527 ], [ 151.188911613552364, -33.875055388334523 ], [ 151.189029970768104, -33.875119612618782 ], [ 151.189011610449285, -33.875156096243956 ], [ 151.189251778821301, -33.87526450087843 ], [ 151.189224284139812, -33.875286640216267 ], [ 151.188952112080671, -33.875230441162621 ], [ 151.189249727751758, -33.875305316647484 ], [ 151.189082643076091, -33.875307691759268 ], [ 151.189321098019434, -33.875367197997925 ], [ 151.189332298284228, -33.875390926174944 ], [ 151.188843545161546, -33.875292001250536 ], [ 151.189353568951987, -33.875419277718457 ], [ 151.189404949650935, -33.875453353938447 ], [ 151.189327698332619, -33.875468883347665 ], [ 151.188835433151894, -33.875346597473452 ], [ 151.188734176177576, -33.87583671456126 ], [ 151.188639276319464, -33.875880415136997 ], [ 151.1875593, -33.87563 ], [ 151.1874231, -33.8752439 ], [ 151.187391524858327, -33.874992137525403 ], [ 151.187007026085865, -33.874879165210778 ], [ 151.187034521181261, -33.874857026381044 ], [ 151.187384809632164, -33.874938593920731 ], [ 151.186951382597613, -33.874821597330588 ], [ 151.186977003457173, -33.874790803925421 ], [ 151.187378761108363, -33.874890366195075 ], [ 151.187075629618391, -33.874804759795943 ], [ 151.187101250429208, -33.874773966363215 ], [ 151.187372566603671, -33.87484097444883 ], [ 151.1873515, -33.874673 ], [ 151.187376309080065, -33.874575597818506 ], [ 151.187300080353282, -33.874553170845736 ], [ 151.187386645534701, -33.874557997807287 ], [ 151.187233544237444, -33.874519788629847 ], [ 151.186910602352583, -33.87473548209347 ], [ 151.186830102543922, -33.87477638270515 ], [ 151.186765536582072, -33.874760268855098 ], [ 151.186787402516131, -33.874785983025717 ], [ 151.186658302935228, -33.874862084010005 ], [ 151.186613742957064, -33.874850963037588 ], [ 151.186652803309642, -33.874898684062593 ], [ 151.186566003568259, -33.874947684723693 ], [ 151.186239799545774, -33.874875142492591 ], [ 151.186209972928054, -33.874933392003534 ], [ 151.186151153711876, -33.874923568628589 ], [ 151.186091715097149, -33.874989227991108 ], [ 151.185971888565916, -33.875004788836378 ], [ 151.186040002753941, -33.875021788658863 ], [ 151.186177404905067, -33.875183787688776 ], [ 151.186130905052693, -33.875210888043206 ], [ 151.18566983247328, -33.875095814070797 ], [ 151.18568989247234, -33.87512020318983 ], [ 151.185654692546677, -33.875140203377512 ], [ 151.185745893367141, -33.875223802921447 ], [ 151.185533756782974, -33.87538804159194 ], [ 151.185685246550719, -33.875425850529162 ], [ 151.185804848836028, -33.875569849517021 ], [ 151.185678349286945, -33.875641150673175 ], [ 151.185458184881753, -33.875586201900155 ], [ 151.185539430042326, -33.875683384957334 ], [ 151.186298154529112, -33.875872745230865 ], [ 151.186447963718422, -33.87605701068631 ], [ 151.186634310763367, -33.876098632688489 ], [ 151.186668142873827, -33.876078147565089 ], [ 151.186647914462412, -33.876007784524596 ], [ 151.186698427292072, -33.875980695147604 ], [ 151.188109116586929, -33.876331343581697 ], [ 151.188137116691763, -33.876390664272101 ], [ 151.188033858702937, -33.876427500326564 ], [ 151.188132161818572, -33.876551874862145 ], [ 151.188306142418185, -33.876595863043498 ], [ 151.188141361408782, -33.87656351429608 ], [ 151.188278967531375, -33.876737614797037 ], [ 151.188330799999989, -33.8767069 ], [ 151.188565765362483, -33.876765536149954 ], [ 151.188484100000011, -33.876665 ], [ 151.188521687075365, -33.876601973803183 ], [ 151.188477840771839, -33.876585897402336 ], [ 151.188468232594886, -33.876541534375107 ], [ 151.188513693946987, -33.876517153259115 ], [ 151.188621887288576, -33.876542886394425 ], [ 151.18865345348442, -33.876524269052027 ], [ 151.188401410834501, -33.876445671329826 ], [ 151.188686849818396, -33.876504572299275 ], [ 151.188725490186982, -33.876481782655382 ], [ 151.188476191271576, -33.876409204789098 ], [ 151.188669764695817, -33.876445629670073 ], [ 151.188679708221713, -33.876423319086641 ], [ 151.187004380685408, -33.876005226020808 ], [ 151.186958414427806, -33.875965508185992 ], [ 151.186959581991232, -33.875910312543439 ], [ 151.187040402261317, -33.875866969316384 ], [ 151.187279651448279, -33.875924425812045 ], [ 151.187218762123592, -33.875872653921967 ], [ 151.187378774531084, -33.875892263148046 ], [ 151.189169161562205, -33.876321143878386 ], [ 151.189090821333195, -33.876263898673692 ], [ 151.188854830649291, -33.876205007447375 ], [ 151.188843630422923, -33.876181279230764 ], [ 151.189136189105938, -33.876237845685779 ], [ 151.189220935945031, -33.876188210965672 ], [ 151.189168821004273, -33.876154270708149 ], [ 151.189254496519908, -33.876168555099575 ], [ 151.189296900891691, -33.876143719543315 ], [ 151.189054823573855, -33.876083309764553 ], [ 151.18905003022698, -33.876061178460681 ], [ 151.189253082376922, -33.8761047539884 ], [ 151.189263139154207, -33.876066754932772 ], [ 151.189130297988441, -33.876019648010022 ], [ 151.189408213332655, -33.876078525501626 ], [ 151.189460905220415, -33.87604766457504 ], [ 151.189415595209539, -33.87603293470967 ], [ 151.189416403131844, -33.875994689064768 ], [ 151.189546471799986, -33.87599754928803 ], [ 151.189184999596534, -33.875907345278911 ], [ 151.189185879372047, -33.87586570333071 ], [ 151.189591247185092, -33.87597044781532 ], [ 151.1896615, -33.875954 ], [ 151.18985074641239, -33.876001225054424 ], [ 151.18984571609991, -33.875973434186761 ], [ 151.1898827928853, -33.875958406701386 ], [ 151.189783662749676, -33.875917240152617 ], [ 151.189783000186253, -33.875880761736113 ], [ 151.188974472071891, -33.875678996369629 ], [ 151.18894895388982, -33.875616133487881 ], [ 151.188981947719498, -33.875589566363722 ], [ 151.190150350115204, -33.875880290827581 ], [ 151.190201399374871, -33.875851136471724 ], [ 151.190619592648915, -33.875954083750884 ], [ 151.19070958862568, -33.875946836870177 ], [ 151.19247038434014, -33.876386201117832 ], [ 151.192577874398893, -33.876429028306454 ], [ 151.192596317984538, -33.87651170835484 ], [ 151.193150213816438, -33.876683332656839 ], [ 151.192788328841175, -33.876610860247517 ], [ 151.192783224722632, -33.876663009395315 ], [ 151.192725503529573, -33.876709973651614 ], [ 151.193544545896259, -33.876914333451545 ], [ 151.193675022922605, -33.876989739109192 ], [ 151.194396179913014, -33.877169669229559 ], [ 151.194455248889824, -33.877237504771244 ], [ 151.194819300379237, -33.877327167265292 ], [ 151.194672940304713, -33.877055436336249 ], [ 151.194608366735849, -33.877030498685272 ], [ 151.194642038151756, -33.877001162743753 ], [ 151.194572968744865, -33.876879855562926 ], [ 151.194519325156421, -33.876861175539055 ], [ 151.194554366301674, -33.876847183872499 ], [ 151.194535699999989, -33.8768144 ], [ 151.194578908425228, -33.8767732253269 ], [ 151.194427306369704, -33.876726574050856 ], [ 151.194442549315909, -33.87669734297922 ], [ 151.194510451194077, -33.876709427990377 ], [ 151.194479610619197, -33.876659068169033 ], [ 151.194385376658715, -33.876630260777205 ], [ 151.194450610685806, -33.876611713887051 ], [ 151.194332213031714, -33.876578180253084 ], [ 151.194335906751405, -33.876532083220077 ], [ 151.194020217279132, -33.876453317989444 ], [ 151.193982866761701, -33.876421049287053 ], [ 151.193999440457901, -33.876357416329853 ], [ 151.194049475879609, -33.87634098246324 ], [ 151.194317122352999, -33.876393738715265 ], [ 151.19427852487803, -33.876330712073894 ], [ 151.194210125300884, -33.876310243546612 ], [ 151.194269388262967, -33.876315792685233 ], [ 151.193798517515631, -33.876188610205531 ], [ 151.193772752876242, -33.876134034257745 ], [ 151.1937995078612, -33.876081801806698 ], [ 151.193664288312533, -33.876025113925195 ], [ 151.193679421738835, -33.875963212444745 ], [ 151.193599487290868, -33.875931858370087 ], [ 151.193569176186941, -33.875867651328484 ], [ 151.193616712241209, -33.875796574810273 ], [ 151.193557160537551, -33.875757001126082 ], [ 151.193560178779762, -33.87570630026346 ], [ 151.193487740176238, -33.875668826435664 ], [ 151.192978513041083, -33.875541767721813 ], [ 151.192957962091612, -33.875597823832145 ], [ 151.192904078062071, -33.875615521373824 ], [ 151.192677444237432, -33.875560942835513 ], [ 151.192545747444768, -33.875570246735478 ], [ 151.19251461420717, -33.875591556443929 ], [ 151.192566085909903, -33.875615809402099 ], [ 151.19259639617033, -33.875680016665619 ], [ 151.192563397551453, -33.875743295114034 ], [ 151.192486420122265, -33.875768577053691 ], [ 151.192331127328742, -33.875749234626369 ], [ 151.192378241338389, -33.87582316815071 ], [ 151.192354444903742, -33.87587538518838 ], [ 151.1925006131369, -33.875943633467365 ], [ 151.19249930363921, -33.87600572875526 ], [ 151.192445736661824, -33.87604886439896 ], [ 151.191919979137936, -33.87593516007135 ], [ 151.191922255263506, -33.876008995277935 ], [ 151.191862736084403, -33.876056923479837 ], [ 151.191670392237086, -33.876028354845651 ], [ 151.191617230592357, -33.876078960744735 ], [ 151.191546920827363, -33.87607792864312 ], [ 151.190312719702945, -33.875760257073601 ], [ 151.190292826405425, -33.875683150867587 ], [ 151.190185281131448, -33.875549538660188 ], [ 151.190206731308791, -33.875508408118698 ], [ 151.190282543047772, -33.875496647448927 ], [ 151.190297042332531, -33.875414273698816 ], [ 151.189999, -33.8753399 ], [ 151.189394600000014, -33.874716399999983 ], [ 151.189497272814208, -33.874644639373798 ], [ 151.189433400000013, -33.8746287 ], [ 151.1894016, -33.8745568 ], [ 151.1900263, -33.8741361 ], [ 151.1901349, -33.8740961 ], [ 151.190254953120672, -33.874126058477863 ], [ 151.1910224, -33.8736205 ], [ 151.19157842433799, -33.873759247424289 ], [ 151.192055085302997, -33.874248906978863 ], [ 151.192160132251075, -33.874209965210632 ], [ 151.192237845309364, -33.874227104700992 ], [ 151.192262401246666, -33.874146414779695 ], [ 151.192331679656576, -33.874123661115654 ], [ 151.192576820960284, -33.874182296226337 ], [ 151.192685806255014, -33.874135349177024 ], [ 151.192954994572602, -33.874198998496716 ], [ 151.19273549245014, -33.874081132462216 ], [ 151.192750735450716, -33.874051901591542 ], [ 151.192810254940923, -33.874061896476057 ], [ 151.1927909, -33.8740044 ], [ 151.192823615658256, -33.873975064628624 ], [ 151.1927416, -33.8739546 ], [ 151.19268935456887, -33.873894191794044 ], [ 151.1923812, -33.8738173 ], [ 151.191897819416596, -33.87298210483641 ], [ 151.191737499999988, -33.87294210000001 ], [ 151.1917187, -33.872909300000011 ], [ 151.191766300000012, -33.8728892 ], [ 151.191893585100473, -33.872920961719572 ], [ 151.192306758915606, -33.872755294998882 ], [ 151.192109389142416, -33.872706045476065 ], [ 151.192140776725637, -33.872767484468639 ], [ 151.191942076796067, -33.872845484934366 ], [ 151.1916548, -33.8727738 ], [ 151.191583799999989, -33.8726484 ], [ 151.191746099999989, -33.8725704 ], [ 151.191962991975487, -33.872624521634016 ], [ 151.1919455, -33.8725983 ], [ 151.1921557, -33.8725083 ], [ 151.192628516915732, -33.872626281055666 ], [ 151.193069400000013, -33.8724495 ], [ 151.193128032429883, -33.872463405276228 ], [ 151.193159192175841, -33.87239164625187 ], [ 151.193331414678909, -33.872324927935679 ], [ 151.194390258428001, -33.872586732997988 ], [ 151.194401795316452, -33.872543691531057 ], [ 151.194512631273057, -33.872570642467899 ], [ 151.194364128332325, -33.8725141155671 ], [ 151.194494787350664, -33.872539138183107 ], [ 151.194465572943869, -33.872487558719506 ], [ 151.194329496773804, -33.872450203597452 ], [ 151.194451346545662, -33.872462441293862 ], [ 151.193614638409088, -33.872251388941933 ], [ 151.19349410220272, -33.872056558820219 ], [ 151.194247868141616, -33.872241721588281 ], [ 151.194278976260108, -33.872290058512824 ], [ 151.194205872163224, -33.872284148898459 ], [ 151.19420896642896, -33.872306891232675 ], [ 151.194380756659569, -33.872337811047061 ], [ 151.194308680562756, -33.872210556415737 ], [ 151.193821950700993, -33.872098369216985 ], [ 151.193744336611189, -33.872029080029776 ], [ 151.193782358434959, -33.872020744733383 ], [ 151.193780268452883, -33.871978876571887 ], [ 151.193829842240575, -33.87198833220171 ], [ 151.193813538043912, -33.871971932356118 ], [ 151.194329592382104, -33.872117643363566 ], [ 151.194402900807518, -33.872032669035413 ], [ 151.193838289230143, -33.871883233093456 ], [ 151.193815556729191, -33.871835077857554 ], [ 151.193847219062889, -33.871757442950596 ], [ 151.193764094400109, -33.871733849447828 ], [ 151.193764765943598, -33.871701977978226 ], [ 151.194020677583467, -33.871753919130228 ], [ 151.193782075754598, -33.871694383970585 ], [ 151.193693275829418, -33.871614877799857 ], [ 151.194026993128347, -33.871691050452029 ], [ 151.193998217754284, -33.871640707236921 ], [ 151.193550414527749, -33.871521248374727 ], [ 151.193561488808001, -33.871411483909611 ], [ 151.193448766526814, -33.871373149229925 ], [ 151.1935642544112, -33.87137150461804 ], [ 151.193390399922095, -33.87131629533669 ], [ 151.193517627905976, -33.871330219075169 ], [ 151.193513935605381, -33.871296387836729 ], [ 151.19329947574397, -33.871242875317463 ], [ 151.193305193732186, -33.871217107564185 ], [ 151.192397412237597, -33.871006519595824 ], [ 151.192375644112076, -33.871056952712173 ], [ 151.192292914760714, -33.87106942197066 ], [ 151.190717562588674, -33.870676308380247 ], [ 151.190569177606108, -33.870613980482133 ], [ 151.190558659579921, -33.870527222643481 ], [ 151.190130159548687, -33.870411732458606 ], [ 151.190114145392783, -33.870337794214912 ], [ 151.190184183587917, -33.870298020456453 ], [ 151.189485756463881, -33.870001755437059 ], [ 151.188717756873729, -33.869810090506057 ], [ 151.18865929996042, -33.869734252256528 ], [ 151.188688998999794, -33.869677302558834 ], [ 151.188758274595216, -33.86965455080199 ], [ 151.189436175107204, -33.869821197168342 ], [ 151.18947926457227, -33.869800530572249 ], [ 151.1889459, -33.869654 ], [ 151.1884969, -33.8694561 ], [ 151.1885742, -33.8692992 ], [ 151.188731717898548, -33.869232707968962 ], [ 151.1883322, -33.869133 ], [ 151.188149094716636, -33.868811325488295 ], [ 151.187800389702602, -33.868711939168755 ], [ 151.187836255783225, -33.868668828014087 ], [ 151.188105699620422, -33.868735089754509 ], [ 151.188061546245422, -33.868633805227653 ], [ 151.187285300000013, -33.868436199999984 ], [ 151.1872222, -33.8683839 ], [ 151.187541399999986, -33.8682636 ], [ 151.1877962, -33.868233600000011 ], [ 151.188166796733043, -33.868326092745569 ], [ 151.188112508944471, -33.868232353883947 ], [ 151.187996315283527, -33.868189743597284 ], [ 151.188087206805477, -33.8681886645414 ], [ 151.1881267, -33.8681351 ], [ 151.188797038050552, -33.86827821470564 ], [ 151.1887008, -33.868120500000011 ], [ 151.188739405536637, -33.868051123306046 ], [ 151.188419383681293, -33.867964276016728 ], [ 151.188745062942701, -33.868043191622256 ], [ 151.188815719870547, -33.867963175801499 ], [ 151.188592563400846, -33.867907482115449 ], [ 151.188587770532166, -33.867885350784547 ], [ 151.189021735245689, -33.867959337461677 ], [ 151.188979981022811, -33.867898901670344 ], [ 151.188753283653767, -33.867831857959047 ], [ 151.188964380379389, -33.867876321002036 ], [ 151.188925399999988, -33.8678199 ], [ 151.188987628866727, -33.867794238413438 ], [ 151.188923419341734, -33.867757278469014 ], [ 151.189029975010897, -33.867776775923794 ], [ 151.189135593467, -33.867733221420693 ], [ 151.189073814544201, -33.867709430992967 ], [ 151.189149708830769, -33.867727400574829 ], [ 151.189255636969563, -33.867683718209705 ], [ 151.189204011387119, -33.867662007219614 ], [ 151.189219254327014, -33.867632776759081 ], [ 151.189331931911454, -33.867656040974154 ], [ 151.189483650325741, -33.86758048115982 ], [ 151.1896444103416, -33.867618771648218 ], [ 151.189656995907796, -33.867601693830679 ], [ 151.18950108498845, -33.867557550550451 ], [ 151.189672001264256, -33.867581332499654 ], [ 151.18912700761345, -33.867436762500731 ], [ 151.189104278862629, -33.867388606487374 ], [ 151.189141982140143, -33.867334199502992 ], [ 151.189073905952768, -33.867310363770677 ], [ 151.189055722998518, -33.867271838953371 ], [ 151.189075521569805, -33.867233872386677 ], [ 151.189160499867484, -33.867204397518812 ], [ 151.188939362960184, -33.867122479568529 ], [ 151.188937123442173, -33.867044409977368 ], [ 151.188853986982366, -33.866997180707912 ], [ 151.188873112350052, -33.866923758829152 ], [ 151.188995187038671, -33.866861730463697 ], [ 151.189726152021194, -33.867016702661473 ], [ 151.190173310471295, -33.867140210306822 ], [ 151.190358756619815, -33.867207188028274 ], [ 151.190403541657503, -33.867249777217374 ], [ 151.190498837851862, -33.867213056542603 ], [ 151.189052280878542, -33.866833956143857 ], [ 151.189059033466037, -33.866808032820131 ], [ 151.189406603830349, -33.866894353869959 ], [ 151.1889234, -33.8667692 ], [ 151.1887906, -33.8664708 ], [ 151.1888698, -33.866379499999987 ], [ 151.1890735993193, -33.866430362984445 ], [ 151.1889543, -33.8662937 ], [ 151.189076300000011, -33.8661568 ], [ 151.189801228256641, -33.866337720443703 ], [ 151.1897281, -33.8662136 ], [ 151.1900473, -33.8660643 ], [ 151.190527565047802, -33.866184156357711 ], [ 151.1904582, -33.8661549 ], [ 151.1902987, -33.8658967 ], [ 151.1903667, -33.8657738 ], [ 151.190457, -33.865720799999977 ], [ 151.190877719804206, -33.86582579503186 ], [ 151.1912422, -33.865666699999977 ], [ 151.191684641321388, -33.865756153263703 ], [ 151.19168163014831, -33.865720349691216 ], [ 151.191727084756877, -33.865695967130677 ], [ 151.191936099822499, -33.865746860208162 ], [ 151.19194433081779, -33.865717731092978 ], [ 151.192040974379495, -33.865731145087743 ], [ 151.192801077700636, -33.865918624360198 ], [ 151.192851895796935, -33.865864400926327 ], [ 151.192963947029199, -33.865881678014048 ], [ 151.192885268084609, -33.865846705154098 ], [ 151.192886477181901, -33.865789336481654 ], [ 151.193108174755395, -33.86582337201056 ], [ 151.193189455434577, -33.865735561661602 ], [ 151.193294451560178, -33.865711435307574 ], [ 151.193271399999986, -33.865603 ], [ 151.193399699999986, -33.8655826 ], [ 151.1948083, -33.865920499999987 ], [ 151.1949104, -33.8653826 ], [ 151.196511283178921, -33.865762475075286 ], [ 151.196381093940829, -33.866449476913395 ], [ 151.196302474934782, -33.866439214959122 ], [ 151.197146582874211, -33.866659646590861 ], [ 151.1971608, -33.8666221 ], [ 151.19781126228267, -33.866788870809287 ], [ 151.197720262709709, -33.866943771034244 ], [ 151.197644007453306, -33.866924745692621 ], [ 151.197593711023728, -33.867044926490351 ], [ 151.197967483685346, -33.867138180604542 ], [ 151.198011799999989, -33.8669825 ], [ 151.199474359682654, -33.867341072050536 ], [ 151.199553560734785, -33.867397871342568 ], [ 151.199276835135237, -33.868227302300454 ], [ 151.199562453062725, -33.868298557329943 ], [ 151.1996888, -33.8682412 ], [ 151.200615477238756, -33.868472378192052 ], [ 151.200541354309422, -33.868589667372909 ], [ 151.201193581993749, -33.868752373981714 ], [ 151.200971483684668, -33.868973975703327 ], [ 151.200913708266256, -33.868959562961692 ], [ 151.201165384835889, -33.869026374278008 ], [ 151.201224385562938, -33.869077573855449 ], [ 151.201073486733605, -33.869230175025834 ], [ 151.200435790107917, -33.869727879925293 ], [ 151.20027219032292, -33.869794681163015 ], [ 151.200099743479171, -33.869751661515892 ], [ 151.200090386435477, -33.870003345313144 ], [ 151.200037964985455, -33.870111763354586 ], [ 151.200036226779332, -33.870325500047706 ], [ 151.199794526229994, -33.870339201723297 ], [ 151.1989327, -33.8701242 ], [ 151.198884807050916, -33.870084131358773 ], [ 151.198864609762722, -33.87017681375476 ], [ 151.199099739699335, -33.870235472956232 ], [ 151.199138717491962, -33.87028602869281 ], [ 151.19911892253441, -33.870323996981668 ], [ 151.199037576741915, -33.870358467179713 ], [ 151.198615973393288, -33.870255116563165 ], [ 151.198635853595306, -33.870310627969346 ], [ 151.200265380834821, -33.87073771344361 ], [ 151.200452585747911, -33.87083013213725 ], [ 151.200515637232627, -33.870929941782769 ], [ 151.202147991763326, -33.871337136777619 ], [ 151.202384200000012, -33.8709622 ], [ 151.203055862683243, -33.871122218943341 ], [ 151.203220563365704, -33.871178218194899 ], [ 151.203208491760023, -33.871544789019559 ], [ 151.203313116526232, -33.871570886036139 ], [ 151.203694, -33.8713483 ], [ 151.203950856066598, -33.871396776321149 ], [ 151.204001268856587, -33.871370073960556 ], [ 151.203950445471975, -33.87132677369793 ], [ 151.203981251753873, -33.871289733251835 ], [ 151.204028977212488, -33.871292895952102 ], [ 151.204016020452059, -33.871195634629601 ], [ 151.203599801733105, -33.871091816937174 ], [ 151.203547827296973, -33.871024411046783 ], [ 151.203602594098612, -33.87095856153848 ], [ 151.204379392035065, -33.871136777411174 ], [ 151.2043764, -33.87110830000001 ], [ 151.204628598265288, -33.871089938347069 ], [ 151.20445504674899, -33.871073969706664 ], [ 151.2035932, -33.870859 ], [ 151.203571055038452, -33.870827332055086 ], [ 151.203301909097689, -33.870760197693471 ], [ 151.203299561717898, -33.870907017777569 ], [ 151.203222261579725, -33.870908218134225 ], [ 151.202480400000013, -33.8707286 ], [ 151.2025366, -33.8704281 ], [ 151.202901844782218, -33.870506515033576 ], [ 151.202911023927214, -33.870341529894489 ], [ 151.201882399999988, -33.8700303 ], [ 151.2013796, -33.8698499 ], [ 151.201357980272377, -33.869807769270011 ], [ 151.2011039, -33.8697398 ], [ 151.2011608, -33.8696159 ], [ 151.201356488497481, -33.869664715861745 ], [ 151.201376399999987, -33.8695625 ], [ 151.2015922, -33.8691146 ], [ 151.2017157, -33.8690375 ], [ 151.2023035, -33.8689386 ], [ 151.202716274427075, -33.869055259724597 ], [ 151.203080854075125, -33.869302446305213 ], [ 151.203411100000011, -33.8691484 ], [ 151.203445533349395, -33.869156989021121 ], [ 151.203440712601235, -33.86910699537134 ], [ 151.203047128585894, -33.869008819421431 ], [ 151.203051595905009, -33.869053939737285 ], [ 151.202820895011712, -33.869052341863956 ], [ 151.201671800000014, -33.8687657 ], [ 151.201648799999987, -33.8685327 ], [ 151.201902553197812, -33.868505248754531 ], [ 151.201906103717363, -33.868474054561702 ], [ 151.201637299999987, -33.868407 ], [ 151.2016021, -33.8681191 ], [ 151.201831700000014, -33.868099 ], [ 151.20206314895816, -33.868155480838922 ], [ 151.201869897946409, -33.868082594991392 ], [ 151.202071001983285, -33.868124540968616 ], [ 151.202107434361807, -33.868097978538209 ], [ 151.201592799999986, -33.8679696 ], [ 151.201577985879766, -33.86783837140112 ], [ 151.2007872, -33.867641099999986 ], [ 151.20077950000001, -33.8675795 ], [ 151.2009325, -33.8675664 ], [ 151.201565098394781, -33.867724209340949 ], [ 151.2015462, -33.8675568 ], [ 151.2018198764369, -33.867526596559081 ], [ 151.202147982021046, -33.867596306733894 ], [ 151.2008423, -33.867273 ], [ 151.200835500000011, -33.86721069999998 ], [ 151.200986300000011, -33.8671992 ], [ 151.201510438493216, -33.867329953211211 ], [ 151.201484612440311, -33.8671160867152 ], [ 151.200706200000013, -33.86692189999998 ], [ 151.2006953, -33.8668258 ], [ 151.2009526, -33.8668057 ], [ 151.201108269445228, -33.8668445342553 ], [ 151.2011039, -33.8668051 ], [ 151.2011757, -33.8667997 ], [ 151.202102366368393, -33.867030866679883 ], [ 151.202108401059348, -33.867085248909959 ], [ 151.202224630796536, -33.86700921565685 ], [ 151.2014541, -33.866817 ], [ 151.201440018870301, -33.866689664254615 ], [ 151.200755500000014, -33.8665189 ], [ 151.200749300000012, -33.8664562 ], [ 151.2009023, -33.8664458 ], [ 151.20142754135199, -33.8665768297247 ], [ 151.201399923894058, -33.866327068709332 ], [ 151.2007198, -33.86615739999997 ], [ 151.200714, -33.8660972 ], [ 151.2008631, -33.8660873 ], [ 151.201387890646515, -33.866218217949225 ], [ 151.2013595, -33.8659614 ], [ 151.2016083, -33.865958800000023 ], [ 151.201844754137511, -33.866017786346369 ], [ 151.201837399999988, -33.8659499 ], [ 151.2019956, -33.8659387 ], [ 151.202092331781955, -33.865962830651341 ], [ 151.202089500000028, -33.8659365 ], [ 151.202349700000013, -33.8659142 ], [ 151.203410069232007, -33.866178710964753 ], [ 151.203442391267572, -33.866128764516866 ], [ 151.203537215686424, -33.866142705433099 ], [ 151.203533742635472, -33.86611386498204 ], [ 151.203443392016538, -33.866087924749806 ], [ 151.203532582648108, -33.866104232364968 ], [ 151.203509, -33.8659084 ], [ 151.2037245, -33.8658903 ], [ 151.204401051802989, -33.866057693226487 ], [ 151.204269023310189, -33.865975340783592 ], [ 151.20427010704563, -33.865923594290621 ], [ 151.204314735965056, -33.865887643247838 ], [ 151.2047619, -33.8658473 ], [ 151.205049539941513, -33.865919047253037 ], [ 151.205031100000042, -33.8657742 ], [ 151.205130232291026, -33.865766392014798 ], [ 151.2050164, -33.8656142 ], [ 151.2049974, -33.8654749 ], [ 151.205272857279851, -33.865495738747597 ], [ 151.2055346, -33.8654697 ], [ 151.205798376178052, -33.865535493292789 ], [ 151.2062757, -33.8655716 ], [ 151.206509841407325, -33.865629999974395 ], [ 151.2065222, -33.8655202 ], [ 151.2068823, -33.865545 ], [ 151.208723617570342, -33.865993481132612 ], [ 151.2088119, -33.865844299999978 ], [ 151.20959137798738, -33.86603869877468 ], [ 151.209514284619445, -33.866001747737762 ], [ 151.209544756226279, -33.865943281303075 ], [ 151.209928245446463, -33.866029207648801 ], [ 151.209970941774401, -33.865998703388016 ], [ 151.210045593962661, -33.866016194908326 ], [ 151.21009683308111, -33.86595401043872 ], [ 151.210183750028449, -33.865961117704522 ], [ 151.21020630000001, -33.8658509 ], [ 151.21052610000001, -33.8655269 ], [ 151.211452781261016, -33.86575799674803 ], [ 151.211740984143546, -33.865945594663764 ], [ 151.21167154301736, -33.86607853454931 ], [ 151.21423249714158, -33.866717138623322 ], [ 151.214363501778195, -33.866796435091842 ], [ 151.214046708696145, -33.867060744164284 ], [ 151.21397330876303, -33.867083346221229 ], [ 151.213715304210041, -33.867042353310808 ], [ 151.211103074727077, -33.866390952693685 ], [ 151.211015843174238, -33.86640549315662 ], [ 151.210709203218926, -33.866330008341961 ], [ 151.210662651100193, -33.86634899723613 ], [ 151.210451013701203, -33.866304941037043 ], [ 151.211261237510513, -33.866489062802216 ], [ 151.211034745038944, -33.866422373021862 ], [ 151.211230345771725, -33.866432284163665 ], [ 151.212074115326203, -33.866652905051367 ], [ 151.211893047018577, -33.866642033999376 ], [ 151.224264396069259, -33.869726358567384 ], [ 151.224219644841952, -33.870065064712584 ], [ 151.223960869292341, -33.870041524172464 ], [ 151.224530921786624, -33.870183611161153 ], [ 151.22450826543033, -33.870448515135564 ], [ 151.224117042646867, -33.87042506099074 ], [ 151.221712443997262, -33.869825680621688 ], [ 151.221708966171491, -33.869864902425299 ], [ 151.222550499013892, -33.870074672614713 ], [ 151.222510460696782, -33.870465779006288 ], [ 151.222292247674943, -33.870447803588043 ], [ 151.221753909539245, -33.870366464055152 ], [ 151.213234046974492, -33.868253787039812 ], [ 151.21322442981662, -33.868323294137213 ], [ 151.214465011395191, -33.868632631423004 ], [ 151.214496113929698, -33.868664030118737 ], [ 151.214478408414948, -33.868791648562045 ], [ 151.215105454555044, -33.868947995765552 ], [ 151.215119605869546, -33.869060272499922 ], [ 151.218443984993172, -33.869889107029742 ], [ 151.218398019003814, -33.870268811031131 ], [ 151.217951003589206, -33.870230039782413 ], [ 151.214486685150945, -33.869366301163844 ], [ 151.214462056203672, -33.869555930271716 ], [ 151.218356189987873, -33.870526823324631 ], [ 151.218325410098629, -33.870755244529818 ], [ 151.218456905615881, -33.870788026700509 ], [ 151.218445812778327, -33.870874327583657 ], [ 151.218383519537099, -33.870970531561042 ], [ 151.218326220336252, -33.870996135060587 ], [ 151.218048211273128, -33.870970151660146 ], [ 151.214013535787785, -33.869964209337354 ], [ 151.213863169803972, -33.869967845972226 ], [ 151.216273375597808, -33.870568790391268 ], [ 151.216238309045025, -33.87088469407513 ], [ 151.215969598419974, -33.870864114452672 ], [ 151.214263764626168, -33.870445852354393 ], [ 151.218241551220871, -33.871437598305278 ], [ 151.21820517994874, -33.871718901864774 ], [ 151.217759362101617, -33.871677634628007 ], [ 151.216514861909815, -33.871367366096926 ], [ 151.216492887316207, -33.871540171908642 ], [ 151.216281581556814, -33.871521382586501 ], [ 151.214292772172797, -33.871025515223252 ], [ 151.214299936487492, -33.871165893892851 ], [ 151.2142177424887, -33.871239616448555 ], [ 151.214204259282951, -33.871328692921004 ], [ 151.214146678174615, -33.871391608314518 ], [ 151.214240253677588, -33.871429201708963 ], [ 151.214278160452892, -33.871509454768876 ], [ 151.214192599179825, -33.8716123524189 ], [ 151.214089206571515, -33.871610853722764 ], [ 151.212691285364002, -33.871262288895608 ], [ 151.212655099147099, -33.871281707070565 ], [ 151.213886436471654, -33.871604138712286 ], [ 151.213927375503971, -33.871690812122928 ], [ 151.213896278033616, -33.871760098523303 ], [ 151.214118559781497, -33.871815521980196 ], [ 151.214191162701837, -33.871902621986962 ], [ 151.214453317768999, -33.87196798658001 ], [ 151.21452515751011, -33.87203003023015 ], [ 151.214543397018531, -33.872193359778294 ], [ 151.214625777246169, -33.872213899855176 ], [ 151.214615283545356, -33.872335700432018 ], [ 151.21456850869663, -33.872332069970909 ], [ 151.214547831647252, -33.872398248025981 ], [ 151.214479804421956, -33.872430234018239 ], [ 151.215233385483373, -33.872618123922422 ], [ 151.215265638334017, -33.872884811213801 ], [ 151.21810208722448, -33.873591970292068 ], [ 151.218170296853515, -33.873666265640786 ], [ 151.218139522950139, -33.873929068633196 ], [ 151.218053526936131, -33.873992374970953 ], [ 151.217832318294228, -33.873971290718764 ], [ 151.213653960696035, -33.872931556844165 ], [ 151.213642916500334, -33.873035921253006 ], [ 151.214507668202629, -33.87325153388133 ], [ 151.214572648892073, -33.873335785833703 ], [ 151.214512036865699, -33.873413897871302 ], [ 151.214549384189297, -33.873482162337538 ], [ 151.214532673952675, -33.873525879170657 ], [ 151.221686274627842, -33.875309241839915 ], [ 151.222042463589077, -33.875791306217074 ], [ 151.221911677271379, -33.875918320657597 ], [ 151.221574861289383, -33.875909456343308 ], [ 151.220331253797809, -33.875599465706991 ], [ 151.220300653093148, -33.875861759656416 ], [ 151.219414311243554, -33.875790539092257 ], [ 151.213820327534222, -33.87439591815901 ], [ 151.213816031948483, -33.874517086610695 ], [ 151.213710326436029, -33.874575893068645 ], [ 151.213679076421215, -33.874634473929234 ], [ 151.221197166475008, -33.876508724892979 ], [ 151.221148915720192, -33.876893930841682 ], [ 151.22076939696143, -33.876860565717251 ], [ 151.216351330091612, -33.875759199005188 ], [ 151.216335390431283, -33.875896812839365 ], [ 151.215917275681448, -33.875851138749937 ], [ 151.213457700446071, -33.875237909539301 ], [ 151.213398629285024, -33.875256000639823 ], [ 151.213299796809991, -33.875233750680188 ], [ 151.213217274334511, -33.875260423703715 ], [ 151.213002027563164, -33.875209850712253 ], [ 151.212919837801252, -33.875251510600584 ], [ 151.212417677703627, -33.875128693531138 ], [ 151.21258005801846, -33.875179816433032 ], [ 151.212604318294069, -33.875231178691976 ], [ 151.21255031877638, -33.875296622643923 ], [ 151.212859771098152, -33.875373781883226 ], [ 151.212947017583645, -33.875453016672104 ], [ 151.21554118449049, -33.876099811358678 ], [ 151.215512805890882, -33.8763385138421 ], [ 151.215252089828397, -33.876312785694623 ], [ 151.219727234474902, -33.87742841716824 ], [ 151.219709337444925, -33.877564520274916 ], [ 151.226785368226132, -33.879328151139021 ], [ 151.226769014526724, -33.87954445501596 ], [ 151.226298779832064, -33.879519826426261 ], [ 151.220072991148811, -33.877968111337637 ], [ 151.219987045092296, -33.878238086142062 ], [ 151.219529214477745, -33.878172035458391 ], [ 151.215243674200508, -33.877103675852815 ], [ 151.215246275935385, -33.877148996810497 ], [ 151.218704270961439, -33.878011067410085 ], [ 151.218741509835439, -33.878048345003272 ], [ 151.224788671583468, -33.879555614235443 ], [ 151.224790129075643, -33.879849015721504 ], [ 151.224272394610438, -33.879820386036592 ], [ 151.214004123795917, -33.877260750076672 ], [ 151.214001182448754, -33.877281338572999 ], [ 151.217261222294781, -33.878094097246958 ], [ 151.217242338813236, -33.87826559905416 ], [ 151.21667231864734, -33.878225238369652 ], [ 151.215999970564013, -33.878057620619529 ], [ 151.215995160934654, -33.878099155610762 ], [ 151.215617349229092, -33.878053275546186 ], [ 151.213194301810802, -33.877464450046766 ], [ 151.213483850848121, -33.877536643360372 ], [ 151.213511079391679, -33.87763775801244 ], [ 151.220473669405408, -33.879373499065835 ], [ 151.220467406840612, -33.879717500645739 ], [ 151.22021584092434, -33.879714321470487 ], [ 151.220214319929084, -33.879738904737671 ], [ 151.219873506949767, -33.879724132195491 ], [ 151.214127083804897, -33.878291583570977 ], [ 151.214122287301933, -33.878363283841594 ], [ 151.213878683437997, -33.878354992255737 ], [ 151.212634716594749, -33.878044835080424 ], [ 151.212622698955443, -33.878075573010697 ], [ 151.212575422464937, -33.878082706001599 ], [ 151.211533284648254, -33.877822858944938 ], [ 151.213017831395064, -33.878207541576955 ], [ 151.213014396788452, -33.878257553012361 ], [ 151.214686000265601, -33.878674322554481 ], [ 151.214671507197409, -33.878827823231482 ], [ 151.214448703578569, -33.878813330404903 ], [ 151.213517454483593, -33.878581150034087 ], [ 151.213511823127988, -33.878638243436818 ], [ 151.215564995239021, -33.879150524611333 ], [ 151.215520971101313, -33.879386077994575 ], [ 151.215435868054129, -33.879506187681166 ], [ 151.216895560293807, -33.879870088406292 ], [ 151.216866384413521, -33.880147890952948 ], [ 151.216520873365909, -33.880122912400374 ], [ 151.213354318668451, -33.879333457428892 ], [ 151.213345029479171, -33.879365662068523 ], [ 151.213143861846049, -33.879319952344524 ], [ 151.213116366893843, -33.879378979565814 ], [ 151.214275340946273, -33.879667937166303 ], [ 151.214311343441125, -33.879711436063211 ], [ 151.214278715603683, -33.879759087143086 ], [ 151.215090122831384, -33.879961380936834 ], [ 151.21529393766923, -33.880151972810346 ], [ 151.215152535182028, -33.880254274182008 ], [ 151.219829290042441, -33.881420118938422 ], [ 151.219769035368643, -33.881768426075759 ], [ 151.219313715924898, -33.881685477473638 ], [ 151.219290184918123, -33.881914225825859 ], [ 151.21888846727785, -33.881888660935751 ], [ 151.216853164226592, -33.881381301411515 ], [ 151.216839723189537, -33.881423646424864 ], [ 151.216972849144241, -33.881463027036496 ], [ 151.216956468769723, -33.881665028759798 ], [ 151.216564750520149, -33.881593155650826 ], [ 151.212934914947567, -33.880697382382643 ], [ 151.212947116491762, -33.880749808143484 ], [ 151.213340346174164, -33.8808478495584 ], [ 151.213373969186733, -33.880919028189219 ], [ 151.213313359715812, -33.880951548759448 ], [ 151.212745616811929, -33.880811685472672 ], [ 151.212743846172202, -33.880858348151357 ], [ 151.215242819034984, -33.88149195024522 ], [ 151.215147550284087, -33.881911856499627 ], [ 151.212547060872225, -33.88128446436226 ], [ 151.212433978381682, -33.88132417067802 ], [ 151.212364019820257, -33.881307713148978 ], [ 151.212309279574953, -33.881353116775593 ], [ 151.212210672896418, -33.881329938540894 ], [ 151.212206064532097, -33.881418182221587 ], [ 151.21226218897948, -33.881466201071518 ], [ 151.212201299750774, -33.881509420789307 ], [ 151.212203341416881, -33.881591994854389 ], [ 151.21282136901354, -33.881746085766892 ], [ 151.212847467437456, -33.881807710842118 ], [ 151.213453904448357, -33.881958908155347 ], [ 151.213445308221225, -33.882103608426583 ], [ 151.213233106413412, -33.882095912335721 ], [ 151.212053625962653, -33.881804998339014 ], [ 151.212489467626142, -33.881923934405435 ], [ 151.212524553747642, -33.88216704855337 ], [ 151.213719407179923, -33.882464949264438 ], [ 151.213767010116726, -33.882506747573011 ], [ 151.21381332463514, -33.882767246269871 ], [ 151.213701731568477, -33.882929750640848 ], [ 151.212923080162, -33.882735619700796 ], [ 151.212911474757135, -33.882846005124193 ], [ 151.212836475606906, -33.88289300689965 ], [ 151.212438546067773, -33.88280239618539 ], [ 151.212406383425929, -33.88284887861618 ], [ 151.212456118133645, -33.882999576544925 ], [ 151.213181467020007, -33.883192400613439 ], [ 151.213203917551169, -33.883295910761284 ], [ 151.213141428894687, -33.88334624634895 ], [ 151.212360096206709, -33.88317764999799 ], [ 151.212651516876008, -33.883257153412821 ], [ 151.212652174124713, -33.883330936823405 ], [ 151.212783996126944, -33.883388516570854 ], [ 151.21277393581218, -33.88344769866751 ], [ 151.213601443010447, -33.883654009585491 ], [ 151.213735647756891, -33.883711205026245 ], [ 151.213795356227109, -33.883864503184512 ], [ 151.213681063559648, -33.884044507401384 ], [ 151.213487163258861, -33.884093714181247 ], [ 151.211804456782318, -33.883699902111594 ], [ 151.211789125275658, -33.8837234837521 ], [ 151.211851007347946, -33.883744617288968 ], [ 151.21186169735418, -33.883793907924861 ], [ 151.211724377200028, -33.883823073651477 ], [ 151.213805335472756, -33.884341895155039 ], [ 151.213977042547981, -33.884418488549549 ], [ 151.214022049876917, -33.884535686978893 ], [ 151.213932156544359, -33.884679590741662 ], [ 151.213697856124014, -33.884738900026385 ], [ 151.213197644418642, -33.884614191744582 ], [ 151.213149918854469, -33.884687390944066 ], [ 151.2135182377001, -33.88477921720208 ], [ 151.213584339099725, -33.884836298049365 ], [ 151.213582684809495, -33.884915642832539 ], [ 151.213464607916308, -33.885006194635181 ], [ 151.213487498597175, -33.88511736047284 ], [ 151.213371324646857, -33.885179691423623 ], [ 151.212807061696367, -33.885042250229247 ], [ 151.212784237322495, -33.885082246881034 ], [ 151.212811715108842, -33.885093537898911 ], [ 151.21267338892747, -33.885323212846153 ], [ 151.212757389328999, -33.885357423652408 ], [ 151.212742618473698, -33.885432795579199 ], [ 151.212654292408871, -33.885535732812201 ], [ 151.216155288681961, -33.886408528545111 ], [ 151.216486024775293, -33.88658639872672 ], [ 151.216153268782222, -33.887013031089666 ], [ 151.213761155673183, -33.886416695295921 ], [ 151.213714265387551, -33.886498248195842 ], [ 151.213423065933341, -33.886425650599428 ], [ 151.21346802351448, -33.886443611385452 ], [ 151.213302129672797, -33.886723014664035 ], [ 151.212940388377234, -33.886632829372168 ], [ 151.212846982395661, -33.886691158808723 ], [ 151.212725358215323, -33.886663369723756 ], [ 151.212731205764186, -33.886848413178491 ], [ 151.212477103008467, -33.88683771902901 ], [ 151.212301886115569, -33.886794034841017 ], [ 151.212335890398265, -33.886855698203249 ], [ 151.212306200324264, -33.886912653769379 ], [ 151.212236916194627, -33.886935418462613 ], [ 151.212158273481009, -33.886918344807533 ], [ 151.212108275703542, -33.887001218257076 ], [ 151.212678075186176, -33.887171333097548 ], [ 151.21271831153544, -33.887206078252021 ], [ 151.212700475122347, -33.887274609062096 ], [ 151.212646587311326, -33.887292315104958 ], [ 151.212544022570057, -33.887268714801749 ], [ 151.212825241950128, -33.887387247782193 ], [ 151.212709347023264, -33.887537951448138 ], [ 151.212214044302584, -33.887414466230041 ], [ 151.212192540158298, -33.887439805384261 ], [ 151.212286131561342, -33.887471125544707 ], [ 151.212299723348252, -33.887541785679524 ], [ 151.212332842904914, -33.887559017616198 ], [ 151.212574646549768, -33.88762614778954 ], [ 151.212587475518774, -33.887685296476512 ], [ 151.21255176562687, -33.887714059409639 ], [ 151.212196000820853, -33.887637017593043 ], [ 151.212269588734017, -33.887677143520285 ], [ 151.212239178121393, -33.887703327545353 ], [ 151.212248474541838, -33.887750810659661 ], [ 151.212169547708811, -33.887813116859043 ], [ 151.211700031569961, -33.887697184598714 ], [ 151.211636189201386, -33.887759882618219 ], [ 151.210891117288298, -33.887570597741323 ], [ 151.210980969356342, -33.887567569827887 ], [ 151.210791375373333, -33.887520299045455 ], [ 151.210769395519947, -33.88755748879197 ], [ 151.211108030785567, -33.887683928543588 ], [ 151.211466366074774, -33.887871271216227 ], [ 151.211994580945543, -33.888002964647647 ], [ 151.212458085170027, -33.888189360443661 ], [ 151.212607988373804, -33.888388159137939 ], [ 151.212613889482554, -33.888470059115349 ], [ 151.212520961112489, -33.888510382041481 ], [ 151.215037436159292, -33.889138467910406 ], [ 151.215294767480771, -33.889694759818283 ], [ 151.21523697072621, -33.889776461937281 ], [ 151.21443686989781, -33.889577007988912 ], [ 151.214331813452105, -33.889725462740053 ], [ 151.213555142835133, -33.889531843381697 ], [ 151.213489951735141, -33.88958864717771 ], [ 151.213243028191187, -33.889528778139073 ], [ 151.213183312851697, -33.88955083878863 ], [ 151.213204575762489, -33.889607019081886 ], [ 151.213166637836906, -33.889679795858164 ], [ 151.21307810546881, -33.889708884593489 ], [ 151.212616024223877, -33.889622977757902 ], [ 151.212567084374029, -33.889641459410079 ], [ 151.212280897696758, -33.889571799751231 ], [ 151.212226996623968, -33.889621097655109 ], [ 151.211992084659244, -33.889563939034964 ], [ 151.211930477315889, -33.889576981230846 ], [ 151.211623628131605, -33.889531980079298 ], [ 151.2119205187484, -33.889629410629937 ], [ 151.211969107661247, -33.889668762492775 ], [ 151.212306553997422, -33.889752891174652 ], [ 151.212461656360603, -33.889810488709472 ], [ 151.212443755021553, -33.88984335288918 ], [ 151.212740910770208, -33.889939627524377 ], [ 151.212667112141304, -33.890012328942866 ], [ 151.212414597450589, -33.88994937562687 ], [ 151.212348931781463, -33.890063360582857 ], [ 151.213502227783238, -33.890363913805345 ], [ 151.213649732758881, -33.890509411196511 ], [ 151.213531726034518, -33.890713550072221 ], [ 151.213757035708539, -33.890782268483669 ], [ 151.213780557686249, -33.89089070753964 ], [ 151.213715087695988, -33.890943440127955 ], [ 151.213624081703443, -33.890942120268569 ], [ 151.212152320964577, -33.890584373377038 ], [ 151.21217025104167, -33.890625678799665 ], [ 151.212262664995905, -33.890648718223353 ], [ 151.212296418369505, -33.890685875400898 ], [ 151.212829205212785, -33.890818700975224 ], [ 151.212862831324003, -33.890889879748507 ], [ 151.212802214438653, -33.890922399782951 ], [ 151.21220717522732, -33.890775743159558 ], [ 151.212170329391853, -33.890792349965665 ], [ 151.212334999212004, -33.890840248668709 ], [ 151.212347828392723, -33.890899397361473 ], [ 151.212287211316635, -33.890931917135788 ], [ 151.211498844455235, -33.890737058925957 ], [ 151.211478309165187, -33.890814583941172 ], [ 151.211036443382824, -33.890704420201523 ], [ 151.21101571609745, -33.890757198932214 ], [ 151.211753014975812, -33.890956382615158 ], [ 151.211766872654692, -33.891011578555698 ], [ 151.211873611730596, -33.891088682170739 ], [ 151.21183236228191, -33.891159873297028 ], [ 151.212012820178671, -33.891210567502938 ], [ 151.212013434447698, -33.891271972759114 ], [ 151.212367860613256, -33.891366608136906 ], [ 151.212379620772765, -33.891420827767426 ], [ 151.212324054785029, -33.891450637563146 ], [ 151.211003641473923, -33.89112299342311 ], [ 151.210952974551674, -33.891034061333087 ], [ 151.210677490830733, -33.890965378216926 ], [ 151.210796644, -33.891017781972266 ], [ 151.210796111442249, -33.891043279306608 ], [ 151.210587800438759, -33.89100080374542 ], [ 151.211136101067098, -33.891202366376291 ], [ 151.211812676298223, -33.891387805495043 ], [ 151.211801429554271, -33.891431013217165 ], [ 151.211614053682496, -33.891385002352592 ], [ 151.211849914353223, -33.891490782358311 ], [ 151.211726015441911, -33.891690182968759 ], [ 151.210600086170729, -33.891415116578877 ], [ 151.212040135776476, -33.8917826850723 ], [ 151.212119669537628, -33.89185408675322 ], [ 151.212118949502013, -33.891888584418204 ], [ 151.212089189619263, -33.891912553349712 ], [ 151.211978120004375, -33.89191385924839 ], [ 151.21231821612983, -33.892004343036106 ], [ 151.212349156833199, -33.892052444559702 ], [ 151.212738655829384, -33.892153539938427 ], [ 151.212746139770218, -33.892188043320097 ], [ 151.212710779352221, -33.892207013288555 ], [ 151.211828861214087, -33.892002811906174 ], [ 151.211787849013234, -33.892054414089124 ], [ 151.211853072632891, -33.892090362839326 ], [ 151.211854079333278, -33.892132653047042 ], [ 151.211897310959955, -33.892162848956794 ], [ 151.211871609767655, -33.892222963222515 ], [ 151.212020073181776, -33.89226511005743 ], [ 151.212018875688841, -33.892322479086239 ], [ 151.211674059590678, -33.892257800227256 ], [ 151.211686692359507, -33.892303091355487 ], [ 151.211813233231084, -33.892339772986205 ], [ 151.211812035596296, -33.892397142007859 ], [ 151.211489806104083, -33.892344924764181 ], [ 151.211806569500823, -33.8924238962082 ], [ 151.211843278966001, -33.892556948477321 ], [ 151.211990582275547, -33.892593671853881 ], [ 151.212048318809849, -33.892644474366925 ], [ 151.212391508802426, -33.892730032155669 ], [ 151.212422675393668, -33.892766028740311 ], [ 151.212577078479285, -33.892804521244237 ], [ 151.212723400806311, -33.892887783389099 ], [ 151.212959010178537, -33.892946519732348 ], [ 151.213017504027533, -33.893022347385269 ], [ 151.212987812070793, -33.893079303007042 ], [ 151.212918523039122, -33.893102067906945 ], [ 151.212507480012249, -33.893002129682905 ], [ 151.212517614391061, -33.89310184721942 ], [ 151.212472150435218, -33.893126237071307 ], [ 151.211758673816007, -33.892953847119557 ], [ 151.211821842351611, -33.892974729481651 ], [ 151.211829632170861, -33.893021293492566 ], [ 151.212985002031445, -33.89330932564323 ], [ 151.213035808527167, -33.893539624884852 ], [ 151.213003312153404, -33.893685525598158 ], [ 151.212931111721673, -33.893689826934015 ], [ 151.211987332222037, -33.893454545384074 ], [ 151.211857200710085, -33.893447603666544 ], [ 151.212209502961201, -33.89353543301727 ], [ 151.212251748290385, -33.893590197681895 ], [ 151.212230303586949, -33.893631332145084 ], [ 151.212153465192472, -33.893642922520911 ], [ 151.211140592329002, -33.893405877565257 ], [ 151.211728858537242, -33.893564784369055 ], [ 151.21174847378785, -33.893606305481867 ], [ 151.211713112561824, -33.893625275133601 ], [ 151.210949961454162, -33.893440573563829 ], [ 151.211808973777693, -33.893654731157575 ], [ 151.21184359933676, -33.893705374474017 ], [ 151.212273235275205, -33.893812482813651 ], [ 151.212325229743556, -33.893879885453181 ], [ 151.212295112786563, -33.893932509952826 ], [ 151.212773664977732, -33.894051810826859 ], [ 151.212817584735916, -33.894103522857328 ], [ 151.213049968957023, -33.894161454277537 ], [ 151.213098714543008, -33.894224643966666 ], [ 151.213043824180943, -33.894322566172534 ], [ 151.212901839345392, -33.89437469050322 ], [ 151.211474250882532, -33.894022315952483 ], [ 151.212828295966375, -33.89436879993935 ], [ 151.212864042680906, -33.894415139108204 ], [ 151.212803553216418, -33.894463857094635 ], [ 151.212472045859727, -33.894382762592926 ], [ 151.212459251582857, -33.894439560984807 ], [ 151.214522445304482, -33.894953884597847 ], [ 151.21461416489808, -33.895275181532249 ], [ 151.214667989821976, -33.895701780126998 ], [ 151.214657791304973, -33.895730980575301 ], [ 151.214563190636824, -33.895746084310531 ], [ 151.212048056273233, -33.895119099172952 ], [ 151.21202128915229, -33.895144602266406 ], [ 151.211958417257449, -33.895129632153598 ], [ 151.21195059821946, -33.89521252367355 ], [ 151.212207301808917, -33.895276518923168 ], [ 151.21222386693151, -33.895340308491789 ], [ 151.214352294287238, -33.895870892788395 ], [ 151.21444411388336, -33.896192189718846 ], [ 151.214466332542003, -33.89651668938432 ], [ 151.21445603402347, -33.896545889836553 ], [ 151.214361733360107, -33.896560993560072 ], [ 151.211748798605072, -33.895909627795952 ], [ 151.212562817407672, -33.896129550930411 ], [ 151.212561354035984, -33.896199668609 ], [ 151.212467893799584, -33.896202385847957 ], [ 151.212433600690701, -33.89626317874302 ], [ 151.212264230249104, -33.896245984579224 ], [ 151.212391923318506, -33.896295812265521 ], [ 151.21240862804126, -33.89634911147995 ], [ 151.214169243070501, -33.896788001485348 ], [ 151.214260962654578, -33.897109098419357 ], [ 151.214273082810109, -33.897462998529612 ], [ 151.214178982138634, -33.897477902245029 ], [ 151.211589374524124, -33.896832353719581 ], [ 151.211568099945111, -33.896859580184625 ], [ 151.212409514726147, -33.897069338754221 ], [ 151.212488685039489, -33.897118783180112 ], [ 151.212447694648233, -33.897168061078204 ], [ 151.212215394046581, -33.897131113398281 ], [ 151.212196920302546, -33.897248701099677 ], [ 151.211670191135596, -33.897168747651911 ], [ 151.211663874335898, -33.897200502504155 ], [ 151.212105520686407, -33.89731060179934 ], [ 151.212051523953136, -33.897631202301852 ], [ 151.211468425381355, -33.897507873975826 ], [ 151.211445981739814, -33.897533853671057 ], [ 151.212135725008295, -33.897705801698592 ], [ 151.212093927144593, -33.897917302076038 ], [ 151.211972628456579, -33.897903610970936 ], [ 151.212307280773018, -33.897987036071996 ], [ 151.212324094871065, -33.898022625529897 ], [ 151.212281415796753, -33.898036646560904 ], [ 151.211413284734391, -33.897832720180517 ], [ 151.211110501676558, -33.89779575772701 ], [ 151.212223490554123, -33.898080138363433 ], [ 151.212199594360641, -33.898125972459773 ], [ 151.211561956767696, -33.897967859620984 ], [ 151.211547624888624, -33.897997307854567 ], [ 151.212057137373336, -33.898124325023588 ], [ 151.212024638913675, -33.898288325296392 ], [ 151.211897320634591, -33.898270934034144 ], [ 151.212086531411899, -33.89831810225688 ], [ 151.212033868766724, -33.898548623969702 ], [ 151.212654437278189, -33.898704398151303 ], [ 151.212425439379018, -33.89896589993775 ], [ 151.212225934009524, -33.898935769141573 ], [ 151.211938271647455, -33.899264069512789 ], [ 151.212274650170343, -33.899347923875133 ], [ 151.212864655452961, -33.899710519896885 ], [ 151.212138761505969, -33.900525325159357 ], [ 151.211709659625114, -33.900458628110179 ], [ 151.2107938, -33.9002303 ], [ 151.210697080966952, -33.900143612815157 ], [ 151.210599746718771, -33.900171713904832 ], [ 151.210440725756598, -33.900132070359383 ], [ 151.210352449843811, -33.900154692254041 ], [ 151.210405928246132, -33.900217302037518 ], [ 151.210361931845483, -33.900252732264285 ], [ 151.210175018157145, -33.900207260647797 ], [ 151.210258091880689, -33.900236469039449 ], [ 151.210381938655644, -33.90033379191533 ], [ 151.210390817026195, -33.900373779370618 ], [ 151.210845372443003, -33.90048709823342 ], [ 151.21086568536677, -33.900525943443881 ], [ 151.211986157811396, -33.900813003787007 ], [ 151.211956959881519, -33.901014704067642 ], [ 151.211285056771743, -33.900915609037654 ], [ 151.210358, -33.9006845 ], [ 151.2103153, -33.900608 ], [ 151.210331200000013, -33.900571 ], [ 151.210392824819422, -33.900566893883685 ], [ 151.2102680291826, -33.90053578254696 ], [ 151.210211046346132, -33.900582982374509 ], [ 151.210157817536981, -33.900586433698798 ], [ 151.210102940668179, -33.900648293655628 ], [ 151.209834340553243, -33.90059764719274 ], [ 151.210575848962065, -33.900782504519427 ], [ 151.210580737390899, -33.900821057913276 ], [ 151.213180495508681, -33.901483717058547 ], [ 151.213003104411399, -33.901802521461981 ], [ 151.212825251002272, -33.901768590487848 ], [ 151.212620943629304, -33.90213489453275 ], [ 151.212387388802483, -33.90207667513247 ], [ 151.212375341314242, -33.902107293008925 ], [ 151.212328051445553, -33.902114425449334 ], [ 151.211440085744727, -33.901893405004678 ], [ 151.211789917925103, -33.902000305129071 ], [ 151.211847561071636, -33.90204734484098 ], [ 151.213250106437386, -33.90241660750619 ], [ 151.213057519812139, -33.902807313295206 ], [ 151.212863452297427, -33.902772016371003 ], [ 151.212724272331315, -33.90338120010847 ], [ 151.215766258145351, -33.904139431739345 ], [ 151.215981967912086, -33.904218121447038 ], [ 151.21589917715562, -33.904374325778114 ], [ 151.215825461240001, -33.904355952850352 ], [ 151.215912678343642, -33.904387525150803 ], [ 151.215836886889804, -33.904531729118197 ], [ 151.212634111190425, -33.903733422479789 ], [ 151.212620581780072, -33.903777195657234 ], [ 151.212080809334765, -33.903651322722013 ], [ 151.211940275380499, -33.903904753176889 ], [ 151.211871204739907, -33.903887535535155 ], [ 151.211790664547948, -33.903946456111768 ], [ 151.21164716657924, -33.903912796361695 ], [ 151.211687461262386, -33.903968763367054 ], [ 151.211664363629097, -33.904013061742774 ], [ 151.211610464927816, -33.904030766939236 ], [ 151.211441346342497, -33.903990579558531 ], [ 151.211444945700066, -33.904055479004313 ], [ 151.211359057512738, -33.904101547510081 ], [ 151.210145552462592, -33.903801430338248 ], [ 151.210159853748877, -33.903861430643246 ], [ 151.210099226484516, -33.903893948951819 ], [ 151.209803481732706, -33.903821910636267 ], [ 151.209762972200593, -33.903834834516886 ], [ 151.209588498085935, -33.903792886968681 ], [ 151.209548658046543, -33.903813870612055 ], [ 151.209383230126065, -33.903773755714511 ], [ 151.209324191125773, -33.903788794010623 ], [ 151.207840863191706, -33.903418991475746 ], [ 151.207681841276866, -33.903345401313999 ], [ 151.207602758114831, -33.90339790923489 ], [ 151.206985925819936, -33.903259745346595 ], [ 151.207261565699611, -33.903349068570151 ], [ 151.206973315375194, -33.903294492105374 ], [ 151.208185205587682, -33.903617755268023 ], [ 151.208217703557153, -33.903659882990546 ], [ 151.208162704669206, -33.903704169662106 ], [ 151.207959589744689, -33.903654938377713 ], [ 151.207911002287801, -33.903698999967474 ], [ 151.206972274080016, -33.903466226521076 ], [ 151.206987196316618, -33.90350360290423 ], [ 151.207206805887353, -33.903564060493473 ], [ 151.207227535494894, -33.903597602142973 ], [ 151.207166971702861, -33.903640448735842 ], [ 151.205064050363632, -33.903118340728689 ], [ 151.205034585116522, -33.903124974566715 ], [ 151.205273932425712, -33.903184652818283 ], [ 151.205287312861572, -33.903214319991207 ], [ 151.206420020772413, -33.903492751070374 ], [ 151.206434747583927, -33.903530848220527 ], [ 151.207187770604548, -33.903718593131629 ], [ 151.20721376860385, -33.903752295508703 ], [ 151.207171278030302, -33.903787496954614 ], [ 151.207230489565603, -33.903809105056581 ], [ 151.207243316721815, -33.903868254111423 ], [ 151.207182688411251, -33.903900770947608 ], [ 151.207053714179153, -33.903888433065504 ], [ 151.206725777663024, -33.903808079204282 ], [ 151.206717869827713, -33.903843659476557 ], [ 151.206676490023625, -33.903849898419168 ], [ 151.205378587732099, -33.903526294538764 ], [ 151.205374087304193, -33.903471064533299 ], [ 151.205270383461652, -33.903444787115191 ], [ 151.205237452619258, -33.903471092288875 ], [ 151.20499202919936, -33.903410743562354 ], [ 151.204921189267907, -33.903427040806321 ], [ 151.20504291518867, -33.903462525976458 ], [ 151.205041712517414, -33.9035198946817 ], [ 151.204818218423952, -33.903485455160563 ], [ 151.204772686710356, -33.903545177165881 ], [ 151.205420378512457, -33.903717948471993 ], [ 151.205465873775807, -33.903776928242308 ], [ 151.205442773033127, -33.903821225349489 ], [ 151.205388873294254, -33.903838927784761 ], [ 151.205099293909996, -33.903768695849116 ], [ 151.205036171456271, -33.903788639157902 ], [ 151.204027054422426, -33.90353702421524 ], [ 151.204053107448146, -33.903593898528449 ], [ 151.203866107747871, -33.903658502030829 ], [ 151.20280141737274, -33.903393743555917 ], [ 151.20282565483339, -33.903443234553876 ], [ 151.203157581776082, -33.903526002451265 ], [ 151.203174898116544, -33.90357028515124 ], [ 151.203860782409834, -33.903741310863097 ], [ 151.203903896816342, -33.903778540951897 ], [ 151.203902811313782, -33.903830287116143 ], [ 151.203858161710912, -33.903866237151611 ], [ 151.203796103144185, -33.903865331988847 ], [ 151.202959927487285, -33.903656830212839 ], [ 151.203012566531442, -33.903723654268966 ], [ 151.203134168028868, -33.903768237986256 ], [ 151.203172077142312, -33.90384849419047 ], [ 151.203150572403757, -33.903903860430631 ], [ 151.20325682259346, -33.903978017626685 ], [ 151.203254867968468, -33.904071160685888 ], [ 151.203174497951409, -33.904135870288421 ], [ 151.203118450671155, -33.904144318980016 ], [ 151.201164348042909, -33.903660839575359 ], [ 151.200877855778543, -33.903789187404634 ], [ 151.200280281295875, -33.903640166351664 ], [ 151.200277600684899, -33.903697831153835 ], [ 151.20021167464563, -33.903700311818888 ], [ 151.200342557224218, -33.904076891479825 ], [ 151.200051257858235, -33.904219193692953 ], [ 151.1991242, -33.903988 ], [ 151.199101323499917, -33.903917713437373 ], [ 151.198455700000011, -33.9037567 ], [ 151.198352142305481, -33.903477525415191 ], [ 151.19841614682926, -33.903655305684573 ], [ 151.197828146594503, -33.903801110107104 ], [ 151.197404578298858, -33.903695471044081 ], [ 151.197125344053347, -33.90376421532622 ], [ 151.195957240863549, -33.903506467831747 ], [ 151.195849376130752, -33.903571776799247 ], [ 151.196014772398911, -33.903618734443221 ], [ 151.19602993330102, -33.903650837716157 ], [ 151.195995686715492, -33.903691990805264 ], [ 151.195467629165933, -33.903569995730926 ], [ 151.195404444706611, -33.903608741896889 ], [ 151.195223212427777, -33.903563538315318 ], [ 151.195228229841945, -33.903609028480517 ], [ 151.195172650134197, -33.903638830027894 ], [ 151.194972241677959, -33.903590391213783 ], [ 151.194962911540529, -33.903613959226711 ], [ 151.195128526829336, -33.903676452113501 ], [ 151.195113223041773, -33.903735189986484 ], [ 151.195067021664102, -33.903750359569493 ], [ 151.194692622455023, -33.903658663211829 ], [ 151.194634242852374, -33.903682979498321 ], [ 151.194090576257821, -33.903547371759004 ], [ 151.194099118406854, -33.903578181096229 ], [ 151.194056433830156, -33.903592195609967 ], [ 151.193411528505351, -33.903431331955495 ], [ 151.193389225703044, -33.903499576806468 ], [ 151.19374478040146, -33.903595682361455 ], [ 151.193758666293462, -33.903659761699025 ], [ 151.193692980572308, -33.903694980901363 ], [ 151.192684735292829, -33.90344531153923 ], [ 151.19262987733515, -33.903490276341358 ], [ 151.19204422412858, -33.903345592451309 ], [ 151.192597665136333, -33.903502543919736 ], [ 151.19130678810842, -33.90321984033428 ], [ 151.191294231475325, -33.903236546708925 ], [ 151.191727531430104, -33.903344636790266 ], [ 151.191718524512453, -33.903379201131521 ], [ 151.191328684747305, -33.903282515595819 ], [ 151.191675934992645, -33.903386170526176 ], [ 151.191677225720355, -33.903418414721443 ], [ 151.19179165323601, -33.903455786112218 ], [ 151.191766024998685, -33.903486580159203 ], [ 151.191525796800704, -33.903427357454014 ], [ 151.191721625481279, -33.903571255482312 ], [ 151.191476227335812, -33.903814557385985 ], [ 151.190583523260472, -33.903688663989733 ], [ 151.189656500000012, -33.9034574 ], [ 151.189691629554034, -33.903283529718813 ], [ 151.189594375522972, -33.903249059138787 ], [ 151.189697021235219, -33.903256844050432 ], [ 151.189706426000356, -33.903210295918292 ], [ 151.1888181, -33.9029739 ], [ 151.188836504607366, -33.902935427167243 ], [ 151.188566450668674, -33.902868053107284 ], [ 151.18836426544874, -33.902822410720965 ], [ 151.188277961739715, -33.902835518416467 ], [ 151.187854167492844, -33.902729786141855 ], [ 151.187805342702376, -33.902754828206966 ], [ 151.187354861077637, -33.902689814955387 ], [ 151.187297093656525, -33.902727999105807 ], [ 151.186433540397275, -33.902561326193691 ], [ 151.186391184904409, -33.902604372690092 ], [ 151.185262296620039, -33.90232382943892 ], [ 151.185140934383639, -33.902273465814773 ], [ 151.185237001661307, -33.902293325828133 ], [ 151.185263708712199, -33.902257202752473 ], [ 151.18533648655054, -33.902267591459399 ], [ 151.185356943808273, -33.902242470583737 ], [ 151.185434561358221, -33.902256009433636 ], [ 151.185480000648312, -33.902231674307849 ], [ 151.185674277872778, -33.902255703267322 ], [ 151.185214121443465, -33.902142289556018 ], [ 151.18547353172147, -33.902197672699117 ], [ 151.185382089782848, -33.902162240859447 ], [ 151.185466943956044, -33.902167298510847 ], [ 151.185222425390151, -33.902106287371531 ], [ 151.185222954932527, -33.902081302363868 ], [ 151.185768540628146, -33.902199496750505 ], [ 151.18523483293967, -33.902062785905962 ], [ 151.185297255804102, -33.902070783127314 ], [ 151.185328133048387, -33.902034391445419 ], [ 151.186255499544188, -33.902282437640054 ], [ 151.186379987347294, -33.902272862380649 ], [ 151.186091995650372, -33.902199710995063 ], [ 151.186082942711209, -33.90213869423426 ], [ 151.185240910550419, -33.901928720310629 ], [ 151.185329610605891, -33.901932165052919 ], [ 151.185327110075463, -33.901902702453398 ], [ 151.185254113433786, -33.901882723197474 ], [ 151.185335175875309, -33.901886456830347 ], [ 151.185251876853073, -33.901862819852404 ], [ 151.185271803116308, -33.901824629574044 ], [ 151.186091431085032, -33.90203803179184 ], [ 151.186093034424403, -33.902016863162373 ], [ 151.185384217213993, -33.901840004473812 ], [ 151.185249718890105, -33.901774708759859 ], [ 151.185351451158255, -33.901782269886716 ], [ 151.185363632998389, -33.9017624699934 ], [ 151.184779876769255, -33.90166042969031 ], [ 151.184759929845399, -33.901766851423041 ], [ 151.184800912481961, -33.901787544165082 ], [ 151.184745477797208, -33.901784231881756 ], [ 151.184735059776017, -33.901820290277492 ], [ 151.184776508601459, -33.901835865996325 ], [ 151.184732360888148, -33.901829601781188 ], [ 151.184958837948926, -33.901896579146104 ], [ 151.184727309755914, -33.901847028818601 ], [ 151.184729512380841, -33.9018710878211 ], [ 151.184870426633779, -33.901907960361598 ], [ 151.184862105113012, -33.901961352788625 ], [ 151.184688714212598, -33.901939029562982 ], [ 151.184949541945485, -33.902019811459525 ], [ 151.184694128537302, -33.901968411662445 ], [ 151.184674188801296, -33.902004915342587 ], [ 151.184742691682345, -33.902035965170917 ], [ 151.184603289143269, -33.902032992806816 ], [ 151.18473172224688, -33.902078996538108 ], [ 151.184585987589969, -33.902068708106604 ], [ 151.184659888043853, -33.902090007563473 ], [ 151.184647376724541, -33.902118279015212 ], [ 151.184831355700851, -33.902174393888259 ], [ 151.184631826472753, -33.902159960747973 ], [ 151.184911853423756, -33.902245533201764 ], [ 151.184692244787016, -33.902203067514314 ], [ 151.184610077590889, -33.90222904933308 ], [ 151.183534900000012, -33.9019449 ], [ 151.183546057755962, -33.901906432061985 ], [ 151.183497175687819, -33.901894234416844 ], [ 151.182994304829009, -33.901798661021395 ], [ 151.182921911304419, -33.901819864211582 ], [ 151.182488879068757, -33.901745897014713 ], [ 151.18278957844754, -33.901839621095526 ], [ 151.180972124583633, -33.901362772224012 ], [ 151.180846294266644, -33.901281219231194 ], [ 151.180863753251288, -33.901211567046602 ], [ 151.1808054, -33.9011942 ], [ 151.180837604314007, -33.901096414643078 ], [ 151.180137124014692, -33.900913617457689 ], [ 151.180126976592504, -33.900824832407267 ], [ 151.180242726989718, -33.900830066789965 ], [ 151.18027529842476, -33.90078911108084 ], [ 151.180477435353652, -33.90080777446984 ], [ 151.180402294389097, -33.900776391378329 ], [ 151.180395890330288, -33.900746815749436 ], [ 151.180495889371571, -33.900738897623029 ], [ 151.182480180225383, -33.901210676375555 ], [ 151.182469856283291, -33.901183144009075 ], [ 151.182505427171492, -33.90117146861121 ], [ 151.183154310469178, -33.901333390862547 ], [ 151.183153549733532, -33.901378708917868 ], [ 151.183667150798613, -33.90150686997228 ], [ 151.183363648820176, -33.901413944481774 ], [ 151.183679903400417, -33.901462728214014 ], [ 151.183299804903612, -33.901357672515537 ], [ 151.183678006197397, -33.901434223620896 ], [ 151.183690170008731, -33.901392092389607 ], [ 151.1826388, -33.901132 ], [ 151.182645582144602, -33.901088475677341 ], [ 151.182588502608979, -33.901120866732185 ], [ 151.183183139065733, -33.901269252026118 ], [ 151.18319714105121, -33.901298912895669 ], [ 151.183161570194159, -33.901310588494518 ], [ 151.180193533167511, -33.900570348065123 ], [ 151.180127685435707, -33.900532235484768 ], [ 151.180073328270737, -33.900425150427047 ], [ 151.179970418795335, -33.90039033951394 ], [ 151.179953341774763, -33.900311471120474 ], [ 151.180000976237807, -33.900273133928074 ], [ 151.180132499236805, -33.900290416518402 ], [ 151.180200258848259, -33.900253872098581 ], [ 151.180325058538045, -33.900243661183943 ], [ 151.180028791475365, -33.900151800192084 ], [ 151.180066669446944, -33.900102021742136 ], [ 151.18000520630909, -33.900080406956889 ], [ 151.179910658919425, -33.899972501247646 ], [ 151.179941236747538, -33.899841642027837 ], [ 151.179599671109827, -33.899756397276462 ], [ 151.179561109165348, -33.899922632979226 ], [ 151.179335226295052, -33.899880147496518 ], [ 151.179251403239306, -33.899897358081191 ], [ 151.17945521015875, -33.900102633503515 ], [ 151.179486611165771, -33.900245433386992 ], [ 151.179399704535143, -33.900259054615205 ], [ 151.179448552643919, -33.900271245760457 ], [ 151.17945465306704, -33.900309045727155 ], [ 151.179245077686346, -33.900341209913798 ], [ 151.17929081259777, -33.900517234344264 ], [ 151.179149312529148, -33.900547335003004 ], [ 151.179015232585385, -33.900513872019069 ], [ 151.179133212565006, -33.900557335079256 ], [ 151.179142615582066, -33.900588481816648 ], [ 151.179781958765972, -33.900748043432266 ], [ 151.179809184731312, -33.900860835792848 ], [ 151.179883341097451, -33.90088504786862 ], [ 151.179894014247338, -33.900934340617539 ], [ 151.17984348430366, -33.900961426544576 ], [ 151.179414359991711, -33.900967646237874 ], [ 151.178832421075782, -33.900822409660762 ], [ 151.178901915663232, -33.900962101394555 ], [ 151.179378911167191, -33.901098160725759 ], [ 151.179341099278986, -33.901118429039947 ], [ 151.178921376318385, -33.901013677490297 ], [ 151.17880899048248, -33.901051033760815 ], [ 151.178898038447954, -33.90107325795509 ], [ 151.178962500000011, -33.901045 ], [ 151.179999205543652, -33.901303730297045 ], [ 151.180025419637815, -33.901252184043422 ], [ 151.180135082927876, -33.901223733791703 ], [ 151.182907386329845, -33.901946094564174 ], [ 151.182928567391855, -33.901999999126261 ], [ 151.183577224458475, -33.902154549474012 ], [ 151.183538064394241, -33.902171794045493 ], [ 151.183242953056464, -33.902098435620516 ], [ 151.183258473847388, -33.902178327242183 ], [ 151.183289601220253, -33.902188427853162 ], [ 151.183656265226034, -33.902246714058947 ], [ 151.18399805437781, -33.902230299206785 ], [ 151.18516343894126, -33.902519258034374 ], [ 151.185179619164444, -33.902475323288272 ], [ 151.18524464544609, -33.902465530628405 ], [ 151.186542445756828, -33.90278934382745 ], [ 151.186665933064774, -33.902864461040423 ], [ 151.1881454, -33.9030541 ], [ 151.189007523150252, -33.903269186072002 ], [ 151.188940524456001, -33.903419486580198 ], [ 151.188764043177713, -33.903395426627945 ], [ 151.188745693525107, -33.903430273654138 ], [ 151.188655515053171, -33.903413603527575 ], [ 151.188638888156021, -33.903436226262563 ], [ 151.188681415971672, -33.903463849897662 ], [ 151.188653911750492, -33.903485988710727 ], [ 151.187729046124645, -33.903253297256676 ], [ 151.187544870498442, -33.903232987559122 ], [ 151.187994835651921, -33.903350724339404 ], [ 151.188011640435292, -33.903386316793316 ], [ 151.187968955058153, -33.903400329167276 ], [ 151.187227982221572, -33.903226110850468 ], [ 151.187707336743387, -33.90335971988052 ], [ 151.187698328214196, -33.903394283874448 ], [ 151.187081720154509, -33.903221282242974 ], [ 151.187095907567596, -33.903263875157506 ], [ 151.187005591791063, -33.90328156629193 ], [ 151.186046835487559, -33.903062226559712 ], [ 151.186025442903087, -33.903080522676142 ], [ 151.186409115822954, -33.903196851124292 ], [ 151.186351657117314, -33.903214857430719 ], [ 151.186254982722232, -33.903191440494531 ], [ 151.186218155931613, -33.903215989265178 ], [ 151.186119158424702, -33.903192274077099 ], [ 151.186110876972492, -33.903234541242348 ], [ 151.186473593667671, -33.903338651557874 ], [ 151.186451589886929, -33.903356362200661 ], [ 151.186102898036239, -33.90327526437094 ], [ 151.1859619041972, -33.903968688825451 ], [ 151.185204603129847, -33.903852590505096 ], [ 151.184926499999989, -33.9037832 ], [ 151.185014220284444, -33.903403701539226 ], [ 151.18476053870944, -33.903340403856525 ], [ 151.184835702246318, -33.9033907582712 ], [ 151.184869046798013, -33.903461388196355 ], [ 151.184793692957356, -33.903551917769327 ], [ 151.184415854558466, -33.903489007032924 ], [ 151.184395678454422, -33.903536066523394 ], [ 151.184345625226626, -33.903552495816946 ], [ 151.18302102599705, -33.903223802391508 ], [ 151.182983339763837, -33.903151596092371 ], [ 151.182243545112414, -33.902966989807432 ], [ 151.182232343595246, -33.90294326103276 ], [ 151.182260800924126, -33.902933920792805 ], [ 151.182994945171714, -33.90311711706093 ], [ 151.182971943126233, -33.903067878757582 ], [ 151.182254108384825, -33.902885899616223 ], [ 151.18225773496323, -33.902820074147776 ], [ 151.182288053177842, -33.902803822010824 ], [ 151.183023683324393, -33.902986045737144 ], [ 151.183019058125467, -33.902931327101804 ], [ 151.182297301604848, -33.902751221888138 ], [ 151.182277810861365, -33.90272594140329 ], [ 151.182310817519436, -33.902699376588423 ], [ 151.183087791574877, -33.902884071600887 ], [ 151.183068889788331, -33.90285598168731 ], [ 151.182320890109281, -33.902669765340228 ], [ 151.182321774108914, -33.902628123731638 ], [ 151.183092079442446, -33.902818129447674 ], [ 151.183166354181566, -33.902822670488831 ], [ 151.183191649557443, -33.902806511473884 ], [ 151.182971495105363, -33.902777231930003 ], [ 151.182322601382111, -33.902615308403533 ], [ 151.182306014229312, -33.902574145080159 ], [ 151.182339020818233, -33.902547580254939 ], [ 151.183086769532139, -33.902733327028017 ], [ 151.183065262082749, -33.902626776951124 ], [ 151.182274818038138, -33.902441380099091 ], [ 151.182275525249878, -33.902408066811873 ], [ 151.182378808525556, -33.902408762223693 ], [ 151.183102549737981, -33.902589362791851 ], [ 151.183147771012273, -33.902540538248452 ], [ 151.182757748887013, -33.902475184690168 ], [ 151.181533095309589, -33.90216158798868 ], [ 151.181885912283491, -33.902230944996425 ], [ 151.181887959813992, -33.902198026882154 ], [ 151.181541604303561, -33.902111594748874 ], [ 151.181536811772361, -33.90208946325734 ], [ 151.181893243551571, -33.902171314109609 ], [ 151.181922116258164, -33.902148741336688 ], [ 151.183192152743999, -33.902495550551457 ], [ 151.183174111385625, -33.902450297958559 ], [ 151.183129817629435, -33.902401852420347 ], [ 151.182926189920408, -33.902351040126725 ], [ 151.182739688062583, -33.902334626633774 ], [ 151.181568322903416, -33.902050130368146 ], [ 151.181461977868508, -33.901980943934859 ], [ 151.180773814260334, -33.901809210374644 ], [ 151.180772412392628, -33.90176879450452 ], [ 151.180688462663113, -33.901727427417782 ], [ 151.18073383689844, -33.901703104942968 ], [ 151.181371370131728, -33.901859027984209 ], [ 151.181402210675259, -33.901890317156095 ], [ 151.181382709248567, -33.90191444350554 ], [ 151.181552467412388, -33.901970583726197 ], [ 151.182302918384238, -33.902160273895966 ], [ 151.182313449096739, -33.902134059793759 ], [ 151.181510396961102, -33.901937998391325 ], [ 151.181487994587911, -33.901890540722285 ], [ 151.181544908675079, -33.901871860559041 ], [ 151.182286493446185, -33.902056920184648 ], [ 151.182350816520625, -33.902118261256533 ], [ 151.1825381819082, -33.902148746860263 ], [ 151.182347905388013, -33.902086559418677 ], [ 151.182316968196716, -33.90203849051241 ], [ 151.182201202301911, -33.901985215135504 ], [ 151.180189292783268, -33.901485439475799 ], [ 151.180248741201297, -33.901603462903992 ], [ 151.180004042415106, -33.901764865225893 ], [ 151.179739306746143, -33.901701454086933 ], [ 151.179798121514494, -33.901716132241766 ], [ 151.179795155404264, -33.90176095664733 ], [ 151.179918234016753, -33.901793438159174 ], [ 151.179785148984024, -33.901767803209154 ], [ 151.179814222408964, -33.901846332193337 ], [ 151.180489107910347, -33.902019329919092 ], [ 151.180500308827931, -33.902043058835929 ], [ 151.179849691789627, -33.901897131433309 ], [ 151.179877895381765, -33.901942744414875 ], [ 151.180175304182569, -33.902020497427422 ], [ 151.179889638899226, -33.901964362809096 ], [ 151.179904723547992, -33.901992131804761 ], [ 151.17980078247291, -33.902044850944385 ], [ 151.179926124145936, -33.902076131722666 ], [ 151.179961642980629, -33.90215237866169 ], [ 151.180387120825799, -33.902228066006209 ], [ 151.180286676679685, -33.902182276769928 ], [ 151.18060658017572, -33.902261217156848 ], [ 151.180550472082956, -33.902235487183852 ], [ 151.180633077306112, -33.902226851059773 ], [ 151.18055542777779, -33.902183506196579 ], [ 151.180655164392931, -33.902179966292152 ], [ 151.181316418899087, -33.902344140266209 ], [ 151.181335909269791, -33.902369420892597 ], [ 151.181295000194524, -33.902440734673114 ], [ 151.181323211159253, -33.902463474918882 ], [ 151.181270926837755, -33.902481942395383 ], [ 151.182128073807974, -33.902695840405535 ], [ 151.182208534806705, -33.902765350170007 ], [ 151.182219030465916, -33.902813816080879 ], [ 151.182172805870323, -33.902902400808884 ], [ 151.182064998878644, -33.90293778500628 ], [ 151.179997146986921, -33.902411643054819 ], [ 151.179949333905398, -33.902435058646766 ], [ 151.180651177348494, -33.902613389241374 ], [ 151.180673915947523, -33.902642883421706 ], [ 151.180635407635634, -33.902673875174379 ], [ 151.180058752907314, -33.902530951368874 ], [ 151.180069675054995, -33.902552555768096 ], [ 151.180432480470813, -33.902643097225756 ], [ 151.180452335843171, -33.902683649907786 ], [ 151.181126042634418, -33.902822754296572 ], [ 151.183182461735498, -33.903343435489006 ], [ 151.183228440274632, -33.903383154990095 ], [ 151.183227269098325, -33.903438350271983 ], [ 151.183179634193039, -33.903476688683647 ], [ 151.183113439445663, -33.9034757120736 ], [ 151.181731760752996, -33.90313093036454 ], [ 151.181602491083083, -33.90313535090133 ], [ 151.181231694492567, -33.903042819460566 ], [ 151.181135528032655, -33.902982141891535 ], [ 151.181089494713234, -33.902993961240604 ], [ 151.180523961466548, -33.902865831101359 ], [ 151.180999729416868, -33.903006175206514 ], [ 151.180977569911306, -33.903051738442791 ], [ 151.181036485727361, -33.903093663383949 ], [ 151.1810075154402, -33.903144003049341 ], [ 151.180602507069466, -33.903046545170582 ], [ 151.181066733913326, -33.903162394292416 ], [ 151.181081111287313, -33.903228788804249 ], [ 151.181027907184301, -33.903236799154378 ], [ 151.180566711284825, -33.90312170634845 ], [ 151.180456897754539, -33.903160345217174 ], [ 151.180240635310525, -33.903106375398501 ], [ 151.180284962411491, -33.903191363199994 ], [ 151.180145762501979, -33.903237964502949 ], [ 151.1789963, -33.9029511 ], [ 151.178956699999986, -33.9029383 ], [ 151.1787055, -33.9024268 ], [ 151.178742500000027, -33.90241420000001 ], [ 151.1786758, -33.9022721 ], [ 151.178809284676959, -33.902213413961086 ], [ 151.178761979657196, -33.902146210362872 ], [ 151.178622100000013, -33.9021113 ], [ 151.1785993, -33.902057300000024 ], [ 151.178648887032438, -33.902041019377869 ], [ 151.178466500000013, -33.9019955 ], [ 151.178410899999989, -33.9018758 ], [ 151.178559096049923, -33.901829291223322 ], [ 151.178483447147471, -33.901667259268208 ], [ 151.1784183, -33.901651 ], [ 151.178402799999986, -33.9016154 ], [ 151.178455511739742, -33.901598016742525 ], [ 151.1784136, -33.901557499999988 ], [ 151.1784434, -33.901548 ], [ 151.178395625907768, -33.901500386709024 ], [ 151.1782298, -33.901459 ], [ 151.178091, -33.9011356 ], [ 151.178160168984078, -33.901111835511927 ], [ 151.1780857, -33.900957 ], [ 151.1781756, -33.9009271 ], [ 151.178151766319587, -33.900877188824545 ], [ 151.1778449, -33.9008006 ], [ 151.1778, -33.9007115 ], [ 151.177966, -33.900657 ], [ 151.177873865010866, -33.900609316323681 ], [ 151.177660965307069, -33.900638665632606 ], [ 151.177691551963221, -33.900709858974437 ], [ 151.177544701229039, -33.900693941391538 ], [ 151.177558151719921, -33.900725259971999 ], [ 151.177436326775194, -33.900743045521814 ], [ 151.177449351901828, -33.900773360796954 ], [ 151.177353651911915, -33.900801661518102 ], [ 151.17729779442115, -33.900787720061352 ], [ 151.177334271727489, -33.900798316177976 ], [ 151.177368440828616, -33.900877855345023 ], [ 151.177670554503663, -33.900953259208706 ], [ 151.177735856327871, -33.901105058771478 ], [ 151.177485679043201, -33.901178266967797 ], [ 151.177686257691448, -33.901246659185908 ], [ 151.177721858688642, -33.901329658947624 ], [ 151.177565589079393, -33.901382146034045 ], [ 151.17764336108425, -33.901575959610675 ], [ 151.177614324760896, -33.901585347907016 ], [ 151.177665477470839, -33.901598114853108 ], [ 151.177808565199342, -33.901913258489508 ], [ 151.177633465269423, -33.901969859810556 ], [ 151.177511971670071, -33.901939730431032 ], [ 151.177527565019318, -33.901976760600796 ], [ 151.177496565202688, -33.902002760839778 ], [ 151.177278160026987, -33.902044768195033 ], [ 151.176794965291919, -33.902211666127386 ], [ 151.176578746485916, -33.902174902671732 ], [ 151.17662366539389, -33.902270167420788 ], [ 151.176313765522337, -33.902370769759045 ], [ 151.176157682038024, -33.902331812032571 ], [ 151.17619156549199, -33.902402870678621 ], [ 151.17616386915401, -33.902411958542658 ], [ 151.176224966473882, -33.902485070456457 ], [ 151.176194266489148, -33.902495270688156 ], [ 151.176418072170662, -33.902962169172589 ], [ 151.176372690037368, -33.902977190191521 ], [ 151.176475972784488, -33.903002968754848 ], [ 151.17655827487178, -33.903174468197427 ], [ 151.176382875120709, -33.903247869526169 ], [ 151.176170787023352, -33.90327339120018 ], [ 151.176183275061106, -33.903299371027941 ], [ 151.176014275273928, -33.903367572307374 ], [ 151.1750873, -33.9031362 ], [ 151.175010500000013, -33.9029764 ], [ 151.1750548, -33.9029618 ], [ 151.1749974, -33.902946699999987 ], [ 151.174889963022537, -33.902715339786397 ], [ 151.174486457406459, -33.902847861029734 ], [ 151.173864027614201, -33.902692494699195 ], [ 151.173786721981628, -33.902717895663699 ], [ 151.173932419037328, -33.903019659562126 ], [ 151.173327219207437, -33.90321836239373 ], [ 151.173129618747538, -33.903205563302791 ], [ 151.172750500360934, -33.90311092679751 ], [ 151.172726824569509, -33.903132183350657 ], [ 151.173123464967773, -33.903231193774261 ], [ 151.17314796558324, -33.903281693608179 ], [ 151.172903565709561, -33.903363395453006 ], [ 151.1719766, -33.903132 ], [ 151.171966655490195, -33.90307663429175 ], [ 151.171818300000012, -33.9030396 ], [ 151.1716966, -33.9027922 ], [ 151.171821348020188, -33.90276272893913 ], [ 151.171662600000019, -33.9027231 ], [ 151.1715494, -33.9024931 ], [ 151.171661488535761, -33.902493823179107 ], [ 151.1716513, -33.9024728 ], [ 151.171897199999989, -33.9023907 ], [ 151.172184556267013, -33.902462433429427 ], [ 151.172231056628647, -33.902558133331702 ], [ 151.172201460201734, -33.902568022975217 ], [ 151.172238756699642, -33.90257733331584 ], [ 151.17225070254247, -33.902632627661099 ], [ 151.172349090766517, -33.902665470911671 ], [ 151.172273600000011, -33.9025112 ], [ 151.172383201803086, -33.902475189845006 ], [ 151.172219399999989, -33.9024343 ], [ 151.1721231, -33.9021516 ], [ 151.172153712553012, -33.902144438498667 ], [ 151.1721139, -33.9021345 ], [ 151.172025610471366, -33.901766420116921 ], [ 151.171961900000014, -33.9016839 ], [ 151.171751699999987, -33.9010284 ], [ 151.171914, -33.9009905 ], [ 151.172195390164319, -33.901051834809664 ], [ 151.1717033, -33.9009179 ], [ 151.1715384, -33.9004446 ], [ 151.171587706384315, -33.900433136184738 ], [ 151.1715447, -33.900422399999989 ], [ 151.17152480727475, -33.90036363739695 ], [ 151.170707099999987, -33.9001595 ], [ 151.170692300000013, -33.9001308 ], [ 151.170727199999988, -33.900068 ], [ 151.170843641197536, -33.900097069479344 ], [ 151.170929360263614, -33.900078091282971 ], [ 151.1707543, -33.90002 ], [ 151.1707835, -33.8999675 ], [ 151.171446906738169, -33.900133117236045 ], [ 151.171416512999826, -33.900023229738224 ], [ 151.170515200000011, -33.899761 ], [ 151.170471345152492, -33.89964408260056 ] ], [ [ 151.210542893011251, -33.900003763721521 ], [ 151.210565088613208, -33.899922997717056 ], [ 151.210636544261121, -33.899902586978847 ], [ 151.210631606257408, -33.899853667384484 ], [ 151.210667322021123, -33.899824905246646 ], [ 151.21081758013429, -33.899850709078756 ], [ 151.210733845567347, -33.899816174437305 ], [ 151.21073464469535, -33.899777928491595 ], [ 151.210859640129399, -33.899794898790098 ], [ 151.210874396828245, -33.899775317795758 ], [ 151.210642227362541, -33.899702076303868 ], [ 151.210637427360297, -33.899679945697351 ], [ 151.21077909918813, -33.899708168785523 ], [ 151.210831804343684, -33.899672676202577 ], [ 151.210941746313978, -33.899685950112293 ], [ 151.21074011409064, -33.899617580239379 ], [ 151.21073371405916, -33.899588072767756 ], [ 151.210986835111242, -33.899631788952277 ], [ 151.211079362752855, -33.899523366827573 ], [ 151.210888745806159, -33.899450561428239 ], [ 151.211002289718152, -33.899476502330337 ], [ 151.211040352937573, -33.899413179915605 ], [ 151.211158258415395, -33.899430918113588 ], [ 151.211202519776066, -33.899379053223768 ], [ 151.210993556087402, -33.899313003748283 ], [ 151.21121566902022, -33.899363645093828 ], [ 151.211238285594249, -33.899337143240999 ], [ 151.210917731025347, -33.899290088462777 ], [ 151.210490654355056, -33.899183618973204 ], [ 151.210422602165181, -33.899227975741205 ], [ 151.209914534818523, -33.89910314249839 ], [ 151.210030319924527, -33.899166805331852 ], [ 151.209991823435473, -33.899197806679652 ], [ 151.209901333115738, -33.899176232140022 ], [ 151.20988425612552, -33.899270723330275 ], [ 151.210087072699082, -33.899321286417127 ], [ 151.21010982087293, -33.899350775476151 ], [ 151.210071324325696, -33.89938177684617 ], [ 151.209870921637162, -33.899343500617384 ], [ 151.210375788384482, -33.899469365418653 ], [ 151.210418035263331, -33.899524130718909 ], [ 151.210386420747, -33.899570718473747 ], [ 151.210508769237038, -33.899602570784033 ], [ 151.21053801717369, -33.899640485195079 ], [ 151.210507202881701, -33.899677526881007 ], [ 151.21043405035752, -33.899693020816578 ], [ 151.209833981773698, -33.899545111139162 ], [ 151.209829389877001, -33.899570172733547 ], [ 151.210565140335888, -33.89975359658122 ], [ 151.210587888786506, -33.899783085558951 ], [ 151.210534962691014, -33.899811474983316 ], [ 151.209817930130328, -33.899632717517242 ], [ 151.2098050140699, -33.899703210415957 ], [ 151.210350418153382, -33.899839181012247 ], [ 151.210378440827697, -33.899898497178533 ], [ 151.210327920572894, -33.899925595955281 ], [ 151.209571669544687, -33.899738467325236 ], [ 151.209483764267617, -33.899767112164426 ], [ 151.208988897688243, -33.899635733398512 ], [ 151.208306489176209, -33.899466445779517 ], [ 151.20897641144407, -33.899633467959909 ], [ 151.209006771416824, -33.899683803256572 ], [ 151.209586675108937, -33.899828378721082 ], [ 151.209633700000012, -33.8997771 ], [ 151.210542893011251, -33.900003763721521 ] ], [ [ 151.210968995990555, -33.89255740606815 ], [ 151.210774219006396, -33.89252250304321 ], [ 151.21097194500112, -33.892571003248385 ], [ 151.210968995990555, -33.89255740606815 ] ], [ [ 151.210793907208796, -33.88888059545728 ], [ 151.210954050740156, -33.888894844805826 ], [ 151.210540234581316, -33.88877593158707 ], [ 151.210488781972373, -33.888821793260874 ], [ 151.210793907208796, -33.88888059545728 ] ], [ [ 151.210675369761418, -33.901658977505363 ], [ 151.21067233685045, -33.901653599131691 ], [ 151.210665776308929, -33.901656585930077 ], [ 151.210675369761418, -33.901658977505363 ] ], [ [ 151.210679846017882, -33.900083413280917 ], [ 151.210690158810422, -33.900072803220205 ], [ 151.210645349035218, -33.900061632299284 ], [ 151.210679846017882, -33.900083413280917 ] ], [ [ 151.2108294, -33.8874966 ], [ 151.210801000868031, -33.887504012768886 ], [ 151.210897663510622, -33.887513619914721 ], [ 151.2108294, -33.8874966 ] ], [ [ 151.209688558718113, -33.902341065633813 ], [ 151.20986315953121, -33.902389858070116 ], [ 151.209868007192114, -33.902431672288778 ], [ 151.209932057603055, -33.902464282931888 ], [ 151.210228823419271, -33.902571458389147 ], [ 151.210545052417729, -33.902650291919912 ], [ 151.210578991560254, -33.902591477008926 ], [ 151.209957803322681, -33.90240818781038 ], [ 151.209688558718113, -33.902341065633813 ] ], [ [ 151.210717657201684, -33.887916673711445 ], [ 151.210711430264581, -33.887965767904333 ], [ 151.210831174480091, -33.887999957613793 ], [ 151.210757343985819, -33.887926568688044 ], [ 151.210717657201684, -33.887916673711445 ] ], [ [ 151.210215681994555, -33.902647912891553 ], [ 151.210159479495616, -33.902642674568824 ], [ 151.210333111940201, -33.902704775369763 ], [ 151.210504667051765, -33.902726514226849 ], [ 151.210229090556822, -33.902646074312152 ], [ 151.210211743312243, -33.902612532609943 ], [ 151.20990540124788, -33.902536727577022 ], [ 151.210215681994555, -33.902647912891553 ] ], [ [ 151.210340815057293, -33.892433667208884 ], [ 151.210703080580657, -33.892530278671394 ], [ 151.210711088680625, -33.892525982732735 ], [ 151.210340815057293, -33.892433667208884 ] ], [ [ 151.210370491209403, -33.902741622838867 ], [ 151.210390455820402, -33.902736003292731 ], [ 151.21026442366292, -33.902715180957053 ], [ 151.210370491209403, -33.902741622838867 ] ], [ [ 151.210389497566212, -33.90164052355982 ], [ 151.210294176622966, -33.901616760483769 ], [ 151.210293277010521, -33.90162069256936 ], [ 151.210389497566212, -33.90164052355982 ] ], [ [ 151.210069113243264, -33.90147162622582 ], [ 151.210320906146876, -33.901534397454903 ], [ 151.210282538290301, -33.901521217597008 ], [ 151.210069113243264, -33.90147162622582 ] ], [ [ 151.210063779227369, -33.898424407531216 ], [ 151.210019055827473, -33.898507229457024 ], [ 151.210282409712477, -33.898572884889695 ], [ 151.210300750874126, -33.898483485726452 ], [ 151.210063779227369, -33.898424407531216 ] ], [ [ 151.210292946949352, -33.888135960746467 ], [ 151.210413243208023, -33.888165954159739 ], [ 151.210517343579198, -33.888108156516338 ], [ 151.210313290448852, -33.888057280116037 ], [ 151.210292946949352, -33.888135960746467 ] ], [ [ 151.210022406253643, -33.896559869150465 ], [ 151.210031740584043, -33.896565268727763 ], [ 151.21033456340777, -33.896637692942996 ], [ 151.210022406253643, -33.896559869150465 ] ], [ [ 151.210455125662946, -33.890855969607237 ], [ 151.210261718752321, -33.890811082761644 ], [ 151.21045472507771, -33.890859203619854 ], [ 151.210455125662946, -33.890855969607237 ] ], [ [ 151.20999642825484, -33.898618617907253 ], [ 151.209749787666794, -33.898719662336028 ], [ 151.210087069175955, -33.89880374879634 ], [ 151.210121561036061, -33.898833531152526 ], [ 151.210106268470668, -33.898892271294429 ], [ 151.209970722298578, -33.898887382279838 ], [ 151.210204775078722, -33.89894573270805 ], [ 151.21026206613567, -33.898670587236836 ], [ 151.20999642825484, -33.898618617907253 ] ], [ [ 151.210188130177215, -33.899025670972762 ], [ 151.209874331608944, -33.898971659211149 ], [ 151.210184262411445, -33.899048926463792 ], [ 151.210188130177215, -33.899025670972762 ] ], [ [ 151.209684429241292, -33.900614461413568 ], [ 151.209695119646653, -33.900663752136751 ], [ 151.209601718083604, -33.900681567659625 ], [ 151.209557249948034, -33.900770421852293 ], [ 151.209042347617981, -33.900707484406048 ], [ 151.208644862357374, -33.900612469968614 ], [ 151.208569147393405, -33.900621510160896 ], [ 151.209716847882163, -33.9008992197205 ], [ 151.209467181061427, -33.900834281766976 ], [ 151.209455972133185, -33.90081055522581 ], [ 151.209888844397057, -33.900902031357383 ], [ 151.20993203365785, -33.900855621835703 ], [ 151.209843150914878, -33.900812529220566 ], [ 151.209953206014745, -33.900832870808962 ], [ 151.210047297188851, -33.900731763737966 ], [ 151.209774462215876, -33.900653278527763 ], [ 151.210057883337811, -33.900720388213998 ], [ 151.210073214147485, -33.900703914227947 ], [ 151.209621909288785, -33.900590012686862 ], [ 151.209684429241292, -33.900614461413568 ] ], [ [ 151.209209716171301, -33.890484375615443 ], [ 151.210224887889098, -33.890787750425318 ], [ 151.210224522671126, -33.890760969755142 ], [ 151.209962981685919, -33.890695760967603 ], [ 151.209830961459545, -33.89061679652027 ], [ 151.209468976658485, -33.890506666326537 ], [ 151.209426249653944, -33.890537238598149 ], [ 151.209209716171301, -33.890484375615443 ] ], [ [ 151.209931660601882, -33.902494908452923 ], [ 151.209415033799957, -33.902315512856632 ], [ 151.209150718606736, -33.902256525915881 ], [ 151.209616968479594, -33.902416456223847 ], [ 151.209931660601882, -33.902494908452923 ] ], [ [ 151.209872545765563, -33.903574538885678 ], [ 151.209829228818592, -33.903525647318233 ], [ 151.209810031404999, -33.903558954371775 ], [ 151.209872545765563, -33.903574538885678 ] ], [ [ 151.209991721920716, -33.893789940162058 ], [ 151.209690206138561, -33.893731488179256 ], [ 151.21000317790191, -33.893809518228281 ], [ 151.209991721920716, -33.893789940162058 ] ], [ [ 151.209661624761537, -33.895530495726497 ], [ 151.209652150207404, -33.895568789992851 ], [ 151.209798549800979, -33.895599741711543 ], [ 151.209854768667299, -33.895572610286692 ], [ 151.209855926411535, -33.895534828895023 ], [ 151.209917629104922, -33.89553439799473 ], [ 151.209658911693793, -33.895465441672762 ], [ 151.209633201865813, -33.895495823065254 ], [ 151.209402410295013, -33.895438986173765 ], [ 151.209661624761537, -33.895530495726497 ] ], [ [ 151.209365466631368, -33.896348661657463 ], [ 151.209232682777269, -33.896334221856122 ], [ 151.209227288140767, -33.896360464693061 ], [ 151.209828320371173, -33.896510311541128 ], [ 151.209721029522598, -33.896465387600209 ], [ 151.209755837015763, -33.896405975380397 ], [ 151.209371208580308, -33.896326710191993 ], [ 151.209365466631368, -33.896348661657463 ] ], [ [ 151.209087037865999, -33.896429304407462 ], [ 151.209178543717371, -33.896494784581854 ], [ 151.209243080755613, -33.896487517025385 ], [ 151.209799033333553, -33.89662105885867 ], [ 151.209789040318839, -33.896584606493619 ], [ 151.209087037865999, -33.896429304407462 ] ], [ [ 151.209823643105068, -33.891081687407592 ], [ 151.20981746357279, -33.891092181094891 ], [ 151.209904119562793, -33.891114514436012 ], [ 151.209823643105068, -33.891081687407592 ] ], [ [ 151.209841915903013, -33.893606089443871 ], [ 151.209769037796008, -33.893577226797838 ], [ 151.20976609708498, -33.893587186251274 ], [ 151.209841915903013, -33.893606089443871 ] ], [ [ 151.209706192830339, -33.891481325180777 ], [ 151.209675859376659, -33.891473762232614 ], [ 151.209699400304913, -33.891482349661736 ], [ 151.209706192830339, -33.891481325180777 ] ], [ [ 151.208928641140574, -33.893613855291605 ], [ 151.209539665060788, -33.893751979751386 ], [ 151.209567037595747, -33.893747495148418 ], [ 151.208936774872512, -33.893594617229873 ], [ 151.208928641140574, -33.893613855291605 ] ], [ [ 151.209623148896213, -33.887401005122264 ], [ 151.209649552496785, -33.887411808952997 ], [ 151.209648885286612, -33.887407422177247 ], [ 151.209623148896213, -33.887401005122264 ] ], [ [ 151.209273877906014, -33.897568900783533 ], [ 151.209424725508484, -33.897604500609724 ], [ 151.209274265730386, -33.897566988807746 ], [ 151.209273877906014, -33.897568900783533 ] ], [ [ 151.209465487959505, -33.893583994076209 ], [ 151.209157474687174, -33.893505275501823 ], [ 151.209155572192003, -33.893505562428111 ], [ 151.209465487959505, -33.893583994076209 ] ], [ [ 151.209765821923554, -33.87849150411455 ], [ 151.208802217266026, -33.87828961701949 ], [ 151.208786165985941, -33.8783468402276 ], [ 151.208525490267874, -33.878341421165501 ], [ 151.208797990060418, -33.878409374257664 ], [ 151.208833683371779, -33.87835506367184 ], [ 151.208938445302664, -33.878362640563211 ], [ 151.20949846382544, -33.878500741057344 ], [ 151.209556867294765, -33.878460000850929 ], [ 151.209765821923554, -33.87849150411455 ] ], [ [ 151.208776745535232, -33.894929681771259 ], [ 151.209210666529657, -33.895041316942503 ], [ 151.209407509360489, -33.895109231117239 ], [ 151.209400249857509, -33.895077776750526 ], [ 151.208776745535232, -33.894929681771259 ] ], [ [ 151.208351884310616, -33.890116952814097 ], [ 151.209457699819694, -33.890475889730283 ], [ 151.209358257032534, -33.890422898488772 ], [ 151.209499651107507, -33.890435676827707 ], [ 151.208719900738259, -33.890213871517759 ], [ 151.208464789542603, -33.890121988467641 ], [ 151.208442817400424, -33.890074003123829 ], [ 151.20828316748873, -33.890059607383208 ], [ 151.207634987395579, -33.889897986204126 ], [ 151.207628612972627, -33.889925260171346 ], [ 151.207313208055609, -33.889854070220899 ], [ 151.208351884310616, -33.890116952814097 ] ], [ [ 151.209426449564205, -33.893412794088135 ], [ 151.208968037711998, -33.893306353572996 ], [ 151.209426082296801, -33.893414736075428 ], [ 151.209426449564205, -33.893412794088135 ] ], [ [ 151.209421230903502, -33.892675720347668 ], [ 151.209301036411404, -33.892642900303237 ], [ 151.209308476642235, -33.89260739490922 ], [ 151.209097138817071, -33.892554702368315 ], [ 151.209071089129054, -33.892603307933449 ], [ 151.209421230903502, -33.892675720347668 ] ], [ [ 151.209366035338832, -33.891363519135773 ], [ 151.209362895820988, -33.891378424652586 ], [ 151.209420964926693, -33.891392903014115 ], [ 151.209366035338832, -33.891363519135773 ] ], [ [ 151.209226446136455, -33.892317232970406 ], [ 151.209329021774408, -33.892342807996755 ], [ 151.209340075541633, -33.892324231211916 ], [ 151.209236499755804, -33.89229840682502 ], [ 151.209226446136455, -33.892317232970406 ] ], [ [ 151.209435332733108, -33.886912686325033 ], [ 151.209405719970874, -33.886900454807339 ], [ 151.209243600805166, -33.886858561852115 ], [ 151.20924504912071, -33.886865240680798 ], [ 151.209435332733108, -33.886912686325033 ] ], [ [ 151.209480327401735, -33.883110645500828 ], [ 151.209456725611005, -33.883146107745887 ], [ 151.209496423375214, -33.883098698820163 ], [ 151.209404177282153, -33.883075697219816 ], [ 151.209480327401735, -33.883110645500828 ] ], [ [ 151.208962276439308, -33.876977316448112 ], [ 151.209579035514508, -33.877095107861486 ], [ 151.209582333518512, -33.877036340765279 ], [ 151.208315685075291, -33.876767066931649 ], [ 151.208954741469967, -33.876927716422486 ], [ 151.208962276439308, -33.876977316448112 ] ], [ [ 151.20935916520213, -33.883815114236285 ], [ 151.208840838581608, -33.883646114494582 ], [ 151.208815097511689, -33.883679449902772 ], [ 151.20935916520213, -33.883815114236285 ] ], [ [ 151.208882638297723, -33.892674485542898 ], [ 151.208939674165663, -33.892758810490399 ], [ 151.209112479402592, -33.892801895942007 ], [ 151.209126108708091, -33.892735190003698 ], [ 151.208882638297723, -33.892674485542898 ] ], [ [ 151.208850080844968, -33.903500492324902 ], [ 151.208179291081734, -33.903316787565444 ], [ 151.207728185697022, -33.903204321388678 ], [ 151.207761136332493, -33.903233657572983 ], [ 151.208850080844968, -33.903500492324902 ] ], [ [ 151.208691709710223, -33.879738056709911 ], [ 151.209291091877617, -33.879899606628605 ], [ 151.209324012126132, -33.879871602312043 ], [ 151.208710106937019, -33.879718517324399 ], [ 151.208691709710223, -33.879738056709911 ] ], [ [ 151.209053157791629, -33.883759793754251 ], [ 151.20924069853649, -33.883804260832285 ], [ 151.208801511021136, -33.883697044776333 ], [ 151.209053157791629, -33.883759793754251 ] ], [ [ 151.20904133717039, -33.893161068502906 ], [ 151.209041791895089, -33.893158633167026 ], [ 151.208876456950406, -33.893119959044938 ], [ 151.20904133717039, -33.893161068502906 ] ], [ [ 151.208834435268415, -33.890684925628022 ], [ 151.208809402569187, -33.890701646787953 ], [ 151.209082832169685, -33.89076982247947 ], [ 151.209077959862242, -33.890757491295581 ], [ 151.208834435268415, -33.890684925628022 ] ], [ [ 151.209075379720161, -33.886791639112161 ], [ 151.209073785827258, -33.88680031758431 ], [ 151.209136504001322, -33.886815955985334 ], [ 151.209075379720161, -33.886791639112161 ] ], [ [ 151.20908334461339, -33.886766071193264 ], [ 151.209030567149739, -33.886746911163343 ], [ 151.209077649382408, -33.886775626782928 ], [ 151.20908334461339, -33.886766071193264 ] ], [ [ 151.208797218523586, -33.899682224082973 ], [ 151.208675110765569, -33.899655039089339 ], [ 151.20867044420487, -33.899657542124089 ], [ 151.208797218523586, -33.899682224082973 ] ], [ [ 151.208858870366868, -33.896475191946742 ], [ 151.208616215013819, -33.896437603654796 ], [ 151.2088510860344, -33.896511258157901 ], [ 151.208858870366868, -33.896475191946742 ] ], [ [ 151.208762212809347, -33.894969705004691 ], [ 151.208878483508471, -33.894998694286592 ], [ 151.208879174378012, -33.894996040603495 ], [ 151.208762212809347, -33.894969705004691 ] ], [ [ 151.207814499331676, -33.882431871623766 ], [ 151.207791255961695, -33.882513907485375 ], [ 151.207833037079553, -33.882524326289619 ], [ 151.207883177890125, -33.882610798829361 ], [ 151.207996197124913, -33.882640962354607 ], [ 151.208878432815993, -33.8831282161918 ], [ 151.208991240721161, -33.88314158965747 ], [ 151.2088358, -33.8830647 ], [ 151.208813099999986, -33.8830032 ], [ 151.2088861, -33.8829291 ], [ 151.209040956466623, -33.882953866844872 ], [ 151.209005865974859, -33.882856275360069 ], [ 151.20821520447214, -33.882659117061785 ], [ 151.208154855878462, -33.882606997273932 ], [ 151.208168377601623, -33.882520116428566 ], [ 151.207814499331676, -33.882431871623766 ] ], [ [ 151.208512367169703, -33.896810984032932 ], [ 151.208646318056736, -33.89684438109996 ], [ 151.20865560707486, -33.896810745761634 ], [ 151.208518220289506, -33.896776492042683 ], [ 151.208512367169703, -33.896810984032932 ] ], [ [ 151.208308207005842, -33.876708691857651 ], [ 151.208313237066875, -33.876747957371457 ], [ 151.208929599658916, -33.876870282240532 ], [ 151.208920255948158, -33.876851536858346 ], [ 151.208308207005842, -33.876708691857651 ] ], [ [ 151.2083927, -33.8905076 ], [ 151.208386233983987, -33.89053579913201 ], [ 151.208578260768036, -33.890583679089858 ], [ 151.2083927, -33.8905076 ] ], [ [ 151.208298329598534, -33.902288697232898 ], [ 151.208039892998016, -33.902211761175742 ], [ 151.20802423195596, -33.902235112217184 ], [ 151.208298329598534, -33.902288697232898 ] ], [ [ 151.208541372559722, -33.886510638852116 ], [ 151.208520310428497, -33.886489549724821 ], [ 151.208517787302213, -33.886496962270527 ], [ 151.208541372559722, -33.886510638852116 ] ], [ [ 151.208254251599243, -33.898400890636879 ], [ 151.207895218860074, -33.898339633457859 ], [ 151.207646778163848, -33.898277690579725 ], [ 151.208102002814883, -33.898391538657016 ], [ 151.208108603027341, -33.898420804427992 ], [ 151.208251801619753, -33.898428761896326 ], [ 151.208254251599243, -33.898400890636879 ] ], [ [ 151.20838441052976, -33.890485134347841 ], [ 151.208347121609933, -33.890477911674211 ], [ 151.20838525374694, -33.890487419587771 ], [ 151.20838441052976, -33.890485134347841 ] ], [ [ 151.208270809971253, -33.894875638240428 ], [ 151.208243369553742, -33.894856078495451 ], [ 151.208228971265754, -33.894865206549568 ], [ 151.208270809971253, -33.894875638240428 ] ], [ [ 151.208144435498326, -33.883793501935131 ], [ 151.208126637046348, -33.883816247679704 ], [ 151.208394931886346, -33.883883149409897 ], [ 151.208399841549237, -33.883857375977705 ], [ 151.208144435498326, -33.883793501935131 ] ], [ [ 151.208330977108346, -33.886301981897468 ], [ 151.208333167185145, -33.886303225427227 ], [ 151.208333129517484, -33.886302518605284 ], [ 151.208330977108346, -33.886301981897468 ] ], [ [ 151.207992980553371, -33.88407500824232 ], [ 151.2080861, -33.8839635 ], [ 151.208368435072089, -33.88402224497603 ], [ 151.207933490977382, -33.883913787464117 ], [ 151.207866767901947, -33.884043535680753 ], [ 151.207992980553371, -33.88407500824232 ] ], [ [ 151.207531156007178, -33.893315285245961 ], [ 151.206607346654778, -33.893119721727267 ], [ 151.208141072558135, -33.893514444825044 ], [ 151.208146684134761, -33.893488697000151 ], [ 151.207531156007178, -33.893315285245961 ] ], [ [ 151.208302204071089, -33.885128699511938 ], [ 151.20830707572037, -33.885129914283752 ], [ 151.208307003330219, -33.885122375372113 ], [ 151.208302204071089, -33.885128699511938 ] ], [ [ 151.208045262947678, -33.895378591606942 ], [ 151.208059205096646, -33.895378707980505 ], [ 151.208049539024159, -33.895376297923661 ], [ 151.208045262947678, -33.895378591606942 ] ], [ [ 151.207567388188977, -33.895459154343285 ], [ 151.207568487919275, -33.895515731617422 ], [ 151.207934377221193, -33.895606960174753 ], [ 151.207948071283028, -33.895575720570776 ], [ 151.20801646237075, -33.895587916358721 ], [ 151.207567388188977, -33.895459154343285 ] ], [ [ 151.206537388709336, -33.895419503125396 ], [ 151.20658150455435, -33.895472136365427 ], [ 151.207273654567018, -33.895625430159917 ], [ 151.207526492255937, -33.895696825128368 ], [ 151.207562054235353, -33.895742325006296 ], [ 151.207969789978762, -33.895828988073667 ], [ 151.207982633513808, -33.895753494123973 ], [ 151.207909852205347, -33.895732495109861 ], [ 151.207908340018719, -33.895703242960508 ], [ 151.207582921037471, -33.895622105087604 ], [ 151.207513027197791, -33.895637769710234 ], [ 151.206659673375782, -33.895418719543301 ], [ 151.206661141534454, -33.895348602082294 ], [ 151.206740438714263, -33.895338913155783 ], [ 151.206653629216106, -33.895311563065754 ], [ 151.206642941099176, -33.895262272115971 ], [ 151.20669345962952, -33.895235174780524 ], [ 151.206753695524213, -33.895248786834117 ], [ 151.206682739795639, -33.895213851636875 ], [ 151.206669914047922, -33.895154702498992 ], [ 151.206757841041195, -33.895116229234645 ], [ 151.206648634610588, -33.895031360277521 ], [ 151.206689720138939, -33.894981972613088 ], [ 151.206753164496888, -33.894986137004679 ], [ 151.206719243104374, -33.894938517335795 ], [ 151.206766526758969, -33.894888194999112 ], [ 151.206694028182653, -33.89486213131071 ], [ 151.206675850799911, -33.894805468156548 ], [ 151.206484312995713, -33.894758036504896 ], [ 151.206362791089788, -33.895375967960518 ], [ 151.206537388709336, -33.895419503125396 ] ], [ [ 151.207951557455004, -33.883871576773565 ], [ 151.208095319494106, -33.883907425417704 ], [ 151.208104647046895, -33.883857480004316 ], [ 151.208066260008053, -33.883895237575494 ], [ 151.207951557455004, -33.883871576773565 ] ], [ [ 151.207504578459776, -33.893234880036012 ], [ 151.207844301601483, -33.893329213451175 ], [ 151.207852691896619, -33.893320640388836 ], [ 151.207547609198627, -33.893241047812218 ], [ 151.207504578459776, -33.893234880036012 ] ], [ [ 151.207700156941229, -33.896262873575914 ], [ 151.207523603409925, -33.896218852905776 ], [ 151.207520319838068, -33.896228397083767 ], [ 151.207569799629738, -33.896231196213492 ], [ 151.207700156941229, -33.896262873575914 ] ], [ [ 151.207596462699343, -33.899395896563959 ], [ 151.207576007499569, -33.899394779587759 ], [ 151.207595985124044, -33.899399760518747 ], [ 151.207596462699343, -33.899395896563959 ] ], [ [ 151.207786959138787, -33.883703938180808 ], [ 151.207824037422853, -33.883660945343024 ], [ 151.20767135522027, -33.88364163753198 ], [ 151.207718703949809, -33.8836869178024 ], [ 151.207786959138787, -33.883703938180808 ] ], [ [ 151.206915467354577, -33.896162437970887 ], [ 151.206016960594468, -33.89601387766735 ], [ 151.205983772457586, -33.896033148743641 ], [ 151.206824213792572, -33.896217926759391 ], [ 151.206850244408912, -33.896201416602359 ], [ 151.207006836083707, -33.896239757379959 ], [ 151.207033589807907, -33.896214185356435 ], [ 151.207333753675272, -33.896288323633932 ], [ 151.20736511388705, -33.896233895361412 ], [ 151.20747815483162, -33.896248150615449 ], [ 151.20697953946501, -33.89613250063973 ], [ 151.206915467354577, -33.896162437970887 ] ], [ [ 151.207410898012398, -33.89029240260421 ], [ 151.20730634989593, -33.890277565746707 ], [ 151.207524119917906, -33.890331866720317 ], [ 151.207531, -33.8902981 ], [ 151.207592349046195, -33.890306661033812 ], [ 151.207416788211532, -33.890262885054554 ], [ 151.207410898012398, -33.89029240260421 ] ], [ [ 151.207373180282787, -33.896125351720407 ], [ 151.207397307595983, -33.896154174313459 ], [ 151.207404116196756, -33.896133065143026 ], [ 151.207373180282787, -33.896125351720407 ] ], [ [ 151.207402635356289, -33.884842165740316 ], [ 151.207282727511824, -33.88481226496495 ], [ 151.207261228413984, -33.884836064395628 ], [ 151.207383871343524, -33.884866647218814 ], [ 151.207402635356289, -33.884842165740316 ] ], [ [ 151.207351545935012, -33.88490855580865 ], [ 151.207226786361275, -33.884874191598087 ], [ 151.207162010992931, -33.884941284270042 ], [ 151.207310801169172, -33.884971094440942 ], [ 151.207351545935012, -33.88490855580865 ] ], [ [ 151.206513407556457, -33.887762078656195 ], [ 151.207262634522579, -33.887934424549499 ], [ 151.2070214, -33.8878543 ], [ 151.207050918630301, -33.887776539034839 ], [ 151.20658131131205, -33.887666089368302 ], [ 151.206513407556457, -33.887762078656195 ] ], [ [ 151.207089894910979, -33.885573635179917 ], [ 151.207281671869055, -33.885628434469226 ], [ 151.207289003397051, -33.885623285674242 ], [ 151.207089894910979, -33.885573635179917 ] ], [ [ 151.206483110896954, -33.887804906169485 ], [ 151.206566233828738, -33.887799384050034 ], [ 151.207231940686313, -33.887965385245337 ], [ 151.206502170808221, -33.887777962987293 ], [ 151.206483110896954, -33.887804906169485 ] ], [ [ 151.207259482328368, -33.880232460848198 ], [ 151.207330618839194, -33.88018534888149 ], [ 151.206191975122152, -33.879914395400348 ], [ 151.206238454030625, -33.879996727387223 ], [ 151.207259482328368, -33.880232460848198 ] ], [ [ 151.206338269358184, -33.895500658230645 ], [ 151.206295712930597, -33.895717051934163 ], [ 151.206324300321683, -33.89576158589513 ], [ 151.206283214193149, -33.895810973412722 ], [ 151.205943745629838, -33.895737982819377 ], [ 151.205895109210871, -33.89578180098642 ], [ 151.205468441069797, -33.895679501428795 ], [ 151.205908249581768, -33.895789168376723 ], [ 151.205943217144977, -33.895838489172114 ], [ 151.206018424014133, -33.895859732125032 ], [ 151.206083817255262, -33.895828207279862 ], [ 151.206569589604101, -33.895947362108366 ], [ 151.206585417352926, -33.895927289328135 ], [ 151.206484451636527, -33.895873971574993 ], [ 151.206515196448777, -33.895837014702742 ], [ 151.206944221737928, -33.895943144282832 ], [ 151.206496818393532, -33.895814768458976 ], [ 151.206483992704449, -33.895755619308453 ], [ 151.206544615351874, -33.895723102597302 ], [ 151.206860133938108, -33.89577352496547 ], [ 151.206587809125438, -33.895698777213262 ], [ 151.206589410833914, -33.89562228544407 ], [ 151.206681551739962, -33.895616878729811 ], [ 151.206693913971407, -33.895592005606879 ], [ 151.206625714295882, -33.895568725311037 ], [ 151.206611063053941, -33.895525621243877 ], [ 151.206574862259231, -33.895504653601179 ], [ 151.206505888656437, -33.895540483029215 ], [ 151.206338269358184, -33.895500658230645 ] ], [ [ 151.2055015944037, -33.889866303988711 ], [ 151.205555981767759, -33.889906031834691 ], [ 151.205474892809548, -33.889916847128084 ], [ 151.206633689849838, -33.890204513135792 ], [ 151.2066613, -33.8902084 ], [ 151.2066678, -33.8901769 ], [ 151.207058169000419, -33.890260995662516 ], [ 151.205881695905362, -33.889948400810397 ], [ 151.205882490648634, -33.889910453496505 ], [ 151.205938057719095, -33.889880646640947 ], [ 151.206134901182139, -33.88992818404968 ], [ 151.206152106107169, -33.889839568914041 ], [ 151.20599047378667, -33.88979926376004 ], [ 151.205879020966279, -33.889832637483821 ], [ 151.205700096542159, -33.889794559762628 ], [ 151.205707969813915, -33.889833115640094 ], [ 151.205667557371072, -33.889854793279326 ], [ 151.205169843876888, -33.889731804851039 ], [ 151.205130447526813, -33.88976462176997 ], [ 151.2055015944037, -33.889866303988711 ] ], [ [ 151.207097229986971, -33.88769499851179 ], [ 151.206833972378178, -33.887606752462268 ], [ 151.206840721561917, -33.887580828125024 ], [ 151.207050992317704, -33.887624057304194 ], [ 151.206743652485301, -33.887528932305997 ], [ 151.206704294210027, -33.887492239096581 ], [ 151.206638860260938, -33.887584737511027 ], [ 151.206778529170407, -33.887630031918739 ], [ 151.206624640183691, -33.887604839193699 ], [ 151.207073598870153, -33.887716792342381 ], [ 151.207097229986971, -33.88769499851179 ] ], [ [ 151.206453437852986, -33.888614569963195 ], [ 151.206708433391384, -33.888678156078207 ], [ 151.206795697352931, -33.888701425135729 ], [ 151.206794741486505, -33.888697603287376 ], [ 151.206453437852986, -33.888614569963195 ] ], [ [ 151.206564700237351, -33.89776489204408 ], [ 151.206345801976767, -33.897710312015491 ], [ 151.206580628930169, -33.897769018354602 ], [ 151.206564700237351, -33.89776489204408 ] ], [ [ 151.206775931043694, -33.885548057614855 ], [ 151.206569848292617, -33.885443952487066 ], [ 151.206503461614943, -33.885516619422589 ], [ 151.206758106690557, -33.885580120035627 ], [ 151.206775931043694, -33.885548057614855 ] ], [ [ 151.206353555182545, -33.901914343837021 ], [ 151.206363846288383, -33.901912416167207 ], [ 151.206156223458009, -33.901865142932934 ], [ 151.206353555182545, -33.901914343837021 ] ], [ [ 151.205158114980293, -33.896379485238896 ], [ 151.205309027790463, -33.896402862173865 ], [ 151.205356720843866, -33.896364239186497 ], [ 151.205422910908709, -33.896365203666974 ], [ 151.2063968, -33.8966073 ], [ 151.2063528, -33.8965875 ], [ 151.206379199941466, -33.896529643809941 ], [ 151.2063317, -33.896517800000019 ], [ 151.206337499999989, -33.8964811 ], [ 151.206383018877972, -33.896480084492659 ], [ 151.205955583403863, -33.896367473900334 ], [ 151.205946293271978, -33.89640963231183 ], [ 151.205738442148828, -33.89636904318656 ], [ 151.205729067992223, -33.89641875545189 ], [ 151.205592167803701, -33.896400955765976 ], [ 151.2053048, -33.8963293 ], [ 151.205316462037331, -33.89626707878525 ], [ 151.20519839633846, -33.896237638621628 ], [ 151.204915374753227, -33.896205767121813 ], [ 151.204908487221758, -33.896234755022519 ], [ 151.204724312047006, -33.896203113020647 ], [ 151.205168633742517, -33.896317414125768 ], [ 151.205158114980293, -33.896379485238896 ] ], [ [ 151.206308477895021, -33.883480849025879 ], [ 151.205999119587688, -33.883876282866936 ], [ 151.206330950278584, -33.883959033927958 ], [ 151.206640355868927, -33.883563611302854 ], [ 151.206308477895021, -33.883480849025879 ] ], [ [ 151.206341668427655, -33.881534463405885 ], [ 151.2057601690951, -33.881410508798155 ], [ 151.206091812212208, -33.881503682000471 ], [ 151.205753038658315, -33.881429795758827 ], [ 151.206165693782623, -33.881543172045127 ], [ 151.205746713422485, -33.881446904741075 ], [ 151.205729075169671, -33.881494613997553 ], [ 151.205869587947774, -33.881571515481021 ], [ 151.206548751093067, -33.88174088702435 ], [ 151.206582642413196, -33.881692044838907 ], [ 151.20630890000001, -33.881577 ], [ 151.206341668427655, -33.881534463405885 ] ], [ [ 151.206180248625827, -33.897456983247579 ], [ 151.205350220070756, -33.897250018291743 ], [ 151.205314427252802, -33.897288105933384 ], [ 151.205258793432535, -33.897284917454115 ], [ 151.205294246589432, -33.897426680394283 ], [ 151.206234015363265, -33.897645066224122 ], [ 151.20615220000002, -33.8976079 ], [ 151.206180248625827, -33.897456983247579 ] ], [ [ 151.20565981986104, -33.885521972719566 ], [ 151.205653900681995, -33.885564128477967 ], [ 151.206021277433507, -33.885655743408137 ], [ 151.206107878602467, -33.885740342790506 ], [ 151.206055391377276, -33.88584217025231 ], [ 151.2062387, -33.8857188 ], [ 151.206445057329688, -33.885770259566073 ], [ 151.206364559977914, -33.88560227761959 ], [ 151.206034958475641, -33.885533890426927 ], [ 151.205990715912037, -33.885604490315302 ], [ 151.20565981986104, -33.885521972719566 ] ], [ [ 151.206524295120943, -33.881297565059441 ], [ 151.206445633565551, -33.881236111162465 ], [ 151.206432302968977, -33.881274623940222 ], [ 151.206524295120943, -33.881297565059441 ] ], [ [ 151.205761974662266, -33.901142524503847 ], [ 151.205988816255172, -33.901179659106099 ], [ 151.205995151635818, -33.901122362501795 ], [ 151.205704879012529, -33.901032302345335 ], [ 151.205657870126174, -33.900932785529072 ], [ 151.205682135776641, -33.90086701204509 ], [ 151.204945745935646, -33.900683399059062 ], [ 151.204867557479361, -33.900729947504296 ], [ 151.204846914634146, -33.900763050615481 ], [ 151.204912143828523, -33.900788442793683 ], [ 151.204936405975246, -33.900839806446044 ], [ 151.204895977926867, -33.900897955139854 ], [ 151.205671093325748, -33.901091223814426 ], [ 151.205708458740276, -33.901123489340591 ], [ 151.20570045789006, -33.901176823197616 ], [ 151.205761974662266, -33.901142524503847 ] ], [ [ 151.206043171005803, -33.892734960541013 ], [ 151.206085699999988, -33.8927528 ], [ 151.206145483139295, -33.892760472641498 ], [ 151.206043171005803, -33.892734960541013 ] ], [ [ 151.206115902422312, -33.89263771323153 ], [ 151.206064623623405, -33.892628191496932 ], [ 151.206115263332634, -33.892640818807067 ], [ 151.206115902422312, -33.89263771323153 ] ], [ [ 151.2027225, -33.888404799999989 ], [ 151.203135413199817, -33.888454338969531 ], [ 151.202925375847798, -33.888394895734194 ], [ 151.202983141976546, -33.888312595981255 ], [ 151.203031527749516, -33.888308107109843 ], [ 151.203033552987989, -33.888258913039998 ], [ 151.203395934231992, -33.888329327732514 ], [ 151.203449339982768, -33.888267988418363 ], [ 151.203321979030619, -33.888236225749758 ], [ 151.203330979424834, -33.888201660274788 ], [ 151.204432064843672, -33.888476423817053 ], [ 151.204410198558634, -33.888503396445067 ], [ 151.204547104167631, -33.888575355296446 ], [ 151.204456244853219, -33.888654207368845 ], [ 151.204612223382583, -33.888693105250184 ], [ 151.204677385441471, -33.888635780654575 ], [ 151.2046829076005, -33.888564370585605 ], [ 151.204807923810733, -33.8885564598149 ], [ 151.204729096464575, -33.888528815406197 ], [ 151.204719828882133, -33.888452963836876 ], [ 151.203988724962471, -33.88827063960629 ], [ 151.203983927195253, -33.888248508777721 ], [ 151.204745212830829, -33.888431933167894 ], [ 151.204897553572039, -33.888418791492171 ], [ 151.204812313660341, -33.888371054993456 ], [ 151.204813397982093, -33.888319308673367 ], [ 151.204858038788558, -33.888283357929303 ], [ 151.205131598873976, -33.888337008462337 ], [ 151.205295779209905, -33.888332561284976 ], [ 151.206141098539121, -33.888538424247777 ], [ 151.203714541064471, -33.887924357069387 ], [ 151.203599590055916, -33.887825077078588 ], [ 151.203585759866456, -33.887751314216786 ], [ 151.202610632436034, -33.887510354376438 ], [ 151.202317669753228, -33.88748392555059 ], [ 151.20182167122374, -33.887362159591497 ], [ 151.20181781251145, -33.887381523349198 ], [ 151.202066884563408, -33.88744997339434 ], [ 151.202047758968405, -33.887553181259264 ], [ 151.202108185265558, -33.88761588853432 ], [ 151.202079275790425, -33.887663302548177 ], [ 151.202377167192736, -33.887756350638362 ], [ 151.202168162328178, -33.887727862066896 ], [ 151.2025312593872, -33.887827245533281 ], [ 151.202505639848795, -33.887858042167807 ], [ 151.202159318328398, -33.887772372805046 ], [ 151.202123257040483, -33.887881106434179 ], [ 151.202269875423525, -33.887917673405525 ], [ 151.202285933951941, -33.887972763488122 ], [ 151.202351891321428, -33.888000471447782 ], [ 151.202340991787736, -33.888047171543583 ], [ 151.202126191344178, -33.888016174107996 ], [ 151.202635576879317, -33.888143215000902 ], [ 151.202661568598501, -33.888176918208934 ], [ 151.202617575540899, -33.888212345830901 ], [ 151.202482866475123, -33.888179875514858 ], [ 151.202452789667831, -33.888217696086329 ], [ 151.20197812067272, -33.888100157349825 ], [ 151.201898429002824, -33.888451713542622 ], [ 151.202427769786539, -33.888583731711606 ], [ 151.202476623748936, -33.888625926175237 ], [ 151.202456307217602, -33.888707514498762 ], [ 151.202533726372621, -33.888718824462146 ], [ 151.2026196, -33.8884502 ], [ 151.2027225, -33.888404799999989 ] ], [ [ 151.205419869997769, -33.895962542360486 ], [ 151.20582005257782, -33.896061202568262 ], [ 151.205958006052043, -33.896037016654084 ], [ 151.205801344982945, -33.895998307614065 ], [ 151.205704852844462, -33.89600980547452 ], [ 151.205420945228212, -33.895939012519356 ], [ 151.205419869997769, -33.895962542360486 ] ], [ [ 151.206184976719499, -33.881094318203417 ], [ 151.205463120201813, -33.880908769966979 ], [ 151.205325247584398, -33.88086606199068 ], [ 151.205320831634054, -33.88087881040672 ], [ 151.206184976719499, -33.881094318203417 ] ], [ [ 151.204232753450214, -33.887150761497217 ], [ 151.204262292291361, -33.887228204132612 ], [ 151.204191572106424, -33.887266139226 ], [ 151.203190576721937, -33.887018470278754 ], [ 151.203181335105825, -33.887037370361277 ], [ 151.203375079738208, -33.887110403651953 ], [ 151.203357235935414, -33.887178932868011 ], [ 151.203303346444386, -33.887196634761487 ], [ 151.202474367657487, -33.886992241323433 ], [ 151.202339336524972, -33.887016998089443 ], [ 151.203629974691893, -33.88735870359946 ], [ 151.203520726347335, -33.887587835433848 ], [ 151.203650211697834, -33.887629712549128 ], [ 151.2038756, -33.8875272 ], [ 151.204046566619638, -33.887569836962236 ], [ 151.204024582120923, -33.88751644412671 ], [ 151.204057577358952, -33.887453162594291 ], [ 151.204134562373014, -33.887427873697263 ], [ 151.204241065511155, -33.887451619290054 ], [ 151.204253854371217, -33.887402871489535 ], [ 151.204292346834649, -33.88739022698411 ], [ 151.205561607429303, -33.887696635778624 ], [ 151.205554857850814, -33.887722560032451 ], [ 151.205361663133743, -33.887674804507228 ], [ 151.205362257175864, -33.887701017579325 ], [ 151.205519102422301, -33.887742412606634 ], [ 151.205515651257514, -33.887769474679843 ], [ 151.205723101211788, -33.887821206961242 ], [ 151.205771305968483, -33.887722498343656 ], [ 151.204418418902691, -33.887363407390808 ], [ 151.204408801464012, -33.887319045373395 ], [ 151.204462076281004, -33.887296073163533 ], [ 151.204472363402374, -33.887257333917717 ], [ 151.204597097308351, -33.887201697089509 ], [ 151.205609659379064, -33.887463569834786 ], [ 151.205722260345254, -33.887511987664112 ], [ 151.20544646899441, -33.887469590458601 ], [ 151.20542566735449, -33.887476147199997 ], [ 151.205472533394783, -33.887515055140774 ], [ 151.205425856718335, -33.887549997579008 ], [ 151.205910525698272, -33.887701156422608 ], [ 151.205980538291357, -33.887529596126853 ], [ 151.204575586281862, -33.887189057824813 ], [ 151.204232753450214, -33.887150761497217 ] ], [ [ 151.20588517068748, -33.890906756902204 ], [ 151.205864784714151, -33.890841311903181 ], [ 151.205508351186893, -33.890797881809839 ], [ 151.205471923745108, -33.890838414047387 ], [ 151.204842146597969, -33.89068235238107 ], [ 151.205528860301996, -33.890859187153815 ], [ 151.205566, -33.8908428 ], [ 151.20588517068748, -33.890906756902204 ] ], [ [ 151.205994423263888, -33.877869681005564 ], [ 151.206089158148359, -33.877879707404539 ], [ 151.205805503097594, -33.877822565239981 ], [ 151.205994423263888, -33.877869681005564 ] ], [ [ 151.205242122908373, -33.903417041897548 ], [ 151.205273406448356, -33.903362241716778 ], [ 151.205370534658442, -33.903376746604948 ], [ 151.20541199725119, -33.903297479651023 ], [ 151.205313773706848, -33.903272989055225 ], [ 151.205339735704314, -33.903330551992831 ], [ 151.205108827553033, -33.903383806479575 ], [ 151.205242122908373, -33.903417041897548 ] ], [ [ 151.205401566446199, -33.894724552588343 ], [ 151.205300857446588, -33.894716249887409 ], [ 151.205398416383616, -33.894740576904191 ], [ 151.205401566446199, -33.894724552588343 ] ], [ [ 151.205283023715111, -33.894808070866695 ], [ 151.205271095023306, -33.894869488294873 ], [ 151.205368309569138, -33.894893729423174 ], [ 151.205380376291885, -33.894832346418795 ], [ 151.205283023715111, -33.894808070866695 ] ], [ [ 151.205344518772193, -33.895014752095832 ], [ 151.205245752950759, -33.894999967056691 ], [ 151.205342674254922, -33.895024135052878 ], [ 151.205344518772193, -33.895014752095832 ] ], [ [ 151.205413515933145, -33.891527489919753 ], [ 151.205300269569307, -33.891517187377737 ], [ 151.205410147550367, -33.891544587122453 ], [ 151.205413515933145, -33.891527489919753 ] ], [ [ 151.2051542120997, -33.895343578672083 ], [ 151.205275990229694, -33.895363351407212 ], [ 151.205156159513763, -33.895333470810542 ], [ 151.2051542120997, -33.895343578672083 ] ], [ [ 151.205120520008251, -33.895051920172762 ], [ 151.205125859700473, -33.895045454227471 ], [ 151.20512182428601, -33.895044447963279 ], [ 151.205120520008251, -33.895051920172762 ] ], [ [ 151.204600934974906, -33.88322739136202 ], [ 151.205160946293773, -33.883364264324953 ], [ 151.205200273629941, -33.883314438819546 ], [ 151.205104200000022, -33.8832801 ], [ 151.205205400000011, -33.8832212 ], [ 151.205272788351692, -33.883222566585744 ], [ 151.204927421556818, -33.883136436026099 ], [ 151.204846724371237, -33.883163574726773 ], [ 151.204582248886226, -33.883097616606776 ], [ 151.204600934974906, -33.88322739136202 ] ], [ [ 151.204756454851662, -33.895929390763747 ], [ 151.204738989111632, -33.895949308619066 ], [ 151.203735852355805, -33.895811687672385 ], [ 151.204957641516955, -33.896015581791502 ], [ 151.204756454851662, -33.895929390763747 ] ], [ [ 151.204446600427474, -33.899159138649459 ], [ 151.204335891992713, -33.899176369429981 ], [ 151.204852406497764, -33.899288825609474 ], [ 151.204702130284574, -33.899242226587702 ], [ 151.204680435983732, -33.89918100424282 ], [ 151.2044714981906, -33.899118636534205 ], [ 151.204444204090777, -33.899060852334514 ], [ 151.204472497741563, -33.899005589207505 ], [ 151.204285223183945, -33.898958891374704 ], [ 151.204148394953847, -33.898981339080564 ], [ 151.204421898879417, -33.899049538834547 ], [ 151.204446600427474, -33.899159138649459 ] ], [ [ 151.205212953901025, -33.880382841060339 ], [ 151.205200276047947, -33.880380465663499 ], [ 151.205212726860935, -33.88038357083164 ], [ 151.205212953901025, -33.880382841060339 ] ], [ [ 151.20510941310755, -33.880475374026162 ], [ 151.205041678456723, -33.880473637132759 ], [ 151.204990355971773, -33.880503787509824 ], [ 151.205153524908582, -33.880544481131224 ], [ 151.205204634403145, -33.88040958227792 ], [ 151.20516397927301, -33.880401788999215 ], [ 151.20506400754573, -33.880460519467995 ], [ 151.20510941310755, -33.880475374026162 ] ], [ [ 151.2047690518134, -33.893356626432414 ], [ 151.204912460442131, -33.893377850397506 ], [ 151.204771511575842, -33.893342702669763 ], [ 151.2047690518134, -33.893356626432414 ] ], [ [ 151.20232342981862, -33.876121849656236 ], [ 151.202026029879789, -33.876225750329674 ], [ 151.201965227967662, -33.876210584279008 ], [ 151.202074548193309, -33.876452773635464 ], [ 151.202154878811484, -33.876467287396125 ], [ 151.202339959837843, -33.876422509716683 ], [ 151.202384599999988, -33.8763356 ], [ 151.203311371977094, -33.876566760700193 ], [ 151.203523575880951, -33.876652814197975 ], [ 151.2035312078728, -33.876608296220368 ], [ 151.2028721, -33.8764439 ], [ 151.2028445, -33.8763878 ], [ 151.203256860484686, -33.876473164314916 ], [ 151.2025157, -33.8762883 ], [ 151.2024998, -33.8762631 ], [ 151.202531, -33.876250399999989 ], [ 151.20345777151266, -33.876481559584384 ], [ 151.20346857251792, -33.876512158868643 ], [ 151.203544444997988, -33.87653108295553 ], [ 151.2035588431973, -33.876447096865057 ], [ 151.2025643, -33.876226 ], [ 151.202518199999986, -33.8761875 ], [ 151.202615400000013, -33.8761061 ], [ 151.202678100000014, -33.8761048 ], [ 151.203581922885888, -33.876330234889046 ], [ 151.203618165581503, -33.876241533825187 ], [ 151.2028542, -33.876050299999989 ], [ 151.2028598, -33.8760252 ], [ 151.204014658909813, -33.876270850846659 ], [ 151.2040858, -33.8761536 ], [ 151.204160759882825, -33.876153567525314 ], [ 151.204154499969093, -33.876113558098645 ], [ 151.204199956895422, -33.876089171037762 ], [ 151.205259739093918, -33.87633110690863 ], [ 151.203598273272462, -33.875913534076304 ], [ 151.203590930410741, -33.875944946811273 ], [ 151.20291, -33.8758106 ], [ 151.2029182, -33.8757753 ], [ 151.203276566443321, -33.875833293348194 ], [ 151.202675400000032, -33.8756794 ], [ 151.2025442, -33.8751526 ], [ 151.20260817458211, -33.875079141324903 ], [ 151.201693712949321, -33.874870848606236 ], [ 151.20161822524193, -33.874895951113594 ], [ 151.201340574891077, -33.874826693513995 ], [ 151.201862954062904, -33.875984004164778 ], [ 151.202048100000013, -33.875877 ], [ 151.202182099999987, -33.875865199999986 ], [ 151.202261099999987, -33.875861 ], [ 151.202539129401771, -33.875930349156796 ], [ 151.20232342981862, -33.876121849656236 ] ], [ [ 151.204688273392122, -33.88549797262997 ], [ 151.204641522591231, -33.885535280784666 ], [ 151.20454008524689, -33.88552552383053 ], [ 151.204553297969284, -33.885559922893663 ], [ 151.204448006864425, -33.885738770167201 ], [ 151.204526546957794, -33.885758357089074 ], [ 151.204885767641514, -33.885547224827491 ], [ 151.204688273392122, -33.88549797262997 ] ], [ [ 151.204658862548001, -33.88993088773897 ], [ 151.204630994074279, -33.889941753847864 ], [ 151.204647286542638, -33.889945816791354 ], [ 151.204658862548001, -33.88993088773897 ] ], [ [ 151.203311719667226, -33.89794824073104 ], [ 151.202904699348352, -33.897846742513451 ], [ 151.202895403914624, -33.897944146099384 ], [ 151.203117770888753, -33.898036261634303 ], [ 151.203165954316177, -33.89823911779483 ], [ 151.203449588194161, -33.898309846496502 ], [ 151.203503683544625, -33.898269026560612 ], [ 151.20367700480935, -33.898310839188589 ], [ 151.203363919334095, -33.898214375983393 ], [ 151.203341505536969, -33.898166921901399 ], [ 151.203381922554655, -33.898145245199821 ], [ 151.204148750548967, -33.898335337225873 ], [ 151.203725649388247, -33.898216606747368 ], [ 151.203714442384666, -33.898192879736492 ], [ 151.204449776601564, -33.898337059648931 ], [ 151.2033391, -33.8980601 ], [ 151.203311719667226, -33.89794824073104 ] ], [ [ 151.20432642397418, -33.892875646989268 ], [ 151.203926840128787, -33.892797885276096 ], [ 151.204322649742551, -33.892896589406291 ], [ 151.20432642397418, -33.892875646989268 ] ], [ [ 151.203961846729186, -33.903346778412313 ], [ 151.204056599457772, -33.903377903601907 ], [ 151.204069848212072, -33.903373708260112 ], [ 151.203961846729186, -33.903346778412313 ] ], [ [ 151.204234510945668, -33.892914153840302 ], [ 151.203933677111962, -33.892836963241663 ], [ 151.203932506679024, -33.892838842119318 ], [ 151.204234510945668, -33.892914153840302 ] ], [ [ 151.204124649353645, -33.889536569562551 ], [ 151.203839037124339, -33.889481725643464 ], [ 151.203820600949484, -33.889498435387175 ], [ 151.204119529160891, -33.889564546915061 ], [ 151.204124649353645, -33.889536569562551 ] ], [ [ 151.204005859886252, -33.877477022627929 ], [ 151.2037023, -33.877372200000011 ], [ 151.2035138, -33.8772659 ], [ 151.203468439845949, -33.87719020797077 ], [ 151.203212478266579, -33.877183261630364 ], [ 151.202564078321416, -33.877021535356661 ], [ 151.202563932983566, -33.877040049206578 ], [ 151.202286175758957, -33.877031548125217 ], [ 151.202393045203195, -33.877348060218935 ], [ 151.2025712, -33.8773189 ], [ 151.2028192, -33.877325399999982 ], [ 151.204003308918402, -33.877614606955838 ], [ 151.20409242883602, -33.877567991824087 ], [ 151.204340933297914, -33.877627438167806 ], [ 151.2040389, -33.8775352 ], [ 151.204005859886252, -33.877477022627929 ] ], [ [ 151.2036134, -33.9022432 ], [ 151.203574896567773, -33.902206002405322 ], [ 151.203581280714502, -33.902237140222937 ], [ 151.203746343860701, -33.902276349922083 ], [ 151.2036134, -33.9022432 ] ], [ [ 151.203614092268367, -33.902397173843866 ], [ 151.203723322689655, -33.902399433649158 ], [ 151.20360869531433, -33.902370851016151 ], [ 151.203614092268367, -33.902397173843866 ] ], [ [ 151.203398848735617, -33.899081522832134 ], [ 151.203304921352071, -33.899097542742062 ], [ 151.203535709981793, -33.899155092896173 ], [ 151.203656621869101, -33.899117508208519 ], [ 151.203391367827919, -33.899051363869859 ], [ 151.203398848735617, -33.899081522832134 ] ], [ [ 151.20360062741895, -33.895023385188587 ], [ 151.203515254946609, -33.894974874792148 ], [ 151.203551019293542, -33.894940688083928 ], [ 151.203331468068626, -33.894885937815744 ], [ 151.203416596430401, -33.895046855559364 ], [ 151.20359264045814, -33.895066096960022 ], [ 151.20360062741895, -33.895023385188587 ] ], [ [ 151.203711272474635, -33.888543031918871 ], [ 151.203478146312136, -33.888484892950288 ], [ 151.203728459696464, -33.888555956348156 ], [ 151.203711272474635, -33.888543031918871 ] ], [ [ 151.203747670408262, -33.87797628166345 ], [ 151.203759862459037, -33.877952895811013 ], [ 151.203828380558406, -33.877955101358651 ], [ 151.2034114, -33.8778431 ], [ 151.20330051714717, -33.877792293918077 ], [ 151.203291965522112, -33.877761909532794 ], [ 151.203204456357639, -33.877740083101209 ], [ 151.203217906291286, -33.877765045289351 ], [ 151.202972606415727, -33.877847946955029 ], [ 151.202280482950613, -33.877675314556789 ], [ 151.202318287622319, -33.877758785203859 ], [ 151.202430942495084, -33.877786884312464 ], [ 151.203093599999988, -33.8778675 ], [ 151.203508404483699, -33.877970959669661 ], [ 151.203847265873264, -33.878008183341244 ], [ 151.203747670408262, -33.87797628166345 ] ], [ [ 151.202246800000012, -33.8892935 ], [ 151.202047620218224, -33.889219164123432 ], [ 151.20217595502001, -33.889226426229897 ], [ 151.202898036622855, -33.889397779688821 ], [ 151.202909299999988, -33.8893407 ], [ 151.203376407741729, -33.889420812444868 ], [ 151.203242442352774, -33.889351661139642 ], [ 151.203585463516703, -33.889384115834531 ], [ 151.203324232972307, -33.88931896819021 ], [ 151.203238360111499, -33.889311416791323 ], [ 151.203211918044673, -33.889338420350342 ], [ 151.203086883625758, -33.88932144439773 ], [ 151.20215997593121, -33.889090278001369 ], [ 151.202171227136347, -33.889047071292062 ], [ 151.202455287583973, -33.889103709049031 ], [ 151.202484122332351, -33.88908612530134 ], [ 151.202433899999988, -33.8890736 ], [ 151.202477165675788, -33.888895753033417 ], [ 151.2023719, -33.8888695 ], [ 151.2023316, -33.8888112 ], [ 151.202371051430617, -33.888727290394911 ], [ 151.201931639346441, -33.888618832366646 ], [ 151.201915840272164, -33.88869748170049 ], [ 151.202019692432572, -33.888728516952902 ], [ 151.202012118114197, -33.888789302565463 ], [ 151.202184813364767, -33.888832372919666 ], [ 151.202233547882201, -33.888895566604248 ], [ 151.202182191693197, -33.888957299395891 ], [ 151.202071983355722, -33.888944382448919 ], [ 151.202069255410805, -33.888988554085543 ], [ 151.202011604284706, -33.889026465046967 ], [ 151.202056515857151, -33.88910144506886 ], [ 151.202021868603111, -33.889167890025611 ], [ 151.201941032079304, -33.889194441897509 ], [ 151.201384277817141, -33.889072031786441 ], [ 151.201571884571479, -33.889153599113264 ], [ 151.201364566982647, -33.88912640197745 ], [ 151.201978167716874, -33.889291820214886 ], [ 151.2019917, -33.8892734 ], [ 151.20223366116565, -33.889333745004095 ], [ 151.202246800000012, -33.8892935 ] ], [ [ 151.201307822984688, -33.879059594005092 ], [ 151.201288624519947, -33.879260059994216 ], [ 151.201109380033103, -33.879333752219253 ], [ 151.201328143527064, -33.879717060414293 ], [ 151.201570156740786, -33.87977742568809 ], [ 151.201612702339219, -33.879851043433192 ], [ 151.201373, -33.87918710000001 ], [ 151.202207017925332, -33.879308893263655 ], [ 151.202263800023559, -33.879291237998103 ], [ 151.202491499559073, -33.879345779550995 ], [ 151.203708916580979, -33.879520862301675 ], [ 151.202798936353929, -33.879293899986877 ], [ 151.202421156791672, -33.87924120261787 ], [ 151.201364742323022, -33.878977703953886 ], [ 151.201392592413526, -33.879025575748777 ], [ 151.201307822984688, -33.879059594005092 ] ], [ [ 151.203247281984886, -33.9011895398883 ], [ 151.203240040615555, -33.901168408339444 ], [ 151.203199016613155, -33.901177504456392 ], [ 151.203247281984886, -33.9011895398883 ] ], [ [ 151.201912700000037, -33.873036300000017 ], [ 151.2019473, -33.8729035 ], [ 151.20222531963023, -33.872972849576819 ], [ 151.202237419820221, -33.87302864955511 ], [ 151.202202322026608, -33.873095603985789 ], [ 151.2022361, -33.8730798 ], [ 151.202504331238998, -33.873146707155087 ], [ 151.202527800000013, -33.8730391 ], [ 151.2027785, -33.8730255 ], [ 151.203638443023294, -33.87323079351043 ], [ 151.203611620439744, -33.873267996744438 ], [ 151.2036917, -33.8732444 ], [ 151.203803112952471, -33.873272189263687 ], [ 151.2037822, -33.873226 ], [ 151.203830214421288, -33.873201515381048 ], [ 151.20273057582267, -33.872927232071206 ], [ 151.202661174196209, -33.87297212112535 ], [ 151.201804900000013, -33.8727806 ], [ 151.201877476982531, -33.87247284210892 ], [ 151.201376600000032, -33.8723479 ], [ 151.2013867, -33.8723066 ], [ 151.201891448421549, -33.872414009928889 ], [ 151.200913744392381, -33.872170122653642 ], [ 151.2009304101569, -33.872291846891891 ], [ 151.201362777144965, -33.872399701317363 ], [ 151.201477987883123, -33.872636898409276 ], [ 151.201473204679502, -33.873060699040415 ], [ 151.201412433789187, -33.873465171278283 ], [ 151.20218428305003, -33.873104044027848 ], [ 151.201912700000037, -33.873036300000017 ] ], [ [ 151.203424899999987, -33.89097970000001 ], [ 151.203428710624308, -33.890960483570076 ], [ 151.203273786604143, -33.89094172491842 ], [ 151.203270105822583, -33.890961177436495 ], [ 151.203424899999987, -33.89097970000001 ] ], [ [ 151.203085447758923, -33.895781349735778 ], [ 151.20326747888808, -33.895839437265813 ], [ 151.203284359010325, -33.895811217579997 ], [ 151.203085447758923, -33.895781349735778 ] ], [ [ 151.203569641511251, -33.87638976830997 ], [ 151.203531223507923, -33.876376283624161 ], [ 151.203525305234422, -33.876378709972251 ], [ 151.203569641511251, -33.87638976830997 ] ], [ [ 151.203087036787906, -33.89831283516164 ], [ 151.20303667017825, -33.898290967870757 ], [ 151.203014135183452, -33.89829465580523 ], [ 151.203087036787906, -33.89831283516164 ] ], [ [ 151.202402234272995, -33.876732550105331 ], [ 151.202401949539023, -33.876759109732298 ], [ 151.202500558218304, -33.876817006741291 ], [ 151.203402454041338, -33.877037280006903 ], [ 151.2034303, -33.8768822 ], [ 151.203483421803952, -33.876890394834078 ], [ 151.203449427604198, -33.876854176485828 ], [ 151.203489707024289, -33.876852341638802 ], [ 151.203495034346531, -33.876820087904377 ], [ 151.203459659101441, -33.876804459419915 ], [ 151.203497998663067, -33.876802140737098 ], [ 151.2035042576411, -33.876765498692272 ], [ 151.203472837081222, -33.876752428695738 ], [ 151.203508245236122, -33.876742238830701 ], [ 151.202651816561541, -33.876516723440261 ], [ 151.202642706252306, -33.876588965914522 ], [ 151.203024772359356, -33.87668426286897 ], [ 151.20302397282839, -33.876728362888834 ], [ 151.202635829519636, -33.876643496588422 ], [ 151.202624300998821, -33.876734914526985 ], [ 151.20329997574197, -33.876922160897138 ], [ 151.20326757591684, -33.876947761146212 ], [ 151.202402234272995, -33.876732550105331 ] ], [ [ 151.202924757770376, -33.899305765821609 ], [ 151.203006342303496, -33.899326110277777 ], [ 151.202922604389215, -33.899297066220932 ], [ 151.202924757770376, -33.899305765821609 ] ], [ [ 151.201594993455814, -33.895734647419616 ], [ 151.20158304292201, -33.895757563363745 ], [ 151.201345663339765, -33.895698785734623 ], [ 151.201326093775151, -33.895755252516956 ], [ 151.201996112518628, -33.895938023566117 ], [ 151.2021461, -33.8959117 ], [ 151.202835755488849, -33.896083685737942 ], [ 151.20279020000001, -33.8958975 ], [ 151.20292341625867, -33.895874332536572 ], [ 151.202669499026484, -33.895811011445488 ], [ 151.202642088255971, -33.895852292245358 ], [ 151.202363792174026, -33.8957837353325 ], [ 151.202295234803955, -33.895786815463779 ], [ 151.202262471111453, -33.895833330356311 ], [ 151.202166229622804, -33.895864939636574 ], [ 151.20121599810355, -33.895631482836876 ], [ 151.201594993455814, -33.895734647419616 ] ], [ [ 151.202804384660141, -33.899587112635899 ], [ 151.202762494064558, -33.899576666482041 ], [ 151.202818518897487, -33.899597032041527 ], [ 151.202804384660141, -33.899587112635899 ] ], [ [ 151.203192215312669, -33.87159760775571 ], [ 151.203278970193963, -33.87160955815326 ], [ 151.203194988003247, -33.87158861009636 ], [ 151.203192215312669, -33.87159760775571 ] ], [ [ 151.202882298326841, -33.876220660043096 ], [ 151.202912655869852, -33.876247371578643 ], [ 151.203106608734288, -33.876276608636253 ], [ 151.202882298326841, -33.876220660043096 ] ], [ [ 151.202788588846204, -33.889949432392754 ], [ 151.202655219956284, -33.889904122654336 ], [ 151.202640482096456, -33.889912495661569 ], [ 151.202788588846204, -33.889949432392754 ] ], [ [ 151.202591777096472, -33.895670933496902 ], [ 151.202591595062131, -33.895670058609092 ], [ 151.202373926815909, -33.895615776463025 ], [ 151.202591777096472, -33.895670933496902 ] ], [ [ 151.202507715170128, -33.897663276324565 ], [ 151.202135546850997, -33.897577284276046 ], [ 151.20250986906089, -33.897670631463285 ], [ 151.202507715170128, -33.897663276324565 ] ], [ [ 151.202093656079285, -33.901041937521278 ], [ 151.202380961896495, -33.901112822036097 ], [ 151.202092556045869, -33.901038659058706 ], [ 151.202093656079285, -33.901041937521278 ] ], [ [ 151.201221354083941, -33.88937680439895 ], [ 151.201141740224983, -33.88937670988723 ], [ 151.201238719874908, -33.889400897338142 ], [ 151.201229188723175, -33.889447700828214 ], [ 151.201706562784551, -33.889566760177694 ], [ 151.201665665314721, -33.889769160634316 ], [ 151.201084436338476, -33.889655824155497 ], [ 151.201256306703357, -33.889750880152064 ], [ 151.201041108875245, -33.890015281836753 ], [ 151.200606741106526, -33.889906946485574 ], [ 151.200590955962184, -33.889927352769995 ], [ 151.200630156543639, -33.889967006119598 ], [ 151.200722483356913, -33.889990033399876 ], [ 151.200841945222265, -33.890075231957162 ], [ 151.201083975126778, -33.890144723707444 ], [ 151.201101070160973, -33.89022358986184 ], [ 151.201053450565524, -33.890261935767491 ], [ 151.20076956598129, -33.890212239304745 ], [ 151.200977815651328, -33.890310399918597 ], [ 151.201043716940177, -33.890325621988154 ], [ 151.201036708533536, -33.890281097287669 ], [ 151.201087225718396, -33.890254002193871 ], [ 151.201364404701877, -33.890321724583053 ], [ 151.201337361849738, -33.89026063641689 ], [ 151.201408833385329, -33.890247471751415 ], [ 151.201159289864478, -33.890185234459878 ], [ 151.201113804427564, -33.890126253304842 ], [ 151.201136903346509, -33.89008195686894 ], [ 151.201190795084585, -33.890064256005026 ], [ 151.201473598843023, -33.890132818148693 ], [ 151.201488477645768, -33.890106478311282 ], [ 151.201452981970448, -33.890076693051085 ], [ 151.201506982017605, -33.89007372012864 ], [ 151.201534172475647, -33.890022822836563 ], [ 151.201488273621521, -33.889979976736988 ], [ 151.201561467121905, -33.889973570361825 ], [ 151.201580394024063, -33.88994025614226 ], [ 151.201316323118391, -33.889867550110679 ], [ 151.201303501732212, -33.889808400511171 ], [ 151.201339216155958, -33.889779641000395 ], [ 151.201680918597077, -33.889853207554886 ], [ 151.201666135288832, -33.8898144774816 ], [ 151.201701496993053, -33.889795510725293 ], [ 151.202321183147461, -33.889911140751266 ], [ 151.202526750729135, -33.889928552997411 ], [ 151.202554763861343, -33.889909425499823 ], [ 151.202460091598795, -33.889913013545694 ], [ 151.201811252564625, -33.889751194389461 ], [ 151.201804856210913, -33.889721686532397 ], [ 151.201841073160296, -33.889721258477863 ], [ 151.2017454, -33.8896659 ], [ 151.201752, -33.8895814 ], [ 151.201816569262746, -33.889501961098702 ], [ 151.201150371869886, -33.889335808259553 ], [ 151.201145930853698, -33.889356852318045 ], [ 151.201221354083941, -33.88937680439895 ] ], [ [ 151.202955284277522, -33.868091961001035 ], [ 151.202951504472281, -33.86806317015855 ], [ 151.202954849802808, -33.868093630016809 ], [ 151.202955284277522, -33.868091961001035 ] ], [ [ 151.2019412, -33.9016164 ], [ 151.20217636834019, -33.901675043621225 ], [ 151.201800893101165, -33.901567514990759 ], [ 151.201828858454093, -33.901618915443919 ], [ 151.2019412, -33.9016164 ] ], [ [ 151.202119660909688, -33.900053771075235 ], [ 151.202128500068937, -33.900114842461434 ], [ 151.202049234247653, -33.900151230434538 ], [ 151.202165732742543, -33.90018028189926 ], [ 151.202157457803878, -33.900063196562897 ], [ 151.202119660909688, -33.900053771075235 ] ], [ [ 151.202127385327799, -33.901142461694043 ], [ 151.202139803090716, -33.901128191507134 ], [ 151.202121026086871, -33.901123509097374 ], [ 151.202127385327799, -33.901142461694043 ] ], [ [ 151.202217338171266, -33.894742720842402 ], [ 151.202256205608649, -33.894752413783813 ], [ 151.202265721732118, -33.89470354651688 ], [ 151.202226940139269, -33.894693874982224 ], [ 151.202217338171266, -33.894742720842402 ] ], [ [ 151.20161785360213, -33.894868130867998 ], [ 151.201808247364909, -33.894896150432466 ], [ 151.202208764296387, -33.894996033805491 ], [ 151.202219622769519, -33.89494027365263 ], [ 151.201643767976179, -33.894803099618649 ], [ 151.20161785360213, -33.894868130867998 ] ], [ [ 151.202201823485808, -33.895031676034606 ], [ 151.202094922075787, -33.895005016456132 ], [ 151.202200772882975, -33.895037071054006 ], [ 151.202201823485808, -33.895031676034606 ] ], [ [ 151.202192096859449, -33.895081623839197 ], [ 151.202085281027763, -33.895054985607018 ], [ 151.20219198643818, -33.895082190869935 ], [ 151.202192096859449, -33.895081623839197 ] ], [ [ 151.201894050898261, -33.901849120796861 ], [ 151.2017083, -33.9018028 ], [ 151.201659808965275, -33.901701272278295 ], [ 151.201559950328743, -33.901725703423907 ], [ 151.20166246318999, -33.901754731367575 ], [ 151.201696666696307, -33.901823576443292 ], [ 151.201894050898261, -33.901849120796861 ] ], [ [ 151.201648958621973, -33.901907143525357 ], [ 151.20174923988813, -33.901883403178275 ], [ 151.201723158483418, -33.901876899233599 ], [ 151.201648958621973, -33.901907143525357 ] ], [ [ 151.201911531242132, -33.874847089175724 ], [ 151.202313802102537, -33.874947430047726 ], [ 151.20213496387683, -33.874811544466972 ], [ 151.201953467077345, -33.874766272454515 ], [ 151.201911531242132, -33.874847089175724 ] ], [ [ 151.201703754096485, -33.9002051014903 ], [ 151.20115906623758, -33.90008075799593 ], [ 151.201706589162399, -33.900217298184508 ], [ 151.201703754096485, -33.9002051014903 ] ], [ [ 151.2014508, -33.8740563 ], [ 151.20161, -33.8740426 ], [ 151.202214821028576, -33.874189355039604 ], [ 151.201139, -33.873921 ], [ 151.201116983943223, -33.873854009122134 ], [ 151.200830909336815, -33.873782648125299 ], [ 151.201014325965872, -33.874148411859792 ], [ 151.201766689917918, -33.874325628135722 ], [ 151.202042325853455, -33.87424180969419 ], [ 151.2014666, -33.8740982 ], [ 151.2014508, -33.8740563 ] ], [ [ 151.2021045, -33.8765138 ], [ 151.202113196748456, -33.876538395780685 ], [ 151.202145074360686, -33.876546347070082 ], [ 151.2021045, -33.8765138 ] ], [ [ 151.201944635667076, -33.877505254016405 ], [ 151.20209175769034, -33.877541950701996 ], [ 151.202061804607126, -33.877479183389909 ], [ 151.201944635667076, -33.877505254016405 ] ], [ [ 151.200115896849439, -33.877390207118758 ], [ 151.200112857098645, -33.877429652741483 ], [ 151.200402047388593, -33.877508065359898 ], [ 151.200400575096779, -33.877578182783168 ], [ 151.20033556920248, -33.877587984156975 ], [ 151.199946622603534, -33.877490962659706 ], [ 151.199897579301563, -33.877528170287363 ], [ 151.200489926482618, -33.877675929045679 ], [ 151.200518660007447, -33.877700749677501 ], [ 151.200505914469915, -33.877749698885964 ], [ 151.20044681809236, -33.877758609274039 ], [ 151.199836439370898, -33.877606352459381 ], [ 151.199838366552854, -33.877626037961527 ], [ 151.200576576929933, -33.877810181434121 ], [ 151.200604219925452, -33.87785769162528 ], [ 151.200917205557914, -33.877935762900776 ], [ 151.20093269884913, -33.87796173965743 ], [ 151.201694900000035, -33.8777253 ], [ 151.202012147203163, -33.877804431322716 ], [ 151.202046914956981, -33.877775590716837 ], [ 151.200662021490928, -33.877443498933935 ], [ 151.200498519671243, -33.877425415412169 ], [ 151.200521973041788, -33.877462081730208 ], [ 151.200496273082052, -33.877473181924849 ], [ 151.200023983358335, -33.87736385662177 ], [ 151.200115896849439, -33.877390207118758 ] ], [ [ 151.20178206102176, -33.887139766630931 ], [ 151.201783767082702, -33.887133241693689 ], [ 151.201723583683759, -33.887125181901183 ], [ 151.20178206102176, -33.887139766630931 ] ], [ [ 151.2016652, -33.874628199999989 ], [ 151.202034821076126, -33.874735453265352 ], [ 151.201684919059289, -33.874469586607425 ], [ 151.201099321574986, -33.874323512982194 ], [ 151.201337832995847, -33.874820618868206 ], [ 151.2012937, -33.874709099999976 ], [ 151.201390300000043, -33.8746731 ], [ 151.201574711626961, -33.874719100037922 ], [ 151.20165535435018, -33.874691911440301 ], [ 151.2016068, -33.8746798 ], [ 151.2015963, -33.8746408 ], [ 151.2016652, -33.874628199999989 ] ], [ [ 151.201237291543976, -33.892475730436409 ], [ 151.201248543735318, -33.892432523863576 ], [ 151.201526662033984, -33.892501182289344 ], [ 151.200956490997299, -33.892354271615275 ], [ 151.200254431287277, -33.892196046158659 ], [ 151.20023908966877, -33.89222800108174 ], [ 151.200631391526258, -33.892325843848099 ], [ 151.200651464142936, -33.892365588427168 ], [ 151.200899479320924, -33.892427444286881 ], [ 151.20092924717585, -33.892409034249752 ], [ 151.201610182731201, -33.89256872855514 ], [ 151.201237291543976, -33.892475730436409 ] ], [ [ 151.202052670061647, -33.867107386761518 ], [ 151.202068516632949, -33.867111339788629 ], [ 151.202077463026058, -33.867105487400202 ], [ 151.202052670061647, -33.867107386761518 ] ], [ [ 151.201080532041544, -33.895757352460635 ], [ 151.200799102497911, -33.895700640650155 ], [ 151.200806857617749, -33.895760308146166 ], [ 151.200765187567669, -33.895793860595141 ], [ 151.20053608703688, -33.895750321650809 ], [ 151.200528823980306, -33.895773436857681 ], [ 151.201245975573102, -33.895936282039663 ], [ 151.2012616, -33.8958211 ], [ 151.201366918798925, -33.895802807103657 ], [ 151.201128172649334, -33.895743266015614 ], [ 151.201080532041544, -33.895757352460635 ] ], [ [ 151.201134867174602, -33.899046111169923 ], [ 151.201133260389156, -33.899122602667482 ], [ 151.201005592994278, -33.899119738298211 ], [ 151.201177616826527, -33.899190522626064 ], [ 151.201167199999986, -33.8991564 ], [ 151.201253688250659, -33.899128997797902 ], [ 151.2012144, -33.8991192 ], [ 151.2011973, -33.8990679 ], [ 151.201261056106006, -33.899053191274497 ], [ 151.200758917073813, -33.898916492484588 ], [ 151.200765376453006, -33.898947119916208 ], [ 151.201134867174602, -33.899046111169923 ] ], [ [ 151.201557492674311, -33.879904873155795 ], [ 151.201639523539257, -33.879925333943277 ], [ 151.201622752038389, -33.879878879535816 ], [ 151.201557492674311, -33.879904873155795 ] ], [ [ 151.201270786041704, -33.895410548628846 ], [ 151.201077465631954, -33.895362335986107 ], [ 151.201077280177714, -33.895363304783622 ], [ 151.201270786041704, -33.895410548628846 ] ], [ [ 151.200512201173467, -33.897581544592512 ], [ 151.200776377497931, -33.897638655061705 ], [ 151.2008022, -33.8976213 ], [ 151.201121705872765, -33.897700981094452 ], [ 151.201042051372582, -33.897621173410755 ], [ 151.200951233791244, -33.897598524565254 ], [ 151.200836392164234, -33.897625148066091 ], [ 151.200224831626088, -33.897488687976974 ], [ 151.200263708707041, -33.897606530338912 ], [ 151.200623944632639, -33.897696370701205 ], [ 151.200636599860445, -33.897638303837304 ], [ 151.200766238029303, -33.897645469700052 ], [ 151.200512201173467, -33.897581544592512 ] ], [ [ 151.200937275143758, -33.892474918832811 ], [ 151.201084, -33.8924955 ], [ 151.201177941808453, -33.89250843218521 ], [ 151.200934565712998, -33.892447733984042 ], [ 151.200937275143758, -33.892474918832811 ] ], [ [ 151.201110820292541, -33.890619358949479 ], [ 151.201218091227958, -33.890573184841053 ], [ 151.200965420794716, -33.890510167461983 ], [ 151.200912487943498, -33.890457738941095 ], [ 151.2008505716706, -33.890555398621522 ], [ 151.201110820292541, -33.890619358949479 ] ], [ [ 151.200939858825393, -33.901701989763744 ], [ 151.200928921966494, -33.901675710392354 ], [ 151.200893201045005, -33.901690354308442 ], [ 151.200939858825393, -33.901701989763744 ] ], [ [ 151.201006842682574, -33.898028073179567 ], [ 151.200604426468033, -33.897902177430865 ], [ 151.200638660650185, -33.897903137121979 ], [ 151.200661452886834, -33.897829282200696 ], [ 151.200607956917906, -33.897798453245628 ], [ 151.200298600812971, -33.897727352253582 ], [ 151.200351691256714, -33.897911189462668 ], [ 151.200118417839093, -33.897961650735184 ], [ 151.200430697493346, -33.898036986291579 ], [ 151.2005625, -33.8980086 ], [ 151.200846666535597, -33.898079468240724 ], [ 151.200902400036995, -33.898044832296144 ], [ 151.200624403084618, -33.89796630022181 ], [ 151.201011830848671, -33.898055527384393 ], [ 151.201006842682574, -33.898028073179567 ] ], [ [ 151.20095545719326, -33.897170647706901 ], [ 151.200993832339321, -33.897195605926264 ], [ 151.201010891810398, -33.897184472521261 ], [ 151.20095545719326, -33.897170647706901 ] ], [ [ 151.200698279070707, -33.894461213282653 ], [ 151.200658543325488, -33.894475016322637 ], [ 151.201046252024327, -33.894571709882221 ], [ 151.201050707800647, -33.89454905234993 ], [ 151.200698279070707, -33.894461213282653 ] ], [ [ 151.20099599803325, -33.894808265507443 ], [ 151.200589992644638, -33.894707008828163 ], [ 151.200995135345437, -33.894812719590448 ], [ 151.20099599803325, -33.894808265507443 ] ], [ [ 151.200974649464285, -33.894918488649942 ], [ 151.20033265165722, -33.894740930431112 ], [ 151.200326119952422, -33.894756746403552 ], [ 151.200974649464285, -33.894918488649942 ] ], [ [ 151.200957386675583, -33.89500761657915 ], [ 151.200689756009922, -33.894940870412469 ], [ 151.20067311545381, -33.894974864045523 ], [ 151.20095033919975, -33.895044002697695 ], [ 151.200957386675583, -33.89500761657915 ] ], [ [ 151.200694437783966, -33.896848048702161 ], [ 151.200853186489496, -33.896890862327844 ], [ 151.200856898869347, -33.896888565225396 ], [ 151.200694437783966, -33.896848048702161 ] ], [ [ 151.200678575782035, -33.901658351499044 ], [ 151.200678568832842, -33.901658349766045 ], [ 151.200678572869379, -33.90165835499959 ], [ 151.200678575782035, -33.901658351499044 ] ], [ [ 151.200765034509828, -33.892000486914824 ], [ 151.20040680142904, -33.891894965434346 ], [ 151.200437043853128, -33.891878745348713 ], [ 151.20077279461853, -33.891962483685433 ], [ 151.20079187230138, -33.891871697928352 ], [ 151.199973920781559, -33.891667693793316 ], [ 151.199966112009633, -33.891622329199478 ], [ 151.199904559358885, -33.891592854555256 ], [ 151.199925696043891, -33.891547828964853 ], [ 151.199580615468278, -33.89146176075031 ], [ 151.199407936946471, -33.89163901066447 ], [ 151.199350091778371, -33.891634885519842 ], [ 151.199856357118165, -33.891764275871985 ], [ 151.199898593527877, -33.891819044505482 ], [ 151.199839576833881, -33.891874731792754 ], [ 151.200232564208022, -33.891972747271929 ], [ 151.200244700000013, -33.8919407 ], [ 151.200427, -33.8919646 ], [ 151.200756018606569, -33.892046659262334 ], [ 151.200765034509828, -33.892000486914824 ] ], [ [ 151.200714934311208, -33.873597226334773 ], [ 151.20106724744744, -33.873702669590301 ], [ 151.201057542574745, -33.87367313928533 ], [ 151.200714934311208, -33.873597226334773 ] ], [ [ 151.200508590788843, -33.899868227644333 ], [ 151.200370280599259, -33.899778669340854 ], [ 151.200353118830606, -33.899811283426502 ], [ 151.200508590788843, -33.899868227644333 ] ], [ [ 151.199936107372054, -33.896854843575689 ], [ 151.199949040554287, -33.89688787113267 ], [ 151.200174, -33.8968812 ], [ 151.200338265079353, -33.896920789525367 ], [ 151.200180129652409, -33.896833725123791 ], [ 151.2002045215132, -33.896786954497955 ], [ 151.200305760120756, -33.896804432905455 ], [ 151.200335044361026, -33.896784193054359 ], [ 151.200240469672025, -33.896760606435734 ], [ 151.199936107372054, -33.896854843575689 ] ], [ [ 151.200108214772627, -33.898773326576581 ], [ 151.200262379898021, -33.898821677920836 ], [ 151.200287645886448, -33.898818075331583 ], [ 151.200108214772627, -33.898773326576581 ] ], [ [ 151.199991681823491, -33.898866879770821 ], [ 151.200164253617288, -33.898909918006183 ], [ 151.199991546171987, -33.898866253968578 ], [ 151.199991681823491, -33.898866879770821 ] ], [ [ 151.200029094374685, -33.888868875240561 ], [ 151.200029552300009, -33.888848149083223 ], [ 151.199763839900129, -33.888781874992929 ], [ 151.199740059158501, -33.888813750408396 ], [ 151.200274061655421, -33.888940566423159 ], [ 151.200029094374685, -33.888868875240561 ] ], [ [ 151.199556040689259, -33.892551849354419 ], [ 151.200029360837163, -33.89262982581247 ], [ 151.199600110716318, -33.892522765865884 ], [ 151.199556040689259, -33.892551849354419 ] ], [ [ 151.19991566135414, -33.89320085441603 ], [ 151.199926637859704, -33.893180644463548 ], [ 151.19910999035659, -33.892999909666798 ], [ 151.19991566135414, -33.89320085441603 ] ], [ [ 151.200005888934129, -33.877195346904578 ], [ 151.200026288738229, -33.877221388186612 ], [ 151.200248321943207, -33.877276773837387 ], [ 151.200179093162603, -33.877238552366968 ], [ 151.200005888934129, -33.877195346904578 ] ], [ [ 151.199718352903687, -33.887471830928128 ], [ 151.199994851374129, -33.887518679884181 ], [ 151.199882077597636, -33.88747974237112 ], [ 151.199718352903687, -33.887471830928128 ] ], [ [ 151.199882826996685, -33.887522600766722 ], [ 151.199699753806158, -33.887476535189663 ], [ 151.199698024916472, -33.887476506569257 ], [ 151.199882826996685, -33.887522600766722 ] ], [ [ 151.199599756290468, -33.893955988358897 ], [ 151.199705659330817, -33.893981690923219 ], [ 151.199599883876232, -33.893955309523122 ], [ 151.199599756290468, -33.893955988358897 ] ], [ [ 151.199353189600686, -33.888767487247179 ], [ 151.199380686260838, -33.888745345749534 ], [ 151.199479992903719, -33.888762821605987 ], [ 151.198933711908438, -33.888626564486181 ], [ 151.198844433990502, -33.888628395552452 ], [ 151.198918298062836, -33.888702410590554 ], [ 151.199339097077882, -33.88881484054874 ], [ 151.199680825078843, -33.888866220532776 ], [ 151.199353189600686, -33.888767487247179 ] ], [ [ 151.199554381701432, -33.892435617759304 ], [ 151.199579193137765, -33.892364487316435 ], [ 151.199233900000024, -33.8922645 ], [ 151.199275395720093, -33.892110841910416 ], [ 151.199052901828139, -33.892310540350223 ], [ 151.199554381701432, -33.892435617759304 ] ], [ [ 151.19971938547485, -33.885132074156012 ], [ 151.199436166804588, -33.88505354934891 ], [ 151.199410532827926, -33.885055036185669 ], [ 151.19971938547485, -33.885132074156012 ] ], [ [ 151.19701644432277, -33.867873055160821 ], [ 151.197004496819972, -33.867895970845908 ], [ 151.196667539484054, -33.867812322004767 ], [ 151.19668453639818, -33.867838714439557 ], [ 151.196971901745428, -33.867920620280046 ], [ 151.196711226665315, -33.867880158463635 ], [ 151.197891379861375, -33.86817460205404 ], [ 151.197943348113455, -33.868242010159982 ], [ 151.197905213496142, -33.868298933160496 ], [ 151.198087131459516, -33.868465523174081 ], [ 151.198085898880151, -33.868524168975789 ], [ 151.198034473921723, -33.868565037579963 ], [ 151.1982554, -33.8685906 ], [ 151.198533402424289, -33.86865995740429 ], [ 151.198534433127634, -33.868683620594346 ], [ 151.198821900000013, -33.8686301 ], [ 151.1992909, -33.8686383 ], [ 151.199828564959887, -33.868772433632074 ], [ 151.1999193, -33.8686999 ], [ 151.200016614666509, -33.86869915245299 ], [ 151.20006301185191, -33.868657608089812 ], [ 151.199394500000011, -33.8684838 ], [ 151.1994227888799, -33.868424898059921 ], [ 151.198800299999988, -33.8682696 ], [ 151.198771180489331, -33.868221662954021 ], [ 151.197654738293551, -33.867933259527199 ], [ 151.197627097757106, -33.867956920865147 ], [ 151.196594792969421, -33.867699362612683 ], [ 151.196985251582163, -33.867824181165517 ], [ 151.196629490768316, -33.867753240730011 ], [ 151.196646031946301, -33.8677789255471 ], [ 151.19701644432277, -33.867873055160821 ] ], [ [ 151.198752431235647, -33.892449256469462 ], [ 151.199101757572038, -33.892742588237006 ], [ 151.199352570108573, -33.892805144963809 ], [ 151.199393190028445, -33.892726087277147 ], [ 151.199333020543349, -33.892684914296787 ], [ 151.199419516678262, -33.892676635325998 ], [ 151.19923432793729, -33.892630446348285 ], [ 151.199179866352836, -33.892555867022637 ], [ 151.198752431235647, -33.892449256469462 ] ], [ [ 151.199389954540749, -33.891835846689958 ], [ 151.199328246809841, -33.891858169771012 ], [ 151.199367433713036, -33.891867943670874 ], [ 151.199389954540749, -33.891835846689958 ] ], [ [ 151.1991626601652, -33.898901524226865 ], [ 151.199146649746524, -33.898927113460829 ], [ 151.199207942371487, -33.898942399907227 ], [ 151.19920661433369, -33.898912486443891 ], [ 151.1991626601652, -33.898901524226865 ] ], [ [ 151.198816843954035, -33.895053887989533 ], [ 151.198709382171415, -33.895036428821868 ], [ 151.198704829905466, -33.895056960137083 ], [ 151.199194410920455, -33.89516494242465 ], [ 151.199218524723534, -33.895149383320266 ], [ 151.198713766704685, -33.89501665399245 ], [ 151.198816843954035, -33.895053887989533 ] ], [ [ 151.198929370418369, -33.896999133935886 ], [ 151.199144132643227, -33.896955098754972 ], [ 151.198948172322446, -33.896948919607119 ], [ 151.198929370418369, -33.896999133935886 ] ], [ [ 151.198928709409358, -33.898278679027577 ], [ 151.199060983387199, -33.898313520856995 ], [ 151.199064675595906, -33.898312589578225 ], [ 151.198928709409358, -33.898278679027577 ] ], [ [ 151.198910352597437, -33.897258658821329 ], [ 151.199085535154524, -33.897302350552614 ], [ 151.198906824994566, -33.897248608080574 ], [ 151.198910352597437, -33.897258658821329 ] ], [ [ 151.198806796595335, -33.900326324912569 ], [ 151.199006843634294, -33.900274601775266 ], [ 151.19887549650295, -33.900273781218367 ], [ 151.197731796113658, -33.899996641922414 ], [ 151.198445064494365, -33.900189581751263 ], [ 151.198492819911166, -33.900248244748539 ], [ 151.198806796595335, -33.900326324912569 ] ], [ [ 151.199052425873219, -33.897507008216877 ], [ 151.1990188388923, -33.897440084648508 ], [ 151.198977660423139, -33.897450429827437 ], [ 151.198978390166417, -33.897488543256102 ], [ 151.199052425873219, -33.897507008216877 ] ], [ [ 151.197815606570202, -33.900245621177291 ], [ 151.197518787953669, -33.900171591289073 ], [ 151.197392263883046, -33.900268199156493 ], [ 151.197186330365895, -33.900227520458301 ], [ 151.197106711514067, -33.900250616916793 ], [ 151.197178856528041, -33.900272033912657 ], [ 151.197167406243068, -33.900315987895489 ], [ 151.19703454037429, -33.900290974802019 ], [ 151.197885280239177, -33.900503160008832 ], [ 151.197927519406278, -33.900557929343769 ], [ 151.197858589056381, -33.900615108282082 ], [ 151.197900063346168, -33.900625452313392 ], [ 151.197948897603737, -33.900598645240869 ], [ 151.198188715378251, -33.900580365678039 ], [ 151.198291763532609, -33.90053722522363 ], [ 151.198516079985012, -33.900553782488323 ], [ 151.198870331200368, -33.900642133143513 ], [ 151.198906411413589, -33.900620428882398 ], [ 151.198977405285575, -33.900637149483664 ], [ 151.198711874317297, -33.900564175174104 ], [ 151.198671637840562, -33.900529425494774 ], [ 151.198679683858501, -33.900472680564725 ], [ 151.198339351428274, -33.90037759261326 ], [ 151.198707055486182, -33.90045147697419 ], [ 151.198757947891892, -33.900445835010331 ], [ 151.198787325387997, -33.900349725229539 ], [ 151.198487994751702, -33.900275071465003 ], [ 151.198411300067107, -33.900319200303223 ], [ 151.19790603112483, -33.900195518448193 ], [ 151.197886541234595, -33.900234930877339 ], [ 151.197815606570202, -33.900245621177291 ] ], [ [ 151.199009833456984, -33.897422140895586 ], [ 151.199001461870324, -33.897405460108871 ], [ 151.198958079343669, -33.89739464021536 ], [ 151.198963284643042, -33.89740947094878 ], [ 151.199009833456984, -33.897422140895586 ] ], [ [ 151.198570995416247, -33.897861456556981 ], [ 151.198444623370477, -33.897868174384158 ], [ 151.198728029046777, -33.897940279178584 ], [ 151.198749227861413, -33.897918870262906 ], [ 151.198974730916206, -33.897960600840264 ], [ 151.198570995416247, -33.897861456556981 ] ], [ [ 151.198875962644706, -33.898395783173683 ], [ 151.198902195591074, -33.8983911083143 ], [ 151.19888107945232, -33.898385841843975 ], [ 151.198875962644706, -33.898395783173683 ] ], [ [ 151.188824460167382, -33.894930693707941 ], [ 151.188746591410023, -33.894990802670861 ], [ 151.18863022766152, -33.89500431860705 ], [ 151.188142561646657, -33.894883909378841 ], [ 151.18815069409672, -33.894937707407045 ], [ 151.189203534967959, -33.895200395207404 ], [ 151.189225940108344, -33.895247851604118 ], [ 151.189122576906357, -33.895312300159596 ], [ 151.188681853908378, -33.895203465144228 ], [ 151.188664643960323, -33.895237920271406 ], [ 151.189623191247222, -33.895477076802905 ], [ 151.189668671239502, -33.895536061988658 ], [ 151.189645564884842, -33.895580355994085 ], [ 151.189521375458355, -33.895588763998092 ], [ 151.189722231544863, -33.895646863306659 ], [ 151.189743451675952, -33.89569180885622 ], [ 151.189720345313532, -33.895736102874487 ], [ 151.189589561797959, -33.895736586358638 ], [ 151.189566546110115, -33.89578129933146 ], [ 151.189512648553944, -33.895798994895827 ], [ 151.189330354836812, -33.895760493735608 ], [ 151.189723403328173, -33.895865403055744 ], [ 151.189741592053025, -33.895903927812753 ], [ 151.18968964570692, -33.896005049326931 ], [ 151.189932670152388, -33.89606568181545 ], [ 151.1897099, -33.8960032 ], [ 151.1897467, -33.8959699 ], [ 151.19022612494669, -33.896066950605736 ], [ 151.190813182877122, -33.895844549408253 ], [ 151.1906146, -33.8957743 ], [ 151.1906698, -33.8957549 ], [ 151.19089893077745, -33.895812064312054 ], [ 151.191759600000012, -33.895486 ], [ 151.192317308487162, -33.895625133110144 ], [ 151.192595686094876, -33.89552451777476 ], [ 151.1918316, -33.8953339 ], [ 151.191818399999988, -33.8953019 ], [ 151.191959161354134, -33.89526197387719 ], [ 151.1918326, -33.89523040000001 ], [ 151.191815100000014, -33.8951989 ], [ 151.1918897, -33.8951703 ], [ 151.192919393444754, -33.895436728270077 ], [ 151.1928374, -33.8952574 ], [ 151.1929256, -33.8951864 ], [ 151.19319, -33.8950313 ], [ 151.19353670000001, -33.8949022 ], [ 151.193737700000014, -33.894882799999969 ], [ 151.193935300488988, -33.894932093132454 ], [ 151.193891869522218, -33.894839313105997 ], [ 151.1937916, -33.8948143 ], [ 151.1937448, -33.8947585 ], [ 151.1938163, -33.8947287 ], [ 151.193888692185084, -33.894746758870824 ], [ 151.19445261657836, -33.894561082812785 ], [ 151.1943635, -33.894531 ], [ 151.194473169833742, -33.894554311431911 ], [ 151.1943928, -33.8945213 ], [ 151.194502766803453, -33.894544560542542 ], [ 151.1964672, -33.8938978 ], [ 151.196976563234529, -33.894024853233859 ], [ 151.196859, -33.893774499999978 ], [ 151.196892664496545, -33.893763602934627 ], [ 151.1966922, -33.8937136 ], [ 151.1966435, -33.8936115 ], [ 151.19672, -33.8935864 ], [ 151.196796219119079, -33.893605411794447 ], [ 151.196747499999987, -33.8935065 ], [ 151.1971585, -33.8933208 ], [ 151.197836261668272, -33.893489854073721 ], [ 151.197201400000012, -33.8933131 ], [ 151.1971845, -33.8932782 ], [ 151.197592555699032, -33.893364047346445 ], [ 151.197601, -33.8933083 ], [ 151.197857890062636, -33.893359426774076 ], [ 151.197899640314773, -33.893085146120683 ], [ 151.1977985088906, -33.893046310509277 ], [ 151.197906243817442, -33.893041564858528 ], [ 151.197788052073889, -33.892988265940112 ], [ 151.197826549906779, -33.892957268431275 ], [ 151.197915977696852, -33.892977323894975 ], [ 151.197799427126824, -33.892915301455524 ], [ 151.197832425238431, -33.89288873215866 ], [ 151.197951176725553, -33.89289567317811 ], [ 151.197924620667891, -33.892854642839772 ], [ 151.197962285880919, -33.892809373586786 ], [ 151.198430909055361, -33.892848433217765 ], [ 151.199006343413515, -33.892983347130695 ], [ 151.1982917, -33.8928051 ], [ 151.1981662, -33.8927294 ], [ 151.198159192911845, -33.892683983777317 ], [ 151.19789904519979, -33.892446198075469 ], [ 151.19733480214677, -33.892298360112157 ], [ 151.197318477117022, -33.892328508619023 ], [ 151.197433378032827, -33.892376587503314 ], [ 151.197399839053617, -33.892440896389644 ], [ 151.196893519312056, -33.892325286287914 ], [ 151.197248913136264, -33.892416542017237 ], [ 151.197285327792912, -33.892493656511633 ], [ 151.197219652216688, -33.892528877982492 ], [ 151.196624121593402, -33.892382159974737 ], [ 151.196565810005978, -33.892398363577733 ], [ 151.196666910776827, -33.892647251586205 ], [ 151.196783824351115, -33.892676414354952 ], [ 151.196829625504108, -33.892771114044173 ], [ 151.19653612565449, -33.89286891625899 ], [ 151.196353177649456, -33.892823281579453 ], [ 151.196301033077418, -33.892838307380231 ], [ 151.196956928362056, -33.893001913170096 ], [ 151.197006404839698, -33.89304037388402 ], [ 151.197257549007986, -33.893111674670287 ], [ 151.19702280301135, -33.893053121048659 ], [ 151.197098930490284, -33.893160312163715 ], [ 151.196381129718731, -33.893293017546682 ], [ 151.1954542, -33.8930618 ], [ 151.1954097, -33.8929629 ], [ 151.195470196003384, -33.892944155487001 ], [ 151.1953457, -33.8929131 ], [ 151.195309787126462, -33.892826517213855 ], [ 151.195210630171175, -33.892801782385632 ], [ 151.195280522730428, -33.892953925628312 ], [ 151.195124322783073, -33.89300342680621 ], [ 151.195058165266317, -33.892986923661212 ], [ 151.195067222716773, -33.893013527234267 ], [ 151.194672732630607, -33.893105985266466 ], [ 151.194641294640149, -33.893158232414017 ], [ 151.194945945024415, -33.893798982162735 ], [ 151.194441846169099, -33.894076585233861 ], [ 151.193765346412363, -33.894298089316983 ], [ 151.193347652729329, -33.894193890318419 ], [ 151.193455046716537, -33.894422191195588 ], [ 151.191592547288735, -33.89502070243428 ], [ 151.191234468617296, -33.894931369030814 ], [ 151.191067641644992, -33.89498105221665 ], [ 151.190276408160884, -33.894783650047536 ], [ 151.190365629363328, -33.894976862840224 ], [ 151.189759729574121, -33.895169567409766 ], [ 151.188824460167382, -33.894930693707941 ] ], [ [ 151.1987211, -33.8844644 ], [ 151.199069568731119, -33.884430021440629 ], [ 151.19898657409064, -33.884407037401019 ], [ 151.199002506743881, -33.884376483052399 ], [ 151.199171734126651, -33.884400147308668 ], [ 151.198790508511252, -33.884298608693982 ], [ 151.198793463003284, -33.884381212780198 ], [ 151.198389929079241, -33.884396242472455 ], [ 151.1987211, -33.8844644 ] ], [ [ 151.198415243787139, -33.89845554629435 ], [ 151.198753212843542, -33.898528653812136 ], [ 151.198410847259197, -33.898443265274622 ], [ 151.198415243787139, -33.89845554629435 ] ], [ [ 151.198599826642408, -33.898279708637681 ], [ 151.198642677229543, -33.898259368053949 ], [ 151.198587504766579, -33.898245607612466 ], [ 151.198599826642408, -33.898279708637681 ] ], [ [ 151.198590582231844, -33.898104683057838 ], [ 151.198598934012466, -33.898061020444494 ], [ 151.198009298255357, -33.897940552549954 ], [ 151.19809323258707, -33.89796319835223 ], [ 151.198079657929753, -33.897985819953114 ], [ 151.198590582231844, -33.898104683057838 ] ], [ [ 151.198570850815344, -33.897975824620197 ], [ 151.198446659128138, -33.897957638052553 ], [ 151.19856893702709, -33.897988135314698 ], [ 151.198570850815344, -33.897975824620197 ] ], [ [ 151.198211749361235, -33.896980384405843 ], [ 151.198070895856432, -33.896980888098902 ], [ 151.198476246543208, -33.897081988194934 ], [ 151.198463641440327, -33.897042695244295 ], [ 151.198211749361235, -33.896980384405843 ] ], [ [ 151.198519218824458, -33.893872333598594 ], [ 151.198531682479967, -33.893844552809341 ], [ 151.198183357986721, -33.893757673241836 ], [ 151.198080845810267, -33.893798759902772 ], [ 151.1982669, -33.8938094 ], [ 151.198519218824458, -33.893872333598594 ] ], [ [ 151.198505063721001, -33.890669322793016 ], [ 151.198567375675623, -33.890672904939471 ], [ 151.198467201144751, -33.890659878799653 ], [ 151.198505063721001, -33.890669322793016 ] ], [ [ 151.198510382939531, -33.890611972483605 ], [ 151.198538722609072, -33.890619041189638 ], [ 151.198537312058221, -33.890617212029866 ], [ 151.198510382939531, -33.890611972483605 ] ], [ [ 151.198334080652472, -33.8917874081571 ], [ 151.198480172972779, -33.891818023236191 ], [ 151.198335877568553, -33.891782032212554 ], [ 151.198334080652472, -33.8917874081571 ] ], [ [ 151.198172778954046, -33.902895838169336 ], [ 151.198171640061361, -33.902892372754351 ], [ 151.198167590623541, -33.902894544200073 ], [ 151.198172778954046, -33.902895838169336 ] ], [ [ 151.198331886712623, -33.891221356617208 ], [ 151.198132912552069, -33.89118860384589 ], [ 151.198027907123134, -33.89116241229231 ], [ 151.198022785004042, -33.89118930049537 ], [ 151.198347152925692, -33.8912515763787 ], [ 151.198331886712623, -33.891221356617208 ] ], [ [ 151.198203897148062, -33.897082049906338 ], [ 151.198071349352944, -33.8970370615299 ], [ 151.198047500595749, -33.897043042239815 ], [ 151.198203897148062, -33.897082049906338 ] ], [ [ 151.197982924726631, -33.869716744860682 ], [ 151.198648118590341, -33.869897709521652 ], [ 151.198641568822808, -33.869935112090225 ], [ 151.198734358184424, -33.86995826108209 ], [ 151.198648349321701, -33.869882756724792 ], [ 151.197982924726631, -33.869716744860682 ] ], [ [ 151.198114517109616, -33.897102975148819 ], [ 151.198000832121494, -33.897054745584477 ], [ 151.197923378392915, -33.897074169092917 ], [ 151.198075497826892, -33.89711211013956 ], [ 151.198114517109616, -33.897102975148819 ] ], [ [ 151.198225653353234, -33.89180220920241 ], [ 151.198134818955424, -33.891786604021028 ], [ 151.198033842345609, -33.891761814937112 ], [ 151.198217848313249, -33.891807711273813 ], [ 151.198225653353234, -33.89180220920241 ] ], [ [ 151.197426981439349, -33.888735904553648 ], [ 151.198142655826899, -33.888922565303886 ], [ 151.198158981058867, -33.888906189300471 ], [ 151.198020055721145, -33.888861667541477 ], [ 151.197426981439349, -33.888735904553648 ] ], [ [ 151.198036070654183, -33.893867844198773 ], [ 151.198046527750336, -33.893807198227947 ], [ 151.197874731779024, -33.893827602282734 ], [ 151.198036070654183, -33.893867844198773 ] ], [ [ 151.198088140109462, -33.888946340678928 ], [ 151.19808016228788, -33.888947753065402 ], [ 151.198112817738235, -33.88895249616651 ], [ 151.198088140109462, -33.888946340678928 ] ], [ [ 151.197323822110718, -33.890845040393287 ], [ 151.198052585027966, -33.890944227934334 ], [ 151.197377818322792, -33.890803107875364 ], [ 151.197323822110718, -33.890845040393287 ] ], [ [ 151.1972733, -33.8950956 ], [ 151.197888851925455, -33.895249133883233 ], [ 151.1978928, -33.8952289 ], [ 151.197955829877685, -33.89523737875858 ], [ 151.197906200000034, -33.895225 ], [ 151.197913731450484, -33.895189886499026 ], [ 151.1975297, -33.8950941 ], [ 151.1975425, -33.8950563 ], [ 151.197712735308357, -33.89502518833919 ], [ 151.197409826300969, -33.894934501419094 ], [ 151.197384476884707, -33.894903759931879 ], [ 151.197236809709523, -33.894957150454424 ], [ 151.19711198454894, -33.894933197969962 ], [ 151.197146309867293, -33.895006750881699 ], [ 151.196927554390584, -33.895049509190358 ], [ 151.1972733, -33.8950956 ] ], [ [ 151.197778294220768, -33.900599867257533 ], [ 151.197744204873828, -33.900605004683918 ], [ 151.197806508618413, -33.900604977769916 ], [ 151.197778294220768, -33.900599867257533 ] ], [ [ 151.197862520185794, -33.897089430807966 ], [ 151.197848267318847, -33.897093005065045 ], [ 151.197864153626, -33.897096967387007 ], [ 151.197862520185794, -33.897089430807966 ] ], [ [ 151.196753014374792, -33.901383973328514 ], [ 151.196754646998471, -33.901467629854473 ], [ 151.196870912161813, -33.901496628192035 ], [ 151.1967808, -33.9012553 ], [ 151.196851946680283, -33.901237369915897 ], [ 151.196739103971538, -33.901192480830382 ], [ 151.196889213611513, -33.901227978042577 ], [ 151.196789542915951, -33.901189713394068 ], [ 151.197363022270451, -33.901253443520716 ], [ 151.196979782859756, -33.901157858606581 ], [ 151.19698653626196, -33.901131934995554 ], [ 151.197618737522703, -33.901274472151279 ], [ 151.196632903493253, -33.90099796619252 ], [ 151.196603661433954, -33.900960048670882 ], [ 151.196634482067367, -33.900923010682732 ], [ 151.19676376352723, -33.900934508962557 ], [ 151.196587852285347, -33.900886640114855 ], [ 151.196601211399184, -33.900835360549664 ], [ 151.197434693429955, -33.901034972559955 ], [ 151.197520003726822, -33.901031828953442 ], [ 151.197511857795661, -33.900985082480688 ], [ 151.197259637072989, -33.900922175655573 ], [ 151.197207905044962, -33.90087749690403 ], [ 151.197210505355883, -33.900813847851495 ], [ 151.196567681297438, -33.900653516760009 ], [ 151.1964712581387, -33.900583276602895 ], [ 151.19650468989073, -33.900529758357642 ], [ 151.196429468130987, -33.900490123835283 ], [ 151.196273471464224, -33.900497128255189 ], [ 151.195617787052811, -33.900333583571893 ], [ 151.19587832911111, -33.900414371416964 ], [ 151.195897671208456, -33.900484110110668 ], [ 151.196056705308166, -33.900523777256097 ], [ 151.196753014374792, -33.901383973328514 ] ], [ [ 151.197577703248214, -33.900707088076267 ], [ 151.197612836697829, -33.900684383040726 ], [ 151.197566452812481, -33.900672814403585 ], [ 151.197577703248214, -33.900707088076267 ] ], [ [ 151.197798100640597, -33.888878306765584 ], [ 151.197791495361741, -33.888904083885627 ], [ 151.197834376441222, -33.888887355351422 ], [ 151.197798100640597, -33.888878306765584 ] ], [ [ 151.196513696827878, -33.89727554160828 ], [ 151.196527055320928, -33.897224262005594 ], [ 151.196673871305194, -33.897227403708897 ], [ 151.196701894030895, -33.89717746214928 ], [ 151.1967911342729, -33.897190979531693 ], [ 151.196828778310163, -33.897156032203654 ], [ 151.197565504720643, -33.897338803431914 ], [ 151.197643647514894, -33.897298781574918 ], [ 151.197628337593954, -33.897252568784445 ], [ 151.197044299999988, -33.8971113 ], [ 151.1970064, -33.8969947 ], [ 151.197050985256823, -33.896941654550368 ], [ 151.19689120000001, -33.8969018 ], [ 151.196856687024706, -33.896812690608002 ], [ 151.196405797633474, -33.896700225658492 ], [ 151.196586582701315, -33.897042031779428 ], [ 151.196515383174898, -33.897109932292182 ], [ 151.19642184295904, -33.897140408028839 ], [ 151.196499053527305, -33.897304835506162 ], [ 151.196877582934349, -33.897399251004316 ], [ 151.196934989061532, -33.897384616587168 ], [ 151.196513696827878, -33.89727554160828 ] ], [ [ 151.197645795374086, -33.894918611002304 ], [ 151.197627433921411, -33.894818426930776 ], [ 151.197518901122152, -33.894788503645117 ], [ 151.197536478557481, -33.894750664031278 ], [ 151.197502904923681, -33.894715068597151 ], [ 151.197546903478695, -33.89467964301577 ], [ 151.197649846625836, -33.894704193759495 ], [ 151.197551856385729, -33.894654269012655 ], [ 151.19765667674281, -33.894669381919897 ], [ 151.197282199851429, -33.89455533849268 ], [ 151.19742219047464, -33.894866222086485 ], [ 151.197645795374086, -33.894918611002304 ] ], [ [ 151.197774247743553, -33.884530465584191 ], [ 151.197855917105642, -33.884525076419266 ], [ 151.197769382323855, -33.884503490340421 ], [ 151.197774247743553, -33.884530465584191 ] ], [ [ 151.197649652996262, -33.891135718181587 ], [ 151.197369621222862, -33.891065868257115 ], [ 151.19762091617136, -33.89113768552555 ], [ 151.197649652996262, -33.891135718181587 ] ], [ [ 151.19742549247573, -33.868504409824659 ], [ 151.198005252552122, -33.868631388109897 ], [ 151.197951553241978, -33.868597526693705 ], [ 151.198000489531182, -33.868570161630629 ], [ 151.197397650127186, -33.868422330762527 ], [ 151.197440612040367, -33.868458398505219 ], [ 151.19742549247573, -33.868504409824659 ] ], [ [ 151.19734823851104, -33.896036676636946 ], [ 151.197377410804592, -33.896043061632504 ], [ 151.197378122234312, -33.896030937730146 ], [ 151.197373089890874, -33.896029682540949 ], [ 151.19734823851104, -33.896036676636946 ] ], [ [ 151.197312930842116, -33.896097162121734 ], [ 151.197313848208779, -33.896046355327698 ], [ 151.197049294055972, -33.896120810157107 ], [ 151.197300200802943, -33.896162380848793 ], [ 151.197371603141079, -33.896142033341818 ], [ 151.197373087907181, -33.896116730625856 ], [ 151.197312930842116, -33.896097162121734 ] ], [ [ 151.196762466629593, -33.888655630459802 ], [ 151.196760672669541, -33.888697890478888 ], [ 151.197033402145252, -33.888758577711819 ], [ 151.197047450799886, -33.88879203329315 ], [ 151.197444933917808, -33.888891182982185 ], [ 151.197454323227134, -33.888861630230885 ], [ 151.1967775, -33.8886928 ], [ 151.196784560046893, -33.888661141627885 ], [ 151.196762466629593, -33.888655630459802 ] ], [ [ 151.196803234979541, -33.901761390395116 ], [ 151.1968587, -33.9018602 ], [ 151.197045381366109, -33.90182178503575 ], [ 151.196803234979541, -33.901761390395116 ] ], [ [ 151.197028486057775, -33.893719637904987 ], [ 151.197113711510013, -33.893692050582182 ], [ 151.197002102724696, -33.893664211649259 ], [ 151.197028486057775, -33.893719637904987 ] ], [ [ 151.197495582836723, -33.867304498390759 ], [ 151.19757122970222, -33.867098644358094 ], [ 151.197490589019395, -33.867291330160086 ], [ 151.197495582836723, -33.867304498390759 ] ], [ [ 151.196775738279456, -33.901878017956705 ], [ 151.196651053384443, -33.901846919618016 ], [ 151.196572318211366, -33.901883574530984 ], [ 151.195830699999988, -33.9016986 ], [ 151.1958004, -33.9016538 ], [ 151.195899870561078, -33.901607492453692 ], [ 151.195725900000014, -33.9015641 ], [ 151.195673190939289, -33.901468765704415 ], [ 151.195202434894782, -33.901351346020789 ], [ 151.19520807630829, -33.901397021935196 ], [ 151.195555339762052, -33.901492196543231 ], [ 151.195578080347758, -33.90154035152591 ], [ 151.195553324866069, -33.901587810583152 ], [ 151.195464654836201, -33.901601171710865 ], [ 151.194717109174178, -33.901428591074776 ], [ 151.195499312909533, -33.901631270078411 ], [ 151.195560462605357, -33.901735276853728 ], [ 151.195714834547942, -33.90177378111261 ], [ 151.195738176854917, -33.901817659302651 ], [ 151.196045573175354, -33.901894330932961 ], [ 151.19608107547586, -33.901941588474259 ], [ 151.196297466581086, -33.901995560703718 ], [ 151.196775738279456, -33.901878017956705 ] ], [ [ 151.196716292400936, -33.901597199749453 ], [ 151.196675251946118, -33.901602671911988 ], [ 151.196716815129975, -33.901613038445277 ], [ 151.196716292400936, -33.901597199749453 ] ], [ [ 151.196530286948956, -33.89737995828574 ], [ 151.196765298071767, -33.897427304763553 ], [ 151.196528233405843, -33.897368174348067 ], [ 151.196530286948956, -33.89737995828574 ] ], [ [ 151.196420091556178, -33.89743404020512 ], [ 151.19651996044098, -33.897427351701587 ], [ 151.19676348966064, -33.897487250074903 ], [ 151.196493190728461, -33.897417422547996 ], [ 151.196420091556178, -33.89743404020512 ] ], [ [ 151.196856163606469, -33.867467750503756 ], [ 151.197386089714769, -33.867602454581217 ], [ 151.197386927251671, -33.867600175457923 ], [ 151.196856163606469, -33.867467750503756 ] ], [ [ 151.197216403158137, -33.871391727325097 ], [ 151.197176173994535, -33.871381690611948 ], [ 151.197207705342265, -33.871394624831382 ], [ 151.197216403158137, -33.871391727325097 ] ], [ [ 151.19638495999655, -33.9028350354343 ], [ 151.196448768740765, -33.902858800124015 ], [ 151.196393420285943, -33.902851160703058 ], [ 151.196350864007002, -33.902893262664065 ], [ 151.195927876294746, -33.902792022209276 ], [ 151.196359693930589, -33.902904991284515 ], [ 151.196517083548144, -33.902866047220996 ], [ 151.19638495999655, -33.9028350354343 ] ], [ [ 151.196772639056576, -33.880708138383667 ], [ 151.196772433838419, -33.880708222805033 ], [ 151.196772731639356, -33.88070829709703 ], [ 151.196772639056576, -33.880708138383667 ] ], [ [ 151.195774184857243, -33.902946268773483 ], [ 151.196000349123608, -33.902993905699347 ], [ 151.196276266443419, -33.902925634260363 ], [ 151.195888256928328, -33.902828857526266 ], [ 151.195740972290508, -33.902942849180917 ], [ 151.195981543853208, -33.902998558743526 ], [ 151.195774184857243, -33.902946268773483 ] ], [ [ 151.195628809302235, -33.897745983361688 ], [ 151.195725945984378, -33.897651476252584 ], [ 151.195796935001653, -33.897659898369461 ], [ 151.195768254516707, -33.897627041254282 ], [ 151.195831866979717, -33.897592751538753 ], [ 151.196206017597234, -33.897668404094318 ], [ 151.196000960646074, -33.89760481920198 ], [ 151.195981352324196, -33.897563295824298 ], [ 151.196073594932216, -33.897557532493558 ], [ 151.196115965220002, -33.897514584479616 ], [ 151.196265934520881, -33.897550865542648 ], [ 151.196375404127366, -33.897525671539789 ], [ 151.196330471774559, -33.89749504530716 ], [ 151.196334212642313, -33.897453563020441 ], [ 151.195314295692384, -33.897667532035747 ], [ 151.195628809302235, -33.897745983361688 ] ], [ [ 151.195916485941439, -33.903014656190464 ], [ 151.19566548107673, -33.902984005602157 ], [ 151.195852170546743, -33.903030569874261 ], [ 151.195916485941439, -33.903014656190464 ] ], [ [ 151.195064168754413, -33.886534208656258 ], [ 151.196231499644313, -33.886808990742054 ], [ 151.195074409082736, -33.886514554596914 ], [ 151.195064168754413, -33.886534208656258 ] ], [ [ 151.195591785443952, -33.901355026605124 ], [ 151.195619691263346, -33.901361987056767 ], [ 151.195608380630034, -33.901339412414892 ], [ 151.195591785443952, -33.901355026605124 ] ], [ [ 151.195761476850407, -33.877987448420562 ], [ 151.196104738073359, -33.878091492941401 ], [ 151.196106296515097, -33.878090894564878 ], [ 151.195761476850407, -33.877987448420562 ] ], [ [ 151.195242875650536, -33.901814227576125 ], [ 151.195555039154129, -33.901912870204811 ], [ 151.19559838180615, -33.901902900373329 ], [ 151.195242875650536, -33.901814227576125 ] ], [ [ 151.195290220355957, -33.901181339133998 ], [ 151.195545738985942, -33.901245072777471 ], [ 151.195576808762553, -33.901276398760153 ], [ 151.195545599409257, -33.901214108545389 ], [ 151.1953514511886, -33.901165682475657 ], [ 151.195290220355957, -33.901181339133998 ] ], [ [ 151.195980471046965, -33.880885607707732 ], [ 151.195997384331093, -33.880886714781454 ], [ 151.195978599619792, -33.880882028463887 ], [ 151.195980471046965, -33.880885607707732 ] ], [ [ 151.195926905303878, -33.882919330317598 ], [ 151.195846949403062, -33.882891179532265 ], [ 151.195843518441393, -33.882898527724834 ], [ 151.195926905303878, -33.882919330317598 ] ], [ [ 151.195816661599878, -33.887150591353574 ], [ 151.195492995878169, -33.887072093377718 ], [ 151.19581684478527, -33.887151436732012 ], [ 151.195816661599878, -33.887150591353574 ] ], [ [ 151.195774304514885, -33.888901877546161 ], [ 151.19576731699317, -33.888880505928334 ], [ 151.195736421594717, -33.888899043339705 ], [ 151.195774304514885, -33.888901877546161 ] ], [ [ 151.195455051803094, -33.901098088968148 ], [ 151.19549210003936, -33.901107329848472 ], [ 151.195454143304488, -33.901095347552506 ], [ 151.195455051803094, -33.901098088968148 ] ], [ [ 151.195380980467377, -33.898106660606253 ], [ 151.195551003714968, -33.898139559381704 ], [ 151.195538448388078, -33.898101378393761 ], [ 151.195380980467377, -33.898106660606253 ] ], [ [ 151.194989905243546, -33.901864781986212 ], [ 151.194992780700318, -33.901838031284015 ], [ 151.194913707825322, -33.901810553988348 ], [ 151.194508546159739, -33.901709493126027 ], [ 151.194460238333363, -33.901750441296898 ], [ 151.194316384083578, -33.901730099437742 ], [ 151.194306421364473, -33.901766183620296 ], [ 151.194253069549916, -33.901758590693902 ], [ 151.194472067498225, -33.901823115605772 ], [ 151.194522925022738, -33.901801449899502 ], [ 151.195414774350496, -33.901973038466629 ], [ 151.194989905243546, -33.901864781986212 ] ], [ [ 151.19600606787921, -33.871751374598738 ], [ 151.195987208470655, -33.871716356505736 ], [ 151.195986247095533, -33.871716729232261 ], [ 151.19600606787921, -33.871751374598738 ] ], [ [ 151.194962096125266, -33.898120710966175 ], [ 151.19539301536031, -33.898214699682804 ], [ 151.195344177259926, -33.898162296502399 ], [ 151.195425737507236, -33.8981458549964 ], [ 151.195281926572818, -33.89810998323469 ], [ 151.194962096125266, -33.898120710966175 ] ], [ [ 151.195750714233526, -33.880519808673661 ], [ 151.19566651985599, -33.8805586000448 ], [ 151.195788953810734, -33.880574025734866 ], [ 151.195750714233526, -33.880519808673661 ] ], [ [ 151.195201482245494, -33.887290848792787 ], [ 151.195611271511922, -33.887384885864506 ], [ 151.195046217188064, -33.887223368525596 ], [ 151.195201482245494, -33.887290848792787 ] ], [ [ 151.195537172583414, -33.889215669027926 ], [ 151.19546330795518, -33.889248762960641 ], [ 151.195486093829743, -33.889267516312295 ], [ 151.195537172583414, -33.889215669027926 ] ], [ [ 151.195757949660617, -33.875474659366461 ], [ 151.195817385138554, -33.875453551292487 ], [ 151.195795468730068, -33.875424683615307 ], [ 151.195743180796768, -33.875411638252416 ], [ 151.195757949660617, -33.875474659366461 ] ], [ [ 151.194444698145077, -33.900150210824052 ], [ 151.194413315670658, -33.9001611939089 ], [ 151.195260420707797, -33.900353681398578 ], [ 151.194444698145077, -33.900150210824052 ] ], [ [ 151.195794344158372, -33.870767592411674 ], [ 151.195809243411929, -33.870762942759853 ], [ 151.195801424688881, -33.870745056958008 ], [ 151.195794344158372, -33.870767592411674 ] ], [ [ 151.195067134248944, -33.873545897392688 ], [ 151.194848882574007, -33.873564746427704 ], [ 151.194814391761952, -33.873609641874047 ], [ 151.194742685643803, -33.873592736092149 ], [ 151.195542345540019, -33.873799638301662 ], [ 151.195686534004977, -33.873803258360368 ], [ 151.195482284223402, -33.8737359924869 ], [ 151.195497526235954, -33.873706761242097 ], [ 151.195586770685878, -33.873712064284149 ], [ 151.195046976999038, -33.873574293106365 ], [ 151.195234699687035, -33.873611786658643 ], [ 151.195067134248944, -33.873545897392688 ] ], [ [ 151.19530213146777, -33.888158769913602 ], [ 151.195126781254288, -33.888102867748529 ], [ 151.195086484750732, -33.888142448599773 ], [ 151.195381972978453, -33.888216116834478 ], [ 151.19530213146777, -33.888158769913602 ] ], [ [ 151.19490260271931, -33.898866741972789 ], [ 151.195136187118635, -33.898896748398656 ], [ 151.193543565278247, -33.898539207730842 ], [ 151.193657946487463, -33.898570592721065 ], [ 151.193653956854661, -33.898604242861751 ], [ 151.194062868227235, -33.898706245334004 ], [ 151.194095558945179, -33.898678242779539 ], [ 151.194286447363766, -33.898710548731579 ], [ 151.194855400407192, -33.898865058530809 ], [ 151.195078779506758, -33.898910687200399 ], [ 151.19490260271931, -33.898866741972789 ] ], [ [ 151.195613884257313, -33.875544932905477 ], [ 151.19559541164287, -33.875540104736189 ], [ 151.195595075212054, -33.875540240198568 ], [ 151.195613884257313, -33.875544932905477 ] ], [ [ 151.195466026721618, -33.880881797484292 ], [ 151.195491669326117, -33.880869259278462 ], [ 151.19547241522838, -33.88086445577364 ], [ 151.195466026721618, -33.880881797484292 ] ], [ [ 151.194975897566934, -33.90208123831232 ], [ 151.194649954946186, -33.902015095179088 ], [ 151.194974828019468, -33.902105386130536 ], [ 151.194975897566934, -33.90208123831232 ] ], [ [ 151.195005123884329, -33.899314249350084 ], [ 151.194818141358695, -33.899258265354632 ], [ 151.195025188920795, -33.899309438300641 ], [ 151.194792994260496, -33.89925152013668 ], [ 151.194769142755661, -33.899270139529484 ], [ 151.195005123884329, -33.899314249350084 ] ], [ [ 151.195493237196416, -33.875610590226735 ], [ 151.19551076100575, -33.875577772786578 ], [ 151.195448238272462, -33.8755993633077 ], [ 151.195493237196416, -33.875610590226735 ] ], [ [ 151.195298528025688, -33.88455807654357 ], [ 151.194978490652886, -33.884467086616297 ], [ 151.194967975806804, -33.884586176097365 ], [ 151.195298528025688, -33.88455807654357 ] ], [ [ 151.194979690121471, -33.898573370275024 ], [ 151.194932951389347, -33.898559170785738 ], [ 151.194929717178439, -33.898560905055412 ], [ 151.194979690121471, -33.898573370275024 ] ], [ [ 151.194978004313981, -33.895790760317034 ], [ 151.194947862592272, -33.89580072078892 ], [ 151.194987303208535, -33.895810559103388 ], [ 151.194978004313981, -33.895790760317034 ] ], [ [ 151.194744389232937, -33.875196679033287 ], [ 151.194727134748206, -33.875257166080949 ], [ 151.194650311093653, -33.875268746026713 ], [ 151.193321441630928, -33.874937183176478 ], [ 151.193313259087176, -33.874955770734537 ], [ 151.19400672413181, -33.875128797545429 ], [ 151.194026326855891, -33.875170321182786 ], [ 151.193976544940455, -33.875186672027866 ], [ 151.19300860026982, -33.874959008783158 ], [ 151.1930576883382, -33.875007084369791 ], [ 151.193059105995133, -33.875077734217754 ], [ 151.193172771434632, -33.875146698697677 ], [ 151.193171098859096, -33.875226042716299 ], [ 151.19305492477298, -33.875288354551529 ], [ 151.192846839841138, -33.875241082221947 ], [ 151.192954539979866, -33.875289139506719 ], [ 151.192901932696941, -33.875410537574524 ], [ 151.194561736231719, -33.87579735475834 ], [ 151.193345569407114, -33.875476465561071 ], [ 151.193267996683204, -33.875409445547668 ], [ 151.193284931217335, -33.875298306652951 ], [ 151.19322009580722, -33.87524858755274 ], [ 151.193221477464192, -33.875183042492424 ], [ 151.193317447158449, -33.875131567368655 ], [ 151.193526083758542, -33.875180950647206 ], [ 151.193530083164006, -33.875146847078206 ], [ 151.193565540241593, -33.875141502816973 ], [ 151.194399599081578, -33.875349606446179 ], [ 151.194399743245242, -33.875398934973823 ], [ 151.195210068692745, -33.875601110534483 ], [ 151.195343250753552, -33.87566651589249 ], [ 151.195332779428128, -33.875633218685664 ], [ 151.195402222721953, -33.875596327269669 ], [ 151.195148, -33.8755329 ], [ 151.195116805856657, -33.875479483089386 ], [ 151.195013634323828, -33.875450319186136 ], [ 151.195014439731295, -33.875412073419284 ], [ 151.195078484392269, -33.875413861242428 ], [ 151.194976365426214, -33.875382232852409 ], [ 151.194977170848261, -33.875343987085927 ], [ 151.195031065966731, -33.87533266156899 ], [ 151.194917369932512, -33.875283878511816 ], [ 151.194986341541323, -33.875256074970146 ], [ 151.194744389232937, -33.875196679033287 ] ], [ [ 151.195208632662457, -33.884732227605454 ], [ 151.194918922945078, -33.884659952679229 ], [ 151.194852168689152, -33.884665047859762 ], [ 151.195209157775224, -33.884754107304708 ], [ 151.195208632662457, -33.884732227605454 ] ], [ [ 151.194766630718817, -33.903088809483222 ], [ 151.194768650929774, -33.903087585931935 ], [ 151.194767053334317, -33.903087187444399 ], [ 151.194766630718817, -33.903088809483222 ] ], [ [ 151.19414291115703, -33.878033595775136 ], [ 151.194174784107275, -33.877911224701492 ], [ 151.194271007769544, -33.877879621018636 ], [ 151.194751195031188, -33.877983252162032 ], [ 151.194741889650743, -33.877813936597896 ], [ 151.194836861826417, -33.877756767305158 ], [ 151.194553814703767, -33.877668897197033 ], [ 151.19451895546635, -33.87759505933866 ], [ 151.194597698798191, -33.877500407051436 ], [ 151.194712931198609, -33.877496366226723 ], [ 151.194978001639811, -33.877559262549767 ], [ 151.194994342365845, -33.877505335344168 ], [ 151.195040529379298, -33.877490165265868 ], [ 151.195240523038137, -33.877528608454554 ], [ 151.194431861646422, -33.877303444626229 ], [ 151.194353417485587, -33.877333852025423 ], [ 151.193907024608222, -33.877225150822653 ], [ 151.193486651143161, -33.87787604018466 ], [ 151.19414291115703, -33.878033595775136 ] ], [ [ 151.193986921829065, -33.897518388649701 ], [ 151.194147057711916, -33.897557578199731 ], [ 151.194163224077613, -33.89753258975 ], [ 151.194275856904483, -33.8975558293915 ], [ 151.194312893883136, -33.897530453192154 ], [ 151.194806929643818, -33.897652364660217 ], [ 151.194214815208198, -33.897504664195331 ], [ 151.193986921829065, -33.897518388649701 ] ], [ [ 151.194621524527747, -33.899345439267734 ], [ 151.194721019027469, -33.899382369545883 ], [ 151.194745778125537, -33.899376433055046 ], [ 151.194621524527747, -33.899345439267734 ] ], [ [ 151.195003446713571, -33.886814097987219 ], [ 151.194322550970611, -33.886622695088548 ], [ 151.19427019684889, -33.886643166104065 ], [ 151.195003446713571, -33.886814097987219 ] ], [ [ 151.195270003040036, -33.866191841105106 ], [ 151.195334501434019, -33.86625518542224 ], [ 151.195352699945033, -33.866212475496589 ], [ 151.195270003040036, -33.866191841105106 ] ], [ [ 151.194588993101348, -33.901971686208562 ], [ 151.19412919521659, -33.901868594539259 ], [ 151.194596298810154, -33.901983024600511 ], [ 151.194588993101348, -33.901971686208562 ] ], [ [ 151.193134906418379, -33.87795917347043 ], [ 151.193147720733663, -33.878018323787053 ], [ 151.193087106154223, -33.878050834233896 ], [ 151.192919028685139, -33.878010586358904 ], [ 151.192881847691382, -33.878047636808908 ], [ 151.192708125402675, -33.878005276463526 ], [ 151.193474059487812, -33.878205834385923 ], [ 151.193595323998466, -33.878269783847784 ], [ 151.193802071580933, -33.878185018706937 ], [ 151.194940521505316, -33.878465679445199 ], [ 151.194950619439084, -33.878383593021127 ], [ 151.195048773388493, -33.878303737013987 ], [ 151.194816471706673, -33.878245779824354 ], [ 151.194839864256124, -33.878261924245493 ], [ 151.194744964980003, -33.878356724981394 ], [ 151.192541784998241, -33.877789783604236 ], [ 151.193134906418379, -33.87795917347043 ] ], [ [ 151.192566327981353, -33.880397309164728 ], [ 151.192751825390332, -33.88044359182922 ], [ 151.192943148115546, -33.880598722156371 ], [ 151.194791408361482, -33.881059851985903 ], [ 151.194816082147526, -33.881065154381382 ], [ 151.194808200000011, -33.8809905 ], [ 151.194948364471742, -33.880980301110334 ], [ 151.194608953659127, -33.88089562298164 ], [ 151.194604158656432, -33.88087349185475 ], [ 151.194977822937432, -33.880959620134796 ], [ 151.194973674854765, -33.880910245725559 ], [ 151.194598938826175, -33.880816754416806 ], [ 151.194592582135868, -33.880796500424175 ], [ 151.194375718186308, -33.880742395322052 ], [ 151.194578748973754, -33.88080757359235 ], [ 151.194421332472132, -33.880776520486826 ], [ 151.194370738582876, -33.880781783192823 ], [ 151.194379806915123, -33.880828672264776 ], [ 151.194313429791691, -33.880829412620308 ], [ 151.192566327981353, -33.880397309164728 ] ], [ [ 151.194248752873818, -33.902116985063365 ], [ 151.194268675255699, -33.90207879320117 ], [ 151.194518450215071, -33.902139834259877 ], [ 151.194196916781948, -33.902057339818228 ], [ 151.194155622538233, -33.902069684646186 ], [ 151.19351924950206, -33.901910947390967 ], [ 151.193848313718888, -33.902042172881188 ], [ 151.194460643378761, -33.902203420768075 ], [ 151.194483416361976, -33.902178370900153 ], [ 151.194248752873818, -33.902116985063365 ] ], [ [ 151.194191883300988, -33.888019325236222 ], [ 151.194521231823302, -33.888047142914857 ], [ 151.194661389700855, -33.888072655875355 ], [ 151.19402674542701, -33.887923464113079 ], [ 151.194163162228534, -33.887970047266492 ], [ 151.194191883300988, -33.888019325236222 ] ], [ [ 151.193733602823471, -33.902672145414158 ], [ 151.193727194014627, -33.90264257033234 ], [ 151.193791038934222, -33.902595336490535 ], [ 151.194228634613097, -33.902703504006602 ], [ 151.193815498757971, -33.902584153021238 ], [ 151.193857002879241, -33.902554463423513 ], [ 151.194017669656404, -33.902594117627125 ], [ 151.193871463049959, -33.902556240718859 ], [ 151.193848719810291, -33.902526748828116 ], [ 151.19391701698467, -33.902477794325691 ], [ 151.1940279330382, -33.90250489804378 ], [ 151.193952414925661, -33.902478259584484 ], [ 151.193993491745545, -33.902428726888139 ], [ 151.194111510515995, -33.902455251329833 ], [ 151.193990247220825, -33.902395067357816 ], [ 151.194023435251296, -33.902336566276922 ], [ 151.194237423577675, -33.902352745693818 ], [ 151.194079171260654, -33.902302427577808 ], [ 151.193358431634834, -33.902124985395503 ], [ 151.193829197811681, -33.902244813224812 ], [ 151.193855189998544, -33.902278518245048 ], [ 151.193833089558836, -33.902308599944796 ], [ 151.193894269360186, -33.902352164132594 ], [ 151.193861266290327, -33.902378732176388 ], [ 151.193725841395747, -33.902358397899157 ], [ 151.193749564456283, -33.902415235959857 ], [ 151.193699037733609, -33.902442327682564 ], [ 151.193431529643846, -33.902377007383812 ], [ 151.193764009837452, -33.902469681181309 ], [ 151.193760617855958, -33.902495097955054 ], [ 151.193844147950415, -33.90251764512864 ], [ 151.193832194344992, -33.902540560197984 ], [ 151.193276365473309, -33.902402335440854 ], [ 151.193638798225123, -33.902502894075354 ], [ 151.193576263252396, -33.902559522974755 ], [ 151.193340650744886, -33.902501877134689 ], [ 151.193316315349534, -33.902518868830924 ], [ 151.193570283493244, -33.902585071754174 ], [ 151.193558487352419, -33.902633236747285 ], [ 151.193597341777746, -33.902653136724012 ], [ 151.193515163590035, -33.902671801597975 ], [ 151.193366865702728, -33.902647428301854 ], [ 151.193688917433747, -33.902727761382749 ], [ 151.19369197255466, -33.902692431254835 ], [ 151.193727441111719, -33.902687087341519 ], [ 151.194336051201361, -33.902830186299781 ], [ 151.193733602823471, -33.902672145414158 ] ], [ [ 151.194420333683155, -33.898190266770513 ], [ 151.194093218784474, -33.898133895282875 ], [ 151.194420396439114, -33.898191612536287 ], [ 151.194420333683155, -33.898190266770513 ] ], [ [ 151.194179165063304, -33.901538328640839 ], [ 151.194339112394033, -33.901586273124337 ], [ 151.194344658232069, -33.901579608911277 ], [ 151.194179165063304, -33.901538328640839 ] ], [ [ 151.194158436199814, -33.901941292707711 ], [ 151.194319508017401, -33.90199448381491 ], [ 151.194333544988126, -33.901984971323259 ], [ 151.194158436199814, -33.901941292707711 ] ], [ [ 151.194736728830748, -33.880233385414186 ], [ 151.194624206799915, -33.880194476776367 ], [ 151.194649860157909, -33.880262485709473 ], [ 151.194741232717377, -33.880274917487668 ], [ 151.194736728830748, -33.880233385414186 ] ], [ [ 151.194580708875719, -33.885415782435885 ], [ 151.194178500054704, -33.885333034771968 ], [ 151.194161343064764, -33.885342236216694 ], [ 151.194568283260423, -33.885443758849696 ], [ 151.194580708875719, -33.885415782435885 ] ], [ [ 151.194240559128815, -33.900444403420401 ], [ 151.193831318486986, -33.900329059232206 ], [ 151.194119041385505, -33.900435926302542 ], [ 151.194240559128815, -33.900444403420401 ] ], [ [ 151.19363284389658, -33.903018294442838 ], [ 151.194128129879914, -33.90314183730414 ], [ 151.19418156890589, -33.903155443515075 ], [ 151.194155222059379, -33.903138041798954 ], [ 151.19363284389658, -33.903018294442838 ] ], [ [ 151.194658558821601, -33.880290284313418 ], [ 151.194645776698479, -33.880271687974279 ], [ 151.194635161806588, -33.880284447027911 ], [ 151.194658558821601, -33.880290284313418 ] ], [ [ 151.194477937589653, -33.888480974970179 ], [ 151.194082, -33.8883822 ], [ 151.194045871348038, -33.888371995724803 ], [ 151.194046575570468, -33.888379917314928 ], [ 151.194477937589653, -33.888480974970179 ] ], [ [ 151.194021906087187, -33.900537911275613 ], [ 151.194207267524462, -33.900584148156568 ], [ 151.194023068001712, -33.900533451732279 ], [ 151.194021906087187, -33.900537911275613 ] ], [ [ 151.193688933851575, -33.902965602213108 ], [ 151.194096487009858, -33.903067330334231 ], [ 151.194096536951093, -33.903067273703108 ], [ 151.193688933851575, -33.902965602213108 ] ], [ [ 151.194022045882463, -33.890402032644381 ], [ 151.194026873657776, -33.890438164373926 ], [ 151.194267101439493, -33.890498093294873 ], [ 151.194298406063922, -33.890470975399033 ], [ 151.194022045882463, -33.890402032644381 ] ], [ [ 151.19379450005664, -33.900593308124037 ], [ 151.194043337348972, -33.900659078284697 ], [ 151.194045860420459, -33.900656008284479 ], [ 151.19379450005664, -33.900593308124037 ] ], [ [ 151.194477844642023, -33.879175872419879 ], [ 151.194413967972451, -33.879140428816527 ], [ 151.194117003468335, -33.87906633770298 ], [ 151.194118595390336, -33.87908624171201 ], [ 151.194477844642023, -33.879175872419879 ] ], [ [ 151.194170188374557, -33.880076204040826 ], [ 151.194443074541539, -33.880141802841955 ], [ 151.194162644016245, -33.880071837677249 ], [ 151.194170188374557, -33.880076204040826 ] ], [ [ 151.193836149348982, -33.891461696479432 ], [ 151.193732350045224, -33.891408579521773 ], [ 151.193789137766288, -33.891410415476315 ], [ 151.193835387545903, -33.891355571727551 ], [ 151.194011784798079, -33.89138551946958 ], [ 151.194107109135047, -33.891381504768262 ], [ 151.194096482760273, -33.891354746189322 ], [ 151.192993440367928, -33.891053257906904 ], [ 151.193228214660849, -33.891162553284317 ], [ 151.193281015767838, -33.891258752947387 ], [ 151.19322191788163, -33.891308464024895 ], [ 151.193836149348982, -33.891461696479432 ] ], [ [ 151.193008572469466, -33.901233445195921 ], [ 151.192700923591104, -33.901112960757459 ], [ 151.192720284223981, -33.901166938793182 ], [ 151.193025492323812, -33.901258599283736 ], [ 151.193870075925645, -33.901455883703839 ], [ 151.193008572469466, -33.901233445195921 ] ], [ [ 151.194292033805112, -33.872161178722216 ], [ 151.194292288715332, -33.87216088324773 ], [ 151.194291727634379, -33.872160781573832 ], [ 151.194292033805112, -33.872161178722216 ] ], [ [ 151.193815362077999, -33.891795782146744 ], [ 151.193857108126963, -33.891773399579435 ], [ 151.193584435900846, -33.891681186162337 ], [ 151.19361946666524, -33.891748429374417 ], [ 151.193815362077999, -33.891795782146744 ] ], [ [ 151.194247986361432, -33.872342573959251 ], [ 151.1942439524245, -33.872342388956746 ], [ 151.194248770523075, -33.872343591130928 ], [ 151.194247986361432, -33.872342573959251 ] ], [ [ 151.193626560656526, -33.901726211659835 ], [ 151.193493102229866, -33.901674298742833 ], [ 151.193478845741026, -33.901689365088444 ], [ 151.193626560656526, -33.901726211659835 ] ], [ [ 151.193284680395976, -33.900465192804354 ], [ 151.193606061298993, -33.900545360567477 ], [ 151.193574243150579, -33.900479930906364 ], [ 151.193538645727415, -33.900471051239322 ], [ 151.193485633752402, -33.900507685603543 ], [ 151.193284680395976, -33.900465192804354 ] ], [ [ 151.193463172402204, -33.901520390938884 ], [ 151.193569029007108, -33.901543678784677 ], [ 151.193456942390554, -33.901515719381862 ], [ 151.193463172402204, -33.901520390938884 ] ], [ [ 151.193540447142396, -33.901586384181456 ], [ 151.193523424237412, -33.901582137914694 ], [ 151.193531074833942, -33.901586940900742 ], [ 151.193540447142396, -33.901586384181456 ] ], [ [ 151.193404273275291, -33.880556344205488 ], [ 151.193763892709995, -33.880667659151186 ], [ 151.19397182538043, -33.88070176779263 ], [ 151.193410991886708, -33.880537731783519 ], [ 151.193404273275291, -33.880556344205488 ] ], [ [ 151.193844200886844, -33.884566814687147 ], [ 151.193854234500975, -33.884554090322801 ], [ 151.193807526295785, -33.884557664930725 ], [ 151.193844200886844, -33.884566814687147 ] ], [ [ 151.193197175971278, -33.903250389579199 ], [ 151.193273661294228, -33.903180728370479 ], [ 151.193416079911088, -33.90321462465382 ], [ 151.19329019017141, -33.903183222491506 ], [ 151.193282828101673, -33.903145999128228 ], [ 151.193073610934817, -33.90309381125725 ], [ 151.193164703503072, -33.903206265045732 ], [ 151.193160731033089, -33.903241298636637 ], [ 151.193197175971278, -33.903250389579199 ] ], [ [ 151.193254668309777, -33.900142507109813 ], [ 151.193113714324028, -33.900125319009419 ], [ 151.193408686710825, -33.900199717615244 ], [ 151.193280920200607, -33.900123948744266 ], [ 151.193254668309777, -33.900142507109813 ] ], [ [ 151.193334293445957, -33.903074308382848 ], [ 151.193079527429802, -33.903039226069787 ], [ 151.19332670501106, -33.903100882897718 ], [ 151.193334293445957, -33.903074308382848 ] ], [ [ 151.193218368440313, -33.886491474392614 ], [ 151.193579504470193, -33.88656723914697 ], [ 151.193648154652379, -33.886513337042395 ], [ 151.193155841748165, -33.886384641458307 ], [ 151.193189360956126, -33.886374317024185 ], [ 151.19316646861904, -33.886351946674722 ], [ 151.193066305699688, -33.886326957362272 ], [ 151.192872415569752, -33.886358400690405 ], [ 151.193215005765268, -33.886443872541555 ], [ 151.193218368440313, -33.886491474392614 ] ], [ [ 151.193042973767291, -33.884643677008938 ], [ 151.193207355657137, -33.884609750137194 ], [ 151.193590200494441, -33.88466639886645 ], [ 151.193592662962942, -33.88459448521759 ], [ 151.193679399005958, -33.884538559646224 ], [ 151.193140862129241, -33.884402206393538 ], [ 151.193162062026971, -33.884463468227231 ], [ 151.193206388897693, -33.88448473546859 ], [ 151.193143464944711, -33.884523255550064 ], [ 151.193276819720438, -33.884573539773996 ], [ 151.193192186843049, -33.884597997936631 ], [ 151.193114408736875, -33.884579015246779 ], [ 151.193042973767291, -33.884643677008938 ] ], [ [ 151.193597306624639, -33.888175895421739 ], [ 151.193593405588928, -33.888176483295545 ], [ 151.19360107507211, -33.888178396660898 ], [ 151.193597306624639, -33.888175895421739 ] ], [ [ 151.193282125262982, -33.901814916159196 ], [ 151.19330309393041, -33.901842203128886 ], [ 151.193308278552792, -33.901821439987756 ], [ 151.193282125262982, -33.901814916159196 ] ], [ [ 151.192728727622494, -33.897561827374808 ], [ 151.193258028429625, -33.897687882821778 ], [ 151.193392123684873, -33.897680881449325 ], [ 151.193051959760169, -33.897583057793675 ], [ 151.192728727622494, -33.897561827374808 ] ], [ [ 151.193343352846966, -33.899479071828026 ], [ 151.193288806184199, -33.899473360187102 ], [ 151.193347294773019, -33.899486799755877 ], [ 151.193343352846966, -33.899479071828026 ] ], [ [ 151.193344303966313, -33.899441509906943 ], [ 151.193334927542423, -33.89943959612971 ], [ 151.19334440136214, -33.899441959387758 ], [ 151.193344303966313, -33.899441509906943 ] ], [ [ 151.193045980341964, -33.901999057747339 ], [ 151.193140390703149, -33.902033617270561 ], [ 151.193267261482902, -33.902064869466422 ], [ 151.193194713055533, -33.902019289003697 ], [ 151.193045980341964, -33.901999057747339 ] ], [ [ 151.193110910223425, -33.899457014078436 ], [ 151.193304317045403, -33.89951283352903 ], [ 151.193316644699792, -33.899508335048971 ], [ 151.193110910223425, -33.899457014078436 ] ], [ [ 151.192252110726912, -33.899366003372187 ], [ 151.19322613260502, -33.899599785504677 ], [ 151.193274675258863, -33.899598874335169 ], [ 151.192478441493591, -33.899400249524241 ], [ 151.192413597823872, -33.899373525687174 ], [ 151.192449595165925, -33.899374927411834 ], [ 151.192457228422768, -33.899332762253771 ], [ 151.192252824655924, -33.899281771587574 ], [ 151.192207475297351, -33.899292777369531 ], [ 151.191890226607768, -33.899213635449208 ], [ 151.191888937335221, -33.899241962572049 ], [ 151.192071703798831, -33.899289838171512 ], [ 151.192055765689958, -33.899320391381686 ], [ 151.19177247398224, -33.899250283144319 ], [ 151.192181181815869, -33.899360350724258 ], [ 151.192219116691291, -33.899392539045536 ], [ 151.192252110726912, -33.899366003372187 ] ], [ [ 151.193574264652426, -33.878303344220448 ], [ 151.193494598175249, -33.878281177425606 ], [ 151.193491773159082, -33.878282762313852 ], [ 151.193574264652426, -33.878303344220448 ] ], [ [ 151.192833080705583, -33.901052492541908 ], [ 151.193038792957879, -33.901087759863962 ], [ 151.192929022424124, -33.901060377554614 ], [ 151.192918047269558, -33.901027076469155 ], [ 151.1922800536083, -33.900882324485572 ], [ 151.192829256786325, -33.901029840485776 ], [ 151.192833080705583, -33.901052492541908 ] ], [ [ 151.193094968319031, -33.898229440984927 ], [ 151.192544373340894, -33.89808336473493 ], [ 151.192536822993816, -33.89809167024675 ], [ 151.192621649163044, -33.898119676987122 ], [ 151.192639523579402, -33.898156742653356 ], [ 151.192995656896358, -33.898245583390896 ], [ 151.193094968319031, -33.898229440984927 ] ], [ [ 151.193204170155582, -33.881059231837277 ], [ 151.19339129175961, -33.881124563962388 ], [ 151.193449932751491, -33.881120549140981 ], [ 151.193204170155582, -33.881059231837277 ] ], [ [ 151.191947744713389, -33.889828239630432 ], [ 151.191980891934861, -33.889869923971801 ], [ 151.191924392269613, -33.889920824364658 ], [ 151.191679358940632, -33.890050565367545 ], [ 151.192731636395649, -33.890313092783295 ], [ 151.192890144918493, -33.890277317960461 ], [ 151.19278, -33.8902441 ], [ 151.1929345, -33.8898646 ], [ 151.193245402680986, -33.889942163334375 ], [ 151.193058328669224, -33.889635009833448 ], [ 151.192759686291254, -33.889560504463525 ], [ 151.192813029686874, -33.88960934224221 ], [ 151.192816730590891, -33.889676442234503 ], [ 151.192620716108763, -33.889787918624428 ], [ 151.192875634060442, -33.889855084456933 ], [ 151.192787734671299, -33.890064384680258 ], [ 151.192648934587965, -33.89007888500182 ], [ 151.19230730000001, -33.8899933 ], [ 151.19232544064721, -33.889922469615385 ], [ 151.191947744713389, -33.889828239630432 ] ], [ [ 151.193285367548924, -33.886618885683333 ], [ 151.193285802144231, -33.886626800582256 ], [ 151.193307086529927, -33.886624304229322 ], [ 151.193285367548924, -33.886618885683333 ] ], [ [ 151.193398014646306, -33.881618510398013 ], [ 151.193329406117158, -33.881601392812243 ], [ 151.193335214138472, -33.881659565836202 ], [ 151.193304902535459, -33.88166178560536 ], [ 151.193379697183332, -33.881680446608456 ], [ 151.193398014646306, -33.881618510398013 ] ], [ [ 151.192705300538393, -33.883269482156827 ], [ 151.192408425046722, -33.883224388159675 ], [ 151.192488149603861, -33.883260024069664 ], [ 151.193357361041677, -33.88346544737756 ], [ 151.1927085, -33.883301899999985 ], [ 151.192705300538393, -33.883269482156827 ] ], [ [ 151.192462582301204, -33.898667394870024 ], [ 151.192472814503788, -33.898680423783105 ], [ 151.192990237263672, -33.898799022975993 ], [ 151.192462582301204, -33.898667394870024 ] ], [ [ 151.1929777, -33.8955614 ], [ 151.192953569724949, -33.895509804420584 ], [ 151.192810342521653, -33.895550446615957 ], [ 151.192924772295981, -33.89557899289246 ], [ 151.1929777, -33.8955614 ] ], [ [ 151.192840799986158, -33.883404070839632 ], [ 151.193138382380369, -33.883482916467031 ], [ 151.193152353571747, -33.883481801922862 ], [ 151.192840799986158, -33.883404070839632 ] ], [ [ 151.192378951403725, -33.896461948331698 ], [ 151.192026937839273, -33.896374131797053 ], [ 151.191781350887027, -33.896584252817284 ], [ 151.19149830584206, -33.896727473859713 ], [ 151.19156237698374, -33.896743457964547 ], [ 151.1919541, -33.8966958 ], [ 151.1923118, -33.8966958 ], [ 151.1926623, -33.8967137 ], [ 151.192807352778772, -33.896749885399302 ], [ 151.192714572365503, -33.896346858086616 ], [ 151.192378951403725, -33.896461948331698 ] ], [ [ 151.192679440809314, -33.901293526775675 ], [ 151.192675818906565, -33.901276811391114 ], [ 151.192661754429736, -33.901289244879997 ], [ 151.192679440809314, -33.901293526775675 ] ], [ [ 151.193304230098107, -33.871081694015473 ], [ 151.193198889079866, -33.871056366252311 ], [ 151.193305143909413, -33.871082879401726 ], [ 151.193304230098107, -33.871081694015473 ] ], [ [ 151.192920288785814, -33.885887941566331 ], [ 151.192765015217304, -33.885830796778734 ], [ 151.192958835778342, -33.885862206015361 ], [ 151.19261807671657, -33.885777189736416 ], [ 151.192690841370649, -33.885805240102094 ], [ 151.19268737129542, -33.885857518392321 ], [ 151.192920288785814, -33.885887941566331 ] ], [ [ 151.192498422925667, -33.902939502184822 ], [ 151.192354504135722, -33.902885069193623 ], [ 151.192398708335219, -33.902820868582609 ], [ 151.192556289854963, -33.902853378312336 ], [ 151.192443596708813, -33.902816687638548 ], [ 151.192430183537567, -33.90278631602115 ], [ 151.191806369843761, -33.90267111086591 ], [ 151.192335268575192, -33.902803046935759 ], [ 151.192334213610337, -33.902853017141901 ], [ 151.192178055982936, -33.902819891006573 ], [ 151.192201176475976, -33.902834387290554 ], [ 151.192178248881902, -33.902859634278649 ], [ 151.192498422925667, -33.902939502184822 ] ], [ [ 151.192911928563689, -33.881337061506898 ], [ 151.192934536699454, -33.881357142632311 ], [ 151.192980662117492, -33.881354210585755 ], [ 151.192911928563689, -33.881337061506898 ] ], [ [ 151.192195180246188, -33.899414598398536 ], [ 151.192580685315647, -33.899514256946375 ], [ 151.192589550856582, -33.899512978001859 ], [ 151.192195180246188, -33.899414598398536 ] ], [ [ 151.191009285871644, -33.890994972115166 ], [ 151.191286377499182, -33.891042232104844 ], [ 151.1920513, -33.8908009 ], [ 151.192764778748597, -33.890978899668369 ], [ 151.192762672020649, -33.890959210484709 ], [ 151.1910944, -33.890543 ], [ 151.190971086874043, -33.890386482578364 ], [ 151.190731221128686, -33.890326636910331 ], [ 151.19093896578002, -33.890580076436478 ], [ 151.191000966577803, -33.890810976320118 ], [ 151.190791734751997, -33.890928378996655 ], [ 151.19093958196828, -33.89103519260216 ], [ 151.191022780771817, -33.891056520664328 ], [ 151.190959337300086, -33.891049464993593 ], [ 151.191018307682924, -33.891092068554109 ], [ 151.190996045719203, -33.891113426901939 ], [ 151.191222657534126, -33.891169964791466 ], [ 151.191237538931176, -33.891140260356387 ], [ 151.19131390423459, -33.891154456311398 ], [ 151.19127362455373, -33.891071130709896 ], [ 151.191009285871644, -33.890994972115166 ] ], [ [ 151.193216069880407, -33.86872341489088 ], [ 151.193181814234208, -33.868703422414818 ], [ 151.193164662431087, -33.868710587154538 ], [ 151.193216069880407, -33.86872341489088 ] ], [ [ 151.192500838662994, -33.885897805619173 ], [ 151.192779449178204, -33.885927208588178 ], [ 151.192640490110307, -33.885892539503004 ], [ 151.19262197618707, -33.885858243009885 ], [ 151.192580095434693, -33.885892608981592 ], [ 151.192500838662994, -33.885897805619173 ] ], [ [ 151.192159594838216, -33.893001701704613 ], [ 151.191797702999736, -33.892895660463097 ], [ 151.19177586356443, -33.892918242536119 ], [ 151.191973415386741, -33.892967527942517 ], [ 151.191992944410487, -33.893018441449243 ], [ 151.19258184116282, -33.89313404599244 ], [ 151.1921728, -33.893032 ], [ 151.192159594838216, -33.893001701704613 ] ], [ [ 151.192178425720272, -33.898463763294536 ], [ 151.192442896060442, -33.898519668160482 ], [ 151.192176578251406, -33.898450801986179 ], [ 151.192178425720272, -33.898463763294536 ] ], [ [ 151.192280136540404, -33.898563884644631 ], [ 151.192341087363872, -33.898598935775979 ], [ 151.192360103867316, -33.898583833507622 ], [ 151.192280136540404, -33.898563884644631 ] ], [ [ 151.192318971659091, -33.889402408473046 ], [ 151.192541894075305, -33.889465750914489 ], [ 151.192534284454609, -33.88945612577043 ], [ 151.192318971659091, -33.889402408473046 ] ], [ [ 151.192902027724131, -33.868204717224842 ], [ 151.192947796102146, -33.868216138006083 ], [ 151.192949485336271, -33.868206130349002 ], [ 151.192902027724131, -33.868204717224842 ] ], [ [ 151.192292329874533, -33.897637105744828 ], [ 151.192267344794971, -33.897605728703638 ], [ 151.192173623783646, -33.897607492628119 ], [ 151.192292329874533, -33.897637105744828 ] ], [ [ 151.192387811350272, -33.892811078421467 ], [ 151.192393326826902, -33.892798453256738 ], [ 151.192335062642115, -33.892797918835015 ], [ 151.192387811350272, -33.892811078421467 ] ], [ [ 151.192272630562201, -33.898378773299179 ], [ 151.191599366479664, -33.898210816277214 ], [ 151.192273248336704, -33.898381624520994 ], [ 151.192272630562201, -33.898378773299179 ] ], [ [ 151.192294284774817, -33.893141396111481 ], [ 151.19230375350287, -33.893114668586598 ], [ 151.191490353534277, -33.892921760930278 ], [ 151.191419282470918, -33.892943402721926 ], [ 151.191562294150657, -33.892983075319179 ], [ 151.191548933490139, -33.893034354341353 ], [ 151.19126721092681, -33.892989709726976 ], [ 151.191845681273662, -33.893134028483857 ], [ 151.191904082297469, -33.893093377002813 ], [ 151.192367206496868, -33.893203823519521 ], [ 151.192294284774817, -33.893141396111481 ] ], [ [ 151.191917417040997, -33.898083432396689 ], [ 151.192232983612627, -33.898206289245508 ], [ 151.192259590560099, -33.89816879300696 ], [ 151.191917417040997, -33.898083432396689 ] ], [ [ 151.190945647992947, -33.902176390954139 ], [ 151.191108572305779, -33.90221703485507 ], [ 151.1911313314572, -33.902263142897631 ], [ 151.19156500170908, -33.902376005117056 ], [ 151.191643126253354, -33.902365973235497 ], [ 151.191614739265276, -33.902305411195698 ], [ 151.191641147642457, -33.90225478913468 ], [ 151.191730703731906, -33.902239629544447 ], [ 151.191692187107151, -33.902181658112717 ], [ 151.191729859861425, -33.902136391073007 ], [ 151.192166359771079, -33.902233477357818 ], [ 151.191812215181272, -33.902142281262783 ], [ 151.191775447632324, -33.902097312602073 ], [ 151.19178565144361, -33.902058154330554 ], [ 151.191910603282253, -33.902029856601096 ], [ 151.191811775066014, -33.90198206846523 ], [ 151.191805366966378, -33.901952493303554 ], [ 151.191901182302303, -33.901930900205684 ], [ 151.19179126607736, -33.901859189450008 ], [ 151.19174055963569, -33.90175679269921 ], [ 151.191666962606803, -33.901821951649218 ], [ 151.191167846045147, -33.901699129674775 ], [ 151.191307119582177, -33.901747235736501 ], [ 151.191317691962496, -33.901815294260551 ], [ 151.191411188019174, -33.901838618055599 ], [ 151.191427993977754, -33.901874210088174 ], [ 151.191397677730293, -33.901890464545936 ], [ 151.191269455062411, -33.901859322195321 ], [ 151.191251794435175, -33.901907192066382 ], [ 151.191205593443044, -33.901922360214336 ], [ 151.191030101439651, -33.901880270054015 ], [ 151.190960306793585, -33.902042660662254 ], [ 151.190945647992947, -33.902176390954139 ] ], [ [ 151.192536927734267, -33.880333914181442 ], [ 151.192562653798262, -33.880383654189565 ], [ 151.192608232756584, -33.880395026433646 ], [ 151.192627199508109, -33.880342475175368 ], [ 151.192485267544896, -33.880319313120111 ], [ 151.192536927734267, -33.880333914181442 ] ], [ [ 151.192639974764006, -33.879374591286087 ], [ 151.192644285604416, -33.879358042008164 ], [ 151.19239424690582, -33.879285148694358 ], [ 151.192120844076072, -33.879218089767434 ], [ 151.192481395560009, -33.879342455472575 ], [ 151.192402961318464, -33.879332157862443 ], [ 151.192639974764006, -33.879374591286087 ] ], [ [ 151.192543939477673, -33.879443156047287 ], [ 151.192577590889385, -33.879413103751894 ], [ 151.192480166231633, -33.879388795378489 ], [ 151.192445740299917, -33.879421738186203 ], [ 151.192543939477673, -33.879443156047287 ] ], [ [ 151.192387454723047, -33.885243222640149 ], [ 151.192439491469713, -33.885232284158143 ], [ 151.191854244894728, -33.885086266171264 ], [ 151.191856930297178, -33.885110857640925 ], [ 151.192387454723047, -33.885243222640149 ] ], [ [ 151.192277851420698, -33.892845979722388 ], [ 151.192262256912301, -33.892807360843825 ], [ 151.192170665173848, -33.892819239102685 ], [ 151.192277851420698, -33.892845979722388 ] ], [ [ 151.192506847545644, -33.880634887684238 ], [ 151.19225349175764, -33.880553887751063 ], [ 151.192239393801685, -33.880568155891559 ], [ 151.192506847545644, -33.880634887684238 ] ], [ [ 151.192451482142104, -33.876662439835719 ], [ 151.192557914509848, -33.876711008578866 ], [ 151.192588677084075, -33.876696672228498 ], [ 151.192451482142104, -33.876662439835719 ] ], [ [ 151.19215695377838, -33.879199055615111 ], [ 151.192241293887832, -33.879238291577828 ], [ 151.192389500540457, -33.879275270873293 ], [ 151.192275245403437, -33.87922516054698 ], [ 151.192317918268145, -33.879142339351894 ], [ 151.192495938762704, -33.879155954425215 ], [ 151.192223163256045, -33.879079229584597 ], [ 151.192172800085984, -33.879088243556019 ], [ 151.192228636687076, -33.879161270050616 ], [ 151.192175436013372, -33.879189313248794 ], [ 151.192235498536661, -33.879207702326163 ], [ 151.19215695377838, -33.879199055615111 ] ], [ [ 151.190810728585717, -33.897604392243316 ], [ 151.190574831222676, -33.897653667070649 ], [ 151.190649067197853, -33.897672187469119 ], [ 151.190772651071399, -33.897636841404044 ], [ 151.190954967465046, -33.897681058613735 ], [ 151.191014573707321, -33.897635796255507 ], [ 151.191441910898845, -33.897730601245165 ], [ 151.191474232130133, -33.897696836995642 ], [ 151.191593068879911, -33.897683810995332 ], [ 151.191400991057407, -33.897630596809414 ], [ 151.191460794144348, -33.897602673349617 ], [ 151.192045990631357, -33.897729947511372 ], [ 151.192046886438561, -33.897708590679194 ], [ 151.19163970341819, -33.897607011050539 ], [ 151.191650961207557, -33.897563805569021 ], [ 151.191782542991263, -33.897586673877171 ], [ 151.191528419638985, -33.897523277435212 ], [ 151.190900872105004, -33.897626881073755 ], [ 151.190810728585717, -33.897604392243316 ] ], [ [ 151.191937529847536, -33.883134928970385 ], [ 151.192257693294835, -33.883218765699759 ], [ 151.192261529996017, -33.883215768201083 ], [ 151.191937529847536, -33.883134928970385 ] ], [ [ 151.192330228439516, -33.878408886548634 ], [ 151.192347473628416, -33.87842225693538 ], [ 151.192361194597908, -33.878416613025763 ], [ 151.192330228439516, -33.878408886548634 ] ], [ [ 151.192249380192749, -33.883235378616455 ], [ 151.192239932407091, -33.883235652930182 ], [ 151.192249643217735, -33.883238075799227 ], [ 151.192249380192749, -33.883235378616455 ] ], [ [ 151.192509203028408, -33.870842984138591 ], [ 151.192273, -33.8707572 ], [ 151.192363060237739, -33.870744068952654 ], [ 151.192284640205798, -33.87071529776329 ], [ 151.192409829497279, -33.870746395884602 ], [ 151.192283120648426, -33.870703864089535 ], [ 151.192167718817416, -33.870762332889484 ], [ 151.192509203028408, -33.870842984138591 ] ], [ [ 151.192123928779864, -33.887826793171563 ], [ 151.192104339030749, -33.887793401161296 ], [ 151.192092796964971, -33.887790521508421 ], [ 151.192093751045263, -33.887824001495034 ], [ 151.192123928779864, -33.887826793171563 ] ], [ [ 151.191781925804321, -33.900172291588724 ], [ 151.191860719838218, -33.900191947785203 ], [ 151.191777512611594, -33.900166568457713 ], [ 151.191781925804321, -33.900172291588724 ] ], [ [ 151.185512781687862, -33.881441888251238 ], [ 151.185590730454265, -33.881543007947727 ], [ 151.185551123047304, -33.881618939470869 ], [ 151.185458741458035, -33.881649272216116 ], [ 151.184395210475941, -33.881387848665355 ], [ 151.184700040359303, -33.881463926564521 ], [ 151.184739014237465, -33.881514486660045 ], [ 151.184673019296326, -33.881567618340647 ], [ 151.184546436129779, -33.881537715422581 ], [ 151.1845962689396, -33.881625701503623 ], [ 151.184449893836643, -33.88170606433907 ], [ 151.184461939500494, -33.881750941379622 ], [ 151.184379692570957, -33.881744606108754 ], [ 151.184312937985879, -33.881781255517311 ], [ 151.18473512972588, -33.881886623645997 ], [ 151.184761112440839, -33.881920330372651 ], [ 151.184742019026373, -33.881948799488995 ], [ 151.184959469196855, -33.88200306871537 ], [ 151.184952713965401, -33.882028991673572 ], [ 151.184045365570967, -33.881802963231145 ], [ 151.183940869450851, -33.881860806453261 ], [ 151.183659047756009, -33.881793592622842 ], [ 151.183869831283062, -33.881846200158634 ], [ 151.183883830651638, -33.881875860942678 ], [ 151.183848268071387, -33.881887537042587 ], [ 151.183384882681423, -33.881771884319704 ], [ 151.183382009906296, -33.881732256314663 ], [ 151.183049771812222, -33.881638403249887 ], [ 151.182958506920357, -33.881645196157258 ], [ 151.182918816804516, -33.881701050644345 ], [ 151.182781261305024, -33.881686422753361 ], [ 151.182761359432931, -33.881700116239557 ], [ 151.182817959624145, -33.881763488046019 ], [ 151.182670931846246, -33.881871457454871 ], [ 151.181197168944749, -33.881542173900542 ], [ 151.180831104012611, -33.881751325946837 ], [ 151.180848686096482, -33.881772536141355 ], [ 151.180798086361307, -33.881813636503566 ], [ 151.18073768652971, -33.881847836931506 ], [ 151.180691020063591, -33.881836188617569 ], [ 151.180710786578544, -33.881860437121318 ], [ 151.1806142868422, -33.881914537804867 ], [ 151.18049272677024, -33.881884195307407 ], [ 151.180515586666019, -33.881925038490685 ], [ 151.180077987848279, -33.882169041590075 ], [ 151.1792161, -33.8819539 ], [ 151.178880760804589, -33.881591315484712 ], [ 151.178834251230711, -33.881616344354661 ], [ 151.178268213769655, -33.881481759066986 ], [ 151.178736884823934, -33.881603270941774 ], [ 151.178759617510252, -33.88163276536622 ], [ 151.17872111834086, -33.881663756908473 ], [ 151.178339555356985, -33.881569493460248 ], [ 151.178253904708384, -33.881635624562016 ], [ 151.178466151163576, -33.881688607451039 ], [ 151.178539866319852, -33.88177968866367 ], [ 151.178736924709597, -33.881834014198276 ], [ 151.17871973956656, -33.881899942442686 ], [ 151.178572722739005, -33.881871985170513 ], [ 151.178519509398114, -33.881900157921173 ], [ 151.178686353191665, -33.881941806517126 ], [ 151.178722553564711, -33.881989606364783 ], [ 151.178682313639541, -33.882010634537501 ], [ 151.178795956175946, -33.882120880434918 ], [ 151.178872605565715, -33.882152489656171 ], [ 151.178932295577368, -33.882085910399766 ], [ 151.179064989478775, -33.882094862397061 ], [ 151.18080856680271, -33.882536770268857 ], [ 151.180830163473672, -33.882500751493957 ], [ 151.18101561229534, -33.882546336565007 ], [ 151.18088185543246, -33.882511358568301 ], [ 151.180870419119941, -33.882469322455059 ], [ 151.180355127472666, -33.882335468501033 ], [ 151.18124823851926, -33.882544888979311 ], [ 151.181090977004175, -33.882492982624441 ], [ 151.181228836883349, -33.882519814371726 ], [ 151.181178207118961, -33.882454380557135 ], [ 151.181016219146358, -33.882408714484697 ], [ 151.181173740617965, -33.882443921919709 ], [ 151.181347499999987, -33.8822489 ], [ 151.181416888428885, -33.882223491201984 ], [ 151.181376699999987, -33.8821733 ], [ 151.1814111, -33.8821543 ], [ 151.181689130492089, -33.882223696278999 ], [ 151.18175697183537, -33.882308375681902 ], [ 151.181847687062515, -33.882331017927093 ], [ 151.1818781, -33.8823139 ], [ 151.182619518213414, -33.882498952642329 ], [ 151.18266841884531, -33.882558852366685 ], [ 151.182585640365005, -33.882605444829039 ], [ 151.182709692184716, -33.882640400289688 ], [ 151.182696328174046, -33.882691678312305 ], [ 151.182505134907274, -33.882650757799908 ], [ 151.182435319397712, -33.882690053787201 ], [ 151.18219857257634, -33.882638113521544 ], [ 151.181998718771723, -33.88274165639821 ], [ 151.181929208219799, -33.882724306947772 ], [ 151.182150506819625, -33.882802757735504 ], [ 151.182130584014402, -33.882840947720453 ], [ 151.181740039187048, -33.882751735897209 ], [ 151.181746869687601, -33.882777247261899 ], [ 151.181711306465218, -33.882788922721197 ], [ 151.180874262202792, -33.882557773994506 ], [ 151.180914945413747, -33.882640052427114 ], [ 151.181080326233655, -33.882691798815948 ], [ 151.180905864916525, -33.88266223046989 ], [ 151.180857092847305, -33.882699587149567 ], [ 151.180784113625947, -33.882700699262209 ], [ 151.178929109702693, -33.882235820407132 ], [ 151.178889266244198, -33.882206532210461 ], [ 151.178858247598555, -33.882223168240955 ], [ 151.179484777504541, -33.882379562816311 ], [ 151.179501574991718, -33.882415156295799 ], [ 151.179471263681819, -33.882431408017567 ], [ 151.179256001809307, -33.882378519199477 ], [ 151.179230576638787, -33.88240957130111 ], [ 151.1787220547034, -33.88228333683147 ], [ 151.179169789407382, -33.882408422476438 ], [ 151.179160780064564, -33.882442985916761 ], [ 151.178614077519342, -33.882312855893183 ], [ 151.179380500733544, -33.882504171649806 ], [ 151.179406481463928, -33.882537879439994 ], [ 151.179362482184871, -33.882573298564061 ], [ 151.178524797533441, -33.882365320135754 ], [ 151.178451601336661, -33.88238865183407 ], [ 151.178496393623647, -33.882431167086096 ], [ 151.1784662080982, -33.882460008482546 ], [ 151.179123028280543, -33.882621478289913 ], [ 151.178615780764034, -33.882509403611436 ], [ 151.179402139190131, -33.88270569514885 ], [ 151.179437731806644, -33.882740650209129 ], [ 151.179694461290154, -33.882804733893622 ], [ 151.179501676381022, -33.882739616497481 ], [ 151.18035710774609, -33.882940811412325 ], [ 151.180356577166862, -33.88296579643017 ], [ 151.180293267670322, -33.882952907817582 ], [ 151.180280394441155, -33.882980079426048 ], [ 151.180561848373287, -33.883055628657608 ], [ 151.180546472946787, -33.883074103782889 ], [ 151.180339593780104, -33.883022887508929 ], [ 151.180534961172469, -33.883084326751678 ], [ 151.180477856761684, -33.883088760729898 ], [ 151.180474144125213, -33.883113765652645 ], [ 151.180580063105566, -33.883147009300956 ], [ 151.180440260189101, -33.883131223131571 ], [ 151.180590912020335, -33.883168826769321 ], [ 151.180607583044434, -33.883131640228193 ], [ 151.180680999043091, -33.88312231689811 ], [ 151.181051709719497, -33.883214847429628 ], [ 151.181055375234479, -33.883237582730487 ], [ 151.18128114435595, -33.883293934742838 ], [ 151.181297942762512, -33.883329528002704 ], [ 151.181255266548959, -33.883343538384345 ], [ 151.180047538945843, -33.883072286500301 ], [ 151.180382658391665, -33.883195987851565 ], [ 151.18107676919891, -33.88336924069467 ], [ 151.181120991505054, -33.883422475484416 ], [ 151.181955974921152, -33.883650834590185 ], [ 151.1820976, -33.883600800000011 ], [ 151.18192859320061, -33.883389254857349 ], [ 151.180887476478773, -33.883158870423877 ], [ 151.180898737403737, -33.883115665944651 ], [ 151.181184397934487, -33.883186263527946 ], [ 151.180774342952787, -33.883071790405452 ], [ 151.180792641459078, -33.883036715409425 ], [ 151.180847190886226, -33.883044503221669 ], [ 151.180872425302567, -33.883000396232568 ], [ 151.181155521948625, -33.883061848428945 ], [ 151.180923265639393, -33.882993284338546 ], [ 151.180954016296909, -33.882956333984964 ], [ 151.18109732473161, -33.88299125959584 ], [ 151.181012861340804, -33.882942950033602 ], [ 151.181034209449592, -33.882902029157627 ], [ 151.181346152638753, -33.882953212734591 ], [ 151.180620652761263, -33.882763556226649 ], [ 151.180516888130825, -33.882688400799914 ], [ 151.180659469715266, -33.882689150964701 ], [ 151.181320565790713, -33.882854162531729 ], [ 151.181168027431085, -33.882805405321179 ], [ 151.181158422520895, -33.882761041867575 ], [ 151.18122243641551, -33.882740026324321 ], [ 151.182432133597672, -33.883043570475863 ], [ 151.182712800000019, -33.8828852 ], [ 151.182920174921122, -33.882936957978778 ], [ 151.182949372895195, -33.882915919133708 ], [ 151.183412763735845, -33.883031573658883 ], [ 151.18345270615572, -33.88306986871283 ], [ 151.183513983874263, -33.88305649513687 ], [ 151.183539107367494, -33.883012245399655 ], [ 151.184009915416141, -33.883113486538946 ], [ 151.184027523952153, -33.883084095148831 ], [ 151.18383148828886, -33.883032316789738 ], [ 151.183851410397239, -33.882994126507327 ], [ 151.184839288416185, -33.883244937320079 ], [ 151.18486527156, -33.883278644032544 ], [ 151.184841314995083, -33.883319812258442 ], [ 151.184986820495169, -33.883356125607534 ], [ 151.184994808178232, -33.883393011300882 ], [ 151.184124367008764, -33.883188769376936 ], [ 151.184094031993737, -33.883205115299177 ], [ 151.183964071507319, -33.883173524883503 ], [ 151.183942388075252, -33.883209430250083 ], [ 151.183657849059159, -33.883139119555707 ], [ 151.183802971583589, -33.883197964562555 ], [ 151.183692769020212, -33.883182342374397 ], [ 151.183709274653864, -33.883202772505378 ], [ 151.184150607969798, -33.883352408525916 ], [ 151.184236108838462, -33.883459008152734 ], [ 151.184100909077586, -33.883533708790985 ], [ 151.183945256599912, -33.883494861935141 ], [ 151.183967187293149, -33.883522006788155 ], [ 151.183871570074018, -33.883576619755772 ], [ 151.184124501220651, -33.883639744861725 ], [ 151.184123795227123, -33.883673058284792 ], [ 151.183826031851964, -33.883602629427664 ], [ 151.18375619454099, -33.883642517734806 ], [ 151.183988491494091, -33.883715405208598 ], [ 151.183989828721934, -33.883751069722237 ], [ 151.184092932658217, -33.88379445571119 ], [ 151.184062437058827, -33.883852914911628 ], [ 151.18358113199892, -33.883742506182713 ], [ 151.18361677406881, -33.883786784869109 ], [ 151.183579776628989, -33.883807802402927 ], [ 151.183693528160092, -33.883811354516631 ], [ 151.184156924924963, -33.883927006417323 ], [ 151.184194638483405, -33.883981672928037 ], [ 151.184168660447909, -33.884007181093686 ], [ 151.184314678862052, -33.884043623063413 ], [ 151.184327652798316, -33.884074516621133 ], [ 151.184449364136896, -33.884074766751354 ], [ 151.1843902, -33.8838834 ], [ 151.1845648, -33.8837794 ], [ 151.185334248001766, -33.883971427423155 ], [ 151.185830849793888, -33.884084657813673 ], [ 151.185844559097461, -33.884057654982989 ], [ 151.185787222421055, -33.884043346210426 ], [ 151.18530927099323, -33.883931098105549 ], [ 151.185264594425604, -33.883952787176064 ], [ 151.184708516270916, -33.883814009629042 ], [ 151.18469270759519, -33.883777225602437 ], [ 151.184541011223189, -33.88373537347244 ], [ 151.184558554114375, -33.883683465622809 ], [ 151.184461900887214, -33.883648751539887 ], [ 151.18448019804373, -33.883613675953505 ], [ 151.184564660656406, -33.883628927374623 ], [ 151.184565900370586, -33.883604743204216 ], [ 151.184427650868685, -33.883566837514827 ], [ 151.185238459474391, -33.883762894704077 ], [ 151.18523600371546, -33.88379647178995 ], [ 151.185656833818115, -33.883901494505011 ], [ 151.185696088279371, -33.883847303014228 ], [ 151.185648741226458, -33.88375561806351 ], [ 151.185671938345109, -33.883720390677198 ], [ 151.185632718281283, -33.883679202893916 ], [ 151.185663028946408, -33.88366294963474 ], [ 151.185841083674262, -33.883706540238954 ], [ 151.185834203403601, -33.883674154018742 ], [ 151.185552535885648, -33.88360386130114 ], [ 151.185561542815549, -33.883569297318751 ], [ 151.186996584964476, -33.883892166118123 ], [ 151.186989830168358, -33.883918089195852 ], [ 151.186875149974867, -33.883910031063124 ], [ 151.186341647935024, -33.883831458722646 ], [ 151.186509513194494, -33.883873349862455 ], [ 151.186521994104311, -33.883914133750388 ], [ 151.187418702898185, -33.884126241474348 ], [ 151.187429692073437, -33.884177985909943 ], [ 151.187945807839611, -33.884306777445225 ], [ 151.188001578146611, -33.884398287425547 ], [ 151.188107437376686, -33.884419111047499 ], [ 151.188134884296232, -33.884396736255447 ], [ 151.188387006139266, -33.884458945620537 ], [ 151.188389518609171, -33.8844182483653 ], [ 151.188505769502854, -33.884425726416175 ], [ 151.188924356128837, -33.884529754238848 ], [ 151.188945412837285, -33.884518328779627 ], [ 151.188604680516363, -33.884435825546817 ], [ 151.188718065416509, -33.884460008270118 ], [ 151.188731902150977, -33.8844282401691 ], [ 151.188888798018326, -33.884466827346074 ], [ 151.188927245276716, -33.884414249901276 ], [ 151.189131592267785, -33.884458508556847 ], [ 151.189180304141786, -33.884421667399657 ], [ 151.189415544955381, -33.884467167141047 ], [ 151.189442979337116, -33.884444735604966 ], [ 151.190153936226523, -33.884609848711051 ], [ 151.189714300219521, -33.884483500687224 ], [ 151.189729546251215, -33.884454270331702 ], [ 151.189839965474476, -33.884451201268725 ], [ 151.190468846363416, -33.884621702342429 ], [ 151.190034605228163, -33.884482880692893 ], [ 151.190491187637576, -33.884584474652009 ], [ 151.190206904191314, -33.884510767185944 ], [ 151.190195702606815, -33.884487039074969 ], [ 151.190432893119407, -33.884476775547149 ], [ 151.190620678261155, -33.884522926892465 ], [ 151.190628552420435, -33.884485333373178 ], [ 151.190763221447838, -33.884514078522031 ], [ 151.190783889371261, -33.884490227318402 ], [ 151.191863884533007, -33.884757861733036 ], [ 151.191937696416375, -33.884738283924634 ], [ 151.192042708932775, -33.884760966020913 ], [ 151.192097552727773, -33.884717483928576 ], [ 151.192184825713582, -33.884703846324449 ], [ 151.191115840244947, -33.88443713004532 ], [ 151.191065179018864, -33.884375769766017 ], [ 151.190638455441729, -33.884279572112192 ], [ 151.190547449177757, -33.884265283331338 ], [ 151.190501043266408, -33.884300984547451 ], [ 151.190430726800969, -33.884299951589668 ], [ 151.189526971420122, -33.884074446653955 ], [ 151.189505844678024, -33.884138647034668 ], [ 151.189448105255337, -33.884157606828879 ], [ 151.188119658639692, -33.883828229460867 ], [ 151.187982067607152, -33.883749653938189 ], [ 151.187960851079026, -33.883704708129216 ], [ 151.187983954797176, -33.883660414282389 ], [ 151.188037844880455, -33.883642719114434 ], [ 151.188287223833413, -33.883702978021489 ], [ 151.18822853789149, -33.883672732270405 ], [ 151.188312933989039, -33.883678177195613 ], [ 151.1879207, -33.8835803 ], [ 151.187832, -33.883527399999977 ], [ 151.1875278, -33.8833113 ], [ 151.18754451755558, -33.88329446811278 ], [ 151.18732171248746, -33.883112062486447 ], [ 151.1871971, -33.883066499999977 ], [ 151.187212505764393, -33.883050831797611 ], [ 151.1870985, -33.8829879 ], [ 151.187124696482897, -33.882963466759854 ], [ 151.1870788, -33.8829392 ], [ 151.187125900000012, -33.8828916 ], [ 151.187518972689361, -33.882989689932074 ], [ 151.187399615104425, -33.882937880008846 ], [ 151.187414861612581, -33.882908649949783 ], [ 151.18747456513745, -33.882918692167777 ], [ 151.187474048426083, -33.882894747510591 ], [ 151.186960592599974, -33.88275235332312 ], [ 151.186933018236573, -33.882632521612955 ], [ 151.186708981305657, -33.882576612785705 ], [ 151.186634280892946, -33.882512071001848 ], [ 151.186638250071496, -33.882419889244133 ], [ 151.18640021995779, -33.882347366165249 ], [ 151.186365366142695, -33.882273526219855 ], [ 151.186389922062574, -33.882216862817984 ], [ 151.185414750072027, -33.881979988207057 ], [ 151.18543674835766, -33.881962277518198 ], [ 151.185647089219685, -33.882000002869816 ], [ 151.185494632945705, -33.881961955199507 ], [ 151.185505891380927, -33.881918750209586 ], [ 151.186002228554599, -33.882041913802816 ], [ 151.18557932271446, -33.881923200519466 ], [ 151.185556587548206, -33.881893707275751 ], [ 151.185657243243867, -33.881822239329423 ], [ 151.185979691942777, -33.881901584492972 ], [ 151.186040759720044, -33.881877663906884 ], [ 151.185768808211662, -33.881809795179748 ], [ 151.185757608193597, -33.881786066707015 ], [ 151.186050557365462, -33.881842734317033 ], [ 151.185852935792383, -33.881784628046113 ], [ 151.185824935706648, -33.881725306879815 ], [ 151.185875452237127, -33.881698217983342 ], [ 151.18593346778195, -33.881711289011783 ], [ 151.185938439916896, -33.881665344626136 ], [ 151.186006142426265, -33.881663318620099 ], [ 151.186016907700719, -33.881611790800171 ], [ 151.186123123123025, -33.881576704056812 ], [ 151.186806404570007, -33.881758594463818 ], [ 151.186729038844874, -33.881844826791166 ], [ 151.186761717631725, -33.881861808857401 ], [ 151.186746471107654, -33.881891038839122 ], [ 151.186560083964821, -33.881849381501738 ], [ 151.1865651321597, -33.881877776280213 ], [ 151.188038704241507, -33.882245504655366 ], [ 151.188015260688616, -33.8821740763292 ], [ 151.188114394830365, -33.882178205653744 ], [ 151.187918978574572, -33.88212944101258 ], [ 151.18791418525845, -33.882107309683697 ], [ 151.188139514140147, -33.882156443087055 ], [ 151.188141523363328, -33.882148731627993 ], [ 151.18784145985785, -33.882062024373234 ], [ 151.188106229040699, -33.882108283808051 ], [ 151.187491403871974, -33.881936282186302 ], [ 151.187428195758628, -33.881881670305766 ], [ 151.187444774874535, -33.881787780982698 ], [ 151.187196805047535, -33.881725900220921 ], [ 151.187133597278063, -33.881671288198653 ], [ 151.187129702183455, -33.881616505205145 ], [ 151.187065791038862, -33.881637403006955 ], [ 151.185297516158329, -33.881166998870206 ], [ 151.185280376194669, -33.881214195628921 ], [ 151.185310920927037, -33.881242235240975 ], [ 151.185277923745645, -33.881268801249711 ], [ 151.184599583563994, -33.881089758577041 ], [ 151.184617880069084, -33.881054682936558 ], [ 151.184681339320406, -33.881064692899542 ], [ 151.184697163653027, -33.881016608267011 ], [ 151.184809681048051, -33.881037890509226 ], [ 151.184786163580753, -33.881017465035946 ], [ 151.184627883432853, -33.880977962329325 ], [ 151.184319187655404, -33.881144000582786 ], [ 151.185512781687862, -33.881441888251238 ] ], [ [ 151.191920853882834, -33.892851636017141 ], [ 151.19199956256287, -33.892871272286129 ], [ 151.191998478844312, -33.892841569238648 ], [ 151.191920853882834, -33.892851636017141 ] ], [ [ 151.192487413473174, -33.867712670867334 ], [ 151.192512266646645, -33.867727907425675 ], [ 151.192521563902744, -33.867721192741364 ], [ 151.192487413473174, -33.867712670867334 ] ], [ [ 151.191077633008518, -33.881741153431335 ], [ 151.191189865930255, -33.881814428973314 ], [ 151.192036664100073, -33.882027859801546 ], [ 151.192168441512678, -33.882046965622784 ], [ 151.192191732856088, -33.882020161526796 ], [ 151.1915879, -33.8818695 ], [ 151.19150093195438, -33.881812016825002 ], [ 151.191474792242303, -33.881840250410932 ], [ 151.191077633008518, -33.881741153431335 ] ], [ [ 151.189312577754436, -33.901349083378584 ], [ 151.189297048151786, -33.901382465733995 ], [ 151.189401879853733, -33.901429554438735 ], [ 151.188888011027274, -33.90130844822923 ], [ 151.188871568206395, -33.90139718041921 ], [ 151.189013100000011, -33.901397 ], [ 151.189587838904117, -33.901540387040072 ], [ 151.189552541346217, -33.90191848727752 ], [ 151.188937683870364, -33.901784614786834 ], [ 151.188883375036283, -33.901832116297591 ], [ 151.188497425916097, -33.901737234595053 ], [ 151.188484227213934, -33.901805862480309 ], [ 151.189379041820445, -33.902039488101934 ], [ 151.18931064401616, -33.902389888486653 ], [ 151.189183062662295, -33.902369084902766 ], [ 151.189179206504519, -33.902390202703984 ], [ 151.189620172861311, -33.902481793210313 ], [ 151.189613491342044, -33.902520907122408 ], [ 151.189732509243896, -33.902565192957951 ], [ 151.189836280532404, -33.90249474951267 ], [ 151.189709734316864, -33.902380564379015 ], [ 151.189711265941128, -33.902308120298642 ], [ 151.189773782175763, -33.902257797649426 ], [ 151.189947654087888, -33.90228077706108 ], [ 151.189974511945792, -33.902261115432111 ], [ 151.19081912859636, -33.902471118285305 ], [ 151.190832513691333, -33.902501523044869 ], [ 151.19171161417384, -33.902703534594437 ], [ 151.191650078251143, -33.902684761030812 ], [ 151.191648609118687, -33.90264925133571 ], [ 151.189814475659688, -33.902200074966771 ], [ 151.189804886283355, -33.902155812488097 ], [ 151.189869306955245, -33.902144976667287 ], [ 151.189753276964268, -33.902116029986665 ], [ 151.18970129601513, -33.902048618316051 ], [ 151.189727705418306, -33.901997996697865 ], [ 151.189846934005004, -33.901948615794538 ], [ 151.189827497360255, -33.901935394534981 ], [ 151.189863325375626, -33.901943361466344 ], [ 151.189859189236699, -33.901894224147952 ], [ 151.189767727991637, -33.9018577958132 ], [ 151.189856825950187, -33.901856260242262 ], [ 151.189864369462498, -33.90173301923484 ], [ 151.189801445149726, -33.901700307453183 ], [ 151.189828948490657, -33.901678168349193 ], [ 151.18988000604125, -33.901690202290595 ], [ 151.189920163165283, -33.901603372685969 ], [ 151.18967685479268, -33.901535826829956 ], [ 151.189664040135426, -33.901476676330304 ], [ 151.189703154380339, -33.901447409727133 ], [ 151.189638296355923, -33.901411632747944 ], [ 151.188903300979575, -33.901225937200358 ], [ 151.18889957472706, -33.901246045646751 ], [ 151.189312577754436, -33.901349083378584 ] ], [ [ 151.192089869429225, -33.882046048454342 ], [ 151.192050496810765, -33.88203622471751 ], [ 151.192080319126887, -33.882054258856016 ], [ 151.192089869429225, -33.882046048454342 ] ], [ [ 151.192028020714474, -33.882545703728397 ], [ 151.19189480893894, -33.882512466518527 ], [ 151.191866293177384, -33.882535505126121 ], [ 151.19206339214918, -33.882584682588124 ], [ 151.192028020714474, -33.882545703728397 ] ], [ [ 151.191667324795816, -33.900673504919929 ], [ 151.191635499020066, -33.900633736389551 ], [ 151.19149891486262, -33.900599663538671 ], [ 151.191467894818004, -33.900625943531985 ], [ 151.191667324795816, -33.900673504919929 ] ], [ [ 151.191168946088794, -33.901587281502266 ], [ 151.191645138894387, -33.901706073966672 ], [ 151.191595856519228, -33.901680326515809 ], [ 151.191168946088794, -33.901587281502266 ] ], [ [ 151.19140099092337, -33.900434056871354 ], [ 151.191655749515775, -33.900481814192602 ], [ 151.191330794900495, -33.900382787142561 ], [ 151.191612860472873, -33.900441869515134 ], [ 151.191288236748846, -33.900360887020916 ], [ 151.191178265896838, -33.900338493416797 ], [ 151.191124522176153, -33.90035936376151 ], [ 151.190916742149653, -33.900310563834104 ], [ 151.19140099092337, -33.900434056871354 ] ], [ [ 151.191944, -33.8840547 ], [ 151.192000294429846, -33.883996251634272 ], [ 151.191735924171013, -33.883930290267678 ], [ 151.191834453575495, -33.884000398192299 ], [ 151.191809666388821, -33.88403185854218 ], [ 151.191969797148005, -33.884071811697829 ], [ 151.191944, -33.8840547 ] ], [ [ 151.191982907393879, -33.882918175726594 ], [ 151.191806293273771, -33.882874109407695 ], [ 151.191971806429251, -33.882946886384502 ], [ 151.191982907393879, -33.882918175726594 ] ], [ [ 151.187984069160677, -33.884625942163296 ], [ 151.188657193500006, -33.884814546314324 ], [ 151.188693365624687, -33.88478674794036 ], [ 151.190173055448639, -33.885155964171609 ], [ 151.190744, -33.88508680000001 ], [ 151.19153426278092, -33.885283976162228 ], [ 151.191583728509755, -33.885270252866277 ], [ 151.191899891191326, -33.885346884007717 ], [ 151.191910907386927, -33.885325941358509 ], [ 151.191552770316974, -33.885229214736036 ], [ 151.191460227496805, -33.885139854625208 ], [ 151.191156983466016, -33.885082260141033 ], [ 151.191142338459429, -33.885099861012712 ], [ 151.191207900926912, -33.885126811501614 ], [ 151.19118960612613, -33.885161888159047 ], [ 151.190320699333114, -33.88496452060533 ], [ 151.190420739747708, -33.88499552153786 ], [ 151.190420066624483, -33.885027392879728 ], [ 151.190235519146654, -33.885024572367413 ], [ 151.189968704171292, -33.884960249474162 ], [ 151.189932364124473, -33.884982966419699 ], [ 151.189554648387542, -33.884889703977102 ], [ 151.189547211141104, -33.884910121126424 ], [ 151.189607257662033, -33.884939227015757 ], [ 151.18960128554383, -33.884973301313323 ], [ 151.189901697709928, -33.885048260098415 ], [ 151.189892692332933, -33.885082824442591 ], [ 151.188469590240288, -33.884715974571378 ], [ 151.188432111146142, -33.884735005009389 ], [ 151.187984069160677, -33.884625942163296 ] ], [ [ 151.188667663206814, -33.884829867800285 ], [ 151.189714221879171, -33.885114564548267 ], [ 151.189711122302839, -33.88515506458419 ], [ 151.189590621867467, -33.885148765478533 ], [ 151.189377116579152, -33.885095491235369 ], [ 151.189383703824547, -33.885127853514483 ], [ 151.189491121698296, -33.885161366222697 ], [ 151.189489522100871, -33.885199466246725 ], [ 151.189377725071182, -33.885200052627582 ], [ 151.18935395185585, -33.885340011327905 ], [ 151.189820332657206, -33.885456382794509 ], [ 151.189841433711649, -33.885609382727402 ], [ 151.189718941761498, -33.885622609339933 ], [ 151.190004151104375, -33.885693773973571 ], [ 151.190159186835331, -33.886434038873375 ], [ 151.1902478, -33.8861327 ], [ 151.1908219, -33.88607 ], [ 151.191038351309658, -33.886124006034997 ], [ 151.191132343199911, -33.886104232906916 ], [ 151.191668741183037, -33.886238065421985 ], [ 151.191052173727712, -33.886068726962911 ], [ 151.191032953031794, -33.885980001282611 ], [ 151.191096671291206, -33.885935338017333 ], [ 151.191080336857652, -33.885755707052859 ], [ 151.191157721415806, -33.885693401274146 ], [ 151.19135525628667, -33.885717433447383 ], [ 151.191452477504356, -33.885674558614099 ], [ 151.191613482290194, -33.885679086615163 ], [ 151.191886154455631, -33.885744444280384 ], [ 151.191756457569483, -33.885692725528507 ], [ 151.191735238596777, -33.885647780302911 ], [ 151.191783175923206, -33.885590167237517 ], [ 151.191904723081706, -33.885594018096818 ], [ 151.191644549037818, -33.885528106491101 ], [ 151.191658754996837, -33.885612662502929 ], [ 151.191104254050714, -33.885675866357722 ], [ 151.1902423, -33.8854608 ], [ 151.190157054981341, -33.88519853021743 ], [ 151.188667663206814, -33.884829867800285 ] ], [ [ 151.191051732069894, -33.898817267722087 ], [ 151.190911574792608, -33.898838611077089 ], [ 151.191201974016224, -33.898911057868162 ], [ 151.191206424697754, -33.898949121793386 ], [ 151.191606859110635, -33.899053842693839 ], [ 151.191581786111158, -33.899006409629777 ], [ 151.191416662161714, -33.898944800064697 ], [ 151.191449664585605, -33.898918232643723 ], [ 151.191565957797735, -33.898944055460326 ], [ 151.191051732069894, -33.898817267722087 ] ], [ [ 151.191801872415425, -33.889263193565263 ], [ 151.191715460491082, -33.889248781263916 ], [ 151.191808895132283, -33.889272092388033 ], [ 151.191801872415425, -33.889263193565263 ] ], [ [ 151.191720313818422, -33.893199201513269 ], [ 151.191720293548315, -33.893177494898836 ], [ 151.191655558185289, -33.893161344592464 ], [ 151.191645317706332, -33.893180491335421 ], [ 151.191720313818422, -33.893199201513269 ] ], [ [ 151.191886229271887, -33.88308018671902 ], [ 151.191904463180919, -33.883063917819804 ], [ 151.191917740505971, -33.883051995637992 ], [ 151.191886229271887, -33.88308018671902 ] ], [ [ 151.191593104712354, -33.897334609702646 ], [ 151.191402177180834, -33.897286978409007 ], [ 151.191352138116685, -33.897313833173733 ], [ 151.191446596204941, -33.89733739800959 ], [ 151.191593104712354, -33.897334609702646 ] ], [ [ 151.191546610608327, -33.879419095914599 ], [ 151.19180414314647, -33.879483354630082 ], [ 151.191940035963313, -33.879345469374933 ], [ 151.19189873931046, -33.879335165240491 ], [ 151.191699337643968, -33.879440272868401 ], [ 151.191546610608327, -33.879419095914599 ] ], [ [ 151.191024135605062, -33.893080294467715 ], [ 151.191307217593447, -33.893155598773369 ], [ 151.191323299801098, -33.8932013563387 ], [ 151.191516413525591, -33.893249535163186 ], [ 151.191561846408291, -33.893181453332382 ], [ 151.19105378470087, -33.893054699317872 ], [ 151.191024135605062, -33.893080294467715 ] ], [ [ 151.191724216055093, -33.881096342985828 ], [ 151.191406527212763, -33.881016188687411 ], [ 151.191321742057312, -33.881009081474708 ], [ 151.191299526317266, -33.881046227649968 ], [ 151.191814206536691, -33.881174647426974 ], [ 151.191724216055093, -33.881096342985828 ] ], [ [ 151.187846403200069, -33.881366758260491 ], [ 151.187802407893145, -33.881402180540789 ], [ 151.187530859651673, -33.881335542322887 ], [ 151.187633376471041, -33.881462378862665 ], [ 151.187622055840308, -33.881514022041301 ], [ 151.18915236861622, -33.88189589668648 ], [ 151.189215577880503, -33.881950507718173 ], [ 151.18920883242032, -33.882032581202012 ], [ 151.18958156310407, -33.882139280685792 ], [ 151.189617935190114, -33.88221633020791 ], [ 151.189593625317627, -33.882273881768782 ], [ 151.189855784951391, -33.882339297649239 ], [ 151.189897251424753, -33.882292201455066 ], [ 151.190104491770512, -33.882342787027412 ], [ 151.190165569388228, -33.882325292965128 ], [ 151.191092368121929, -33.88255654644837 ], [ 151.191141561903436, -33.882615678175547 ], [ 151.191131360534285, -33.882654836577302 ], [ 151.19101501469757, -33.882647644986875 ], [ 151.191584861712755, -33.882806155132215 ], [ 151.191465242786307, -33.882782249877209 ], [ 151.191462359685858, -33.882819775444055 ], [ 151.191498333465631, -33.882828751263759 ], [ 151.191522600000013, -33.882801 ], [ 151.191721236781405, -33.882850561624245 ], [ 151.191567600000013, -33.8827592 ], [ 151.191624850591126, -33.882695962556241 ], [ 151.191494103538673, -33.882661574530943 ], [ 151.191631750863451, -33.882688340695005 ], [ 151.191688257640635, -33.882625924710993 ], [ 151.191550742310881, -33.882577656684063 ], [ 151.191702058161184, -33.882610680980086 ], [ 151.191747630556222, -33.882560342731125 ], [ 151.191613366663603, -33.882526842682395 ], [ 151.191616069337186, -33.882501529692519 ], [ 151.191310941305773, -33.882425396856668 ], [ 151.19121317750438, -33.882443496021168 ], [ 151.190835784541946, -33.882349330751602 ], [ 151.191018160967985, -33.882401682178937 ], [ 151.191027770989393, -33.882446045031756 ], [ 151.190963759483679, -33.882467065759265 ], [ 151.189480886214341, -33.882097055427423 ], [ 151.189464132916413, -33.88203351251537 ], [ 151.189370617452369, -33.881999585323165 ], [ 151.189385534904403, -33.88196632011374 ], [ 151.189282658093703, -33.881931822260356 ], [ 151.189308280384893, -33.881901028446158 ], [ 151.189463918488912, -33.881939161234584 ], [ 151.189457030963183, -33.881896643917841 ], [ 151.189361009118073, -33.881844491625493 ], [ 151.189303670968542, -33.881856394376648 ], [ 151.189347644307077, -33.88187671070817 ], [ 151.1883724, -33.8816296 ], [ 151.1882033, -33.8815642 ], [ 151.1881883, -33.8815004 ], [ 151.1882374328396, -33.881451121982266 ], [ 151.188129, -33.8813873 ], [ 151.188189599999987, -33.8813266 ], [ 151.188553926186785, -33.881417514408007 ], [ 151.188640387954479, -33.881385214812376 ], [ 151.190051822102873, -33.881737412993559 ], [ 151.190064346379017, -33.881704858162415 ], [ 151.189953654223132, -33.88165732499936 ], [ 151.18991065610436, -33.88169218366447 ], [ 151.188451624086298, -33.881329301041426 ], [ 151.188690802987679, -33.881353823726769 ], [ 151.188304520348169, -33.881257430643565 ], [ 151.188294271708969, -33.881205289001592 ], [ 151.188219798440826, -33.881179643222708 ], [ 151.188248539578638, -33.881156502400508 ], [ 151.188897285289642, -33.88131839027578 ], [ 151.188908058895748, -33.881342631963633 ], [ 151.189261486743334, -33.881430824543834 ], [ 151.189276487749936, -33.881477878164795 ], [ 151.189926962920765, -33.881640191157722 ], [ 151.1899047, -33.8816259 ], [ 151.189972057701794, -33.881552281663161 ], [ 151.189697312758597, -33.881412192368572 ], [ 151.1894491, -33.8813416 ], [ 151.1893935, -33.881307699999979 ], [ 151.189425208784115, -33.881272039920432 ], [ 151.1892383, -33.8812254 ], [ 151.1891373, -33.8811632 ], [ 151.189174816788494, -33.881121081924462 ], [ 151.1890731, -33.8810957 ], [ 151.188930097710966, -33.881003161500367 ], [ 151.188408116587368, -33.880872906482949 ], [ 151.188545751152049, -33.881004489755014 ], [ 151.188472412278742, -33.881084742346609 ], [ 151.18891303278582, -33.881194694342099 ], [ 151.188929834042057, -33.881230286662763 ], [ 151.188899524841446, -33.881246540780658 ], [ 151.187779166247537, -33.881022337655786 ], [ 151.188018451163003, -33.881094395450077 ], [ 151.188001202334618, -33.881127465600088 ], [ 151.187537814664864, -33.881011828442404 ], [ 151.187528277727466, -33.880986100927906 ], [ 151.187366794648142, -33.880936442532246 ], [ 151.187283985059139, -33.880945010935285 ], [ 151.187028940017882, -33.880882348859849 ], [ 151.187063781769922, -33.880930005280447 ], [ 151.187703455328915, -33.88111239527413 ], [ 151.187694449560979, -33.881146959463067 ], [ 151.186843415042517, -33.880949760909104 ], [ 151.186774270329352, -33.880948549858502 ], [ 151.185384119788353, -33.880601619668468 ], [ 151.185338608446017, -33.880563738068815 ], [ 151.185293760124523, -33.880601895989244 ], [ 151.184969029321195, -33.880522291261151 ], [ 151.184965225711494, -33.880544276197533 ], [ 151.185141146422723, -33.880599020698227 ], [ 151.185163691404313, -33.880683988292915 ], [ 151.185527201046369, -33.880774709265019 ], [ 151.185632832994713, -33.880857965221352 ], [ 151.18561758628681, -33.880887195061071 ], [ 151.18555631894904, -33.88087917157673 ], [ 151.185659010194172, -33.880915008203964 ], [ 151.18547878841153, -33.88090167086407 ], [ 151.186426457120149, -33.881152732171159 ], [ 151.1865536, -33.8810418 ], [ 151.187820419398122, -33.881333052147674 ], [ 151.187846403200069, -33.881366758260491 ] ], [ [ 151.191303566191237, -33.899511329745685 ], [ 151.191375691221452, -33.899482541528407 ], [ 151.191296541985992, -33.899462796239945 ], [ 151.191303566191237, -33.899511329745685 ] ], [ [ 151.191325156509663, -33.896815087005621 ], [ 151.191228590400414, -33.896863949037112 ], [ 151.191412529889078, -33.896898516636725 ], [ 151.1913347, -33.8968791 ], [ 151.191325156509663, -33.896815087005621 ] ], [ [ 151.191460971711052, -33.883405483918217 ], [ 151.191377317402527, -33.883381758947266 ], [ 151.191377990128132, -33.88334988758001 ], [ 151.191687885043194, -33.883412147114299 ], [ 151.190652139892336, -33.883154617518045 ], [ 151.190631704157624, -33.883179178231593 ], [ 151.190935400851913, -33.883260188450961 ], [ 151.190609017262517, -33.883193301229838 ], [ 151.191460971711052, -33.883405483918217 ] ], [ [ 151.187845301977148, -33.896039545401592 ], [ 151.187793270106823, -33.896052368502573 ], [ 151.187051723273214, -33.895867343190496 ], [ 151.186976635197965, -33.895824041240594 ], [ 151.186955159218428, -33.895853615601439 ], [ 151.187579329827798, -33.896020430979192 ], [ 151.187585693167534, -33.896074656232898 ], [ 151.188014325225822, -33.896201022917438 ], [ 151.188013522380004, -33.89623896981881 ], [ 151.18795794521904, -33.896268768217197 ], [ 151.187187519453857, -33.8960780868873 ], [ 151.187734449704067, -33.896244394231815 ], [ 151.187720418059257, -33.896298236389285 ], [ 151.187656146736458, -33.896333935187705 ], [ 151.187065907113464, -33.896188948551774 ], [ 151.187596017708955, -33.896321700183556 ], [ 151.187628502689591, -33.896363832967928 ], [ 151.187573498445545, -33.896408110296825 ], [ 151.187315194348344, -33.896362686578854 ], [ 151.187261706431002, -33.896401144866005 ], [ 151.185943387318332, -33.896073606395916 ], [ 151.185848168996415, -33.895899527026387 ], [ 151.185882417034094, -33.895858376768146 ], [ 151.185976765738758, -33.895863755109424 ], [ 151.185843467608862, -33.895820285435335 ], [ 151.185987800642039, -33.895834512654815 ], [ 151.185811792762706, -33.895779363220811 ], [ 151.185808986185265, -33.895723231595007 ], [ 151.185767049322493, -33.895710079423452 ], [ 151.185117160654187, -33.895563964744802 ], [ 151.185585155144935, -33.89569218991803 ], [ 151.185583939796288, -33.895749558079899 ], [ 151.185517095898632, -33.895754165763549 ], [ 151.185527759696924, -33.895836823864755 ], [ 151.184931563375528, -33.895704610230972 ], [ 151.185145060830166, -33.895764675383823 ], [ 151.185176800930748, -33.895809661192722 ], [ 151.185778991199783, -33.895959925757545 ], [ 151.185808226739823, -33.895997845667054 ], [ 151.185758722329609, -33.896037694513787 ], [ 151.184620220826474, -33.895742518800688 ], [ 151.184630364830014, -33.895770051359158 ], [ 151.184902082124239, -33.895837854754809 ], [ 151.184926377831516, -33.895878049584439 ], [ 151.185709380565044, -33.896070070965358 ], [ 151.185688878142798, -33.896094705219205 ], [ 151.185523530223264, -33.89605400919698 ], [ 151.185539232211511, -33.896127424713583 ], [ 151.186017296498761, -33.896246714479325 ], [ 151.185978205161746, -33.896213563719577 ], [ 151.185967915933276, -33.89613745526313 ], [ 151.186013285722595, -33.896113130675261 ], [ 151.187032912896768, -33.896367547938937 ], [ 151.187048335229576, -33.896404799627781 ], [ 151.187179722485382, -33.896443287585427 ], [ 151.187179146999654, -33.896506100325176 ], [ 151.187414084447425, -33.896572136565844 ], [ 151.187412330653615, -33.8966550017605 ], [ 151.187274660633193, -33.896651399567794 ], [ 151.1872211088521, -33.896702383979424 ], [ 151.185251230304829, -33.896223824596845 ], [ 151.185210197319265, -33.896234067932632 ], [ 151.185303320748943, -33.896264283563873 ], [ 151.18517614295439, -33.89625313285061 ], [ 151.185699075342512, -33.896393317779832 ], [ 151.185696065047296, -33.896426978261069 ], [ 151.185918108246028, -33.896482383742594 ], [ 151.185937617097238, -33.896533318792848 ], [ 151.186043916194535, -33.896564406940385 ], [ 151.186068601640869, -33.896648263615681 ], [ 151.185840952209162, -33.896678027598952 ], [ 151.18612313310274, -33.896766867156884 ], [ 151.18614808810301, -33.896804535313798 ], [ 151.186184148897354, -33.896813533261238 ], [ 151.1865406, -33.8966845 ], [ 151.186818681819034, -33.896753886222818 ], [ 151.186837781960776, -33.896792586183885 ], [ 151.186475382014066, -33.896912687004303 ], [ 151.186266056176237, -33.89686045610442 ], [ 151.186217499282918, -33.89690468118711 ], [ 151.186001386217669, -33.89685202294978 ], [ 151.186027681547642, -33.896944845558906 ], [ 151.185936735251971, -33.896993605026836 ], [ 151.185401766776238, -33.896867010029347 ], [ 151.18595053034494, -33.897003940602083 ], [ 151.1860671, -33.896966 ], [ 151.186994042819521, -33.897197288634075 ], [ 151.187165447227585, -33.897560287474377 ], [ 151.186818816923335, -33.897670921697134 ], [ 151.1866826472193, -33.897643744562998 ], [ 151.186644601268284, -33.897672981283648 ], [ 151.186553737551122, -33.897660313381706 ], [ 151.187048911592996, -33.897783866075457 ], [ 151.187082518406413, -33.8978550512035 ], [ 151.187021887269111, -33.897887558030263 ], [ 151.186527727874932, -33.897778184154319 ], [ 151.187158457965069, -33.897935559486733 ], [ 151.187192941211663, -33.897965347999175 ], [ 151.187178065949126, -33.898023564865596 ], [ 151.187302571409077, -33.898054630096325 ], [ 151.187352746638226, -33.898113725871347 ], [ 151.187631687151367, -33.898182784544545 ], [ 151.187671987333431, -33.898227984458899 ], [ 151.187404687679418, -33.898412085073204 ], [ 151.187148448894845, -33.898348151498439 ], [ 151.187091224094161, -33.898384582258124 ], [ 151.187088583442971, -33.898459748482011 ], [ 151.187042383676015, -33.898474915112338 ], [ 151.186508400659875, -33.898343368804831 ], [ 151.18650630557525, -33.898368667938428 ], [ 151.187148304282914, -33.898553805235061 ], [ 151.187173765815231, -33.898625480454086 ], [ 151.18722921306491, -33.898639314976585 ], [ 151.1872093, -33.8986041 ], [ 151.1873958, -33.89853140000001 ], [ 151.187739306415949, -33.898617106475527 ], [ 151.1875085, -33.8985525 ], [ 151.187468700000011, -33.898479099999989 ], [ 151.1880179, -33.8982983 ], [ 151.188377632907759, -33.89838805326648 ], [ 151.188369752751527, -33.898342670357152 ], [ 151.188072299999988, -33.8982369 ], [ 151.1880172, -33.8981316 ], [ 151.1881683, -33.8980771 ], [ 151.188402944041826, -33.89813564358564 ], [ 151.1885465, -33.8980818 ], [ 151.188515200000012, -33.897974299999987 ], [ 151.1885895, -33.8979464 ], [ 151.188749401196816, -33.89798629479219 ], [ 151.188756151122845, -33.89796127995492 ], [ 151.188695870330065, -33.897919759480608 ], [ 151.188696964776682, -33.897868013700524 ], [ 151.1887416172423, -33.897832069236088 ], [ 151.188810105755579, -33.897834587303471 ], [ 151.188816649490093, -33.897787792496104 ], [ 151.189093497955554, -33.897841236535633 ], [ 151.188958141774435, -33.897806567412303 ], [ 151.188944138276241, -33.897776907135388 ], [ 151.189079549852693, -33.897790139976316 ], [ 151.189027915224443, -33.897761775881627 ], [ 151.189088427712704, -33.897772763054007 ], [ 151.189147778219734, -33.897745155057315 ], [ 151.189641371473556, -33.897866472208669 ], [ 151.189658342242268, -33.897847844113841 ], [ 151.189233793873285, -33.897736789059252 ], [ 151.189235006868728, -33.897679420799918 ], [ 151.189348244379602, -33.897618162389769 ], [ 151.189860302790947, -33.897743944890863 ], [ 151.189766383510715, -33.897696147796921 ], [ 151.189802316621524, -33.897667221600038 ], [ 151.190543885585924, -33.897852230996911 ], [ 151.190881375169511, -33.897944768293698 ], [ 151.191361792605221, -33.898063702891477 ], [ 151.190721852151114, -33.897888831458673 ], [ 151.190734707587211, -33.897854964543484 ], [ 151.190499985302353, -33.897796406112661 ], [ 151.190485487472046, -33.897820306586951 ], [ 151.190012260728196, -33.897692036354591 ], [ 151.190448814082089, -33.897783126571468 ], [ 151.19046762480346, -33.897750958518877 ], [ 151.19118408850747, -33.897929663207044 ], [ 151.19118810210216, -33.897909661339476 ], [ 151.190642773062962, -33.897759649380319 ], [ 151.190669087807606, -33.897733243576162 ], [ 151.190369499830439, -33.897658502117231 ], [ 151.189549769423792, -33.897654688117527 ], [ 151.18919688672807, -33.897566646992608 ], [ 151.189044953647169, -33.897623473509299 ], [ 151.188118, -33.8973922 ], [ 151.188031200000012, -33.8972216 ], [ 151.1880816, -33.897148 ], [ 151.18834429715281, -33.896958643612514 ], [ 151.1882896, -33.896914600000017 ], [ 151.1884379, -33.8968074 ], [ 151.188524234973301, -33.896828940670829 ], [ 151.188560193268472, -33.896803021099288 ], [ 151.1885178, -33.8967253 ], [ 151.189252009676181, -33.896438496645786 ], [ 151.1881969, -33.8961962 ], [ 151.188168499999989, -33.8961535 ], [ 151.188215457936366, -33.896131901884694 ], [ 151.187845301977148, -33.896039545401592 ] ], [ [ 151.19132613748576, -33.887860601533738 ], [ 151.191306989648353, -33.887890191587509 ], [ 151.191445469990725, -33.887924742167421 ], [ 151.191478010729128, -33.887898493592772 ], [ 151.19132613748576, -33.887860601533738 ] ], [ [ 151.191147132365529, -33.903234943508444 ], [ 151.191144304274019, -33.903213491828055 ], [ 151.19017830155039, -33.902973282093178 ], [ 151.190259778323309, -33.903010383988907 ], [ 151.189947368886607, -33.902953899493355 ], [ 151.189991054061295, -33.902985786340025 ], [ 151.190399, -33.9030493 ], [ 151.191147132365529, -33.903234943508444 ] ], [ [ 151.191044951668061, -33.880851656132357 ], [ 151.191483675986291, -33.880970033639223 ], [ 151.191602851818857, -33.880993776113058 ], [ 151.191566137184481, -33.880978421188345 ], [ 151.191044951668061, -33.880851656132357 ] ], [ [ 151.191191058445952, -33.884868623507451 ], [ 151.191313261005917, -33.884903107321776 ], [ 151.191303371337426, -33.884952525717289 ], [ 151.191486141044635, -33.884998127738001 ], [ 151.191516123364153, -33.884950396239994 ], [ 151.191513733385392, -33.884914356060314 ], [ 151.191196280246288, -33.884835149609508 ], [ 151.191191058445952, -33.884868623507451 ] ], [ [ 151.191014796443511, -33.897924277349908 ], [ 151.191220322327013, -33.897975813703255 ], [ 151.191236501667845, -33.89796565707929 ], [ 151.191035564947128, -33.897911297389044 ], [ 151.191014796443511, -33.897924277349908 ] ], [ [ 151.191117438849631, -33.884975679440743 ], [ 151.191332676256565, -33.885035225690359 ], [ 151.19114496984065, -33.884994332529715 ], [ 151.191164309714878, -33.885028026778052 ], [ 151.191463126328756, -33.885110994320904 ], [ 151.191489240012771, -33.885069170112835 ], [ 151.191487377234324, -33.885026466807219 ], [ 151.191243392119247, -33.884965591163827 ], [ 151.191210865705017, -33.884990352814874 ], [ 151.191117438849631, -33.884975679440743 ] ], [ [ 151.188958790470821, -33.892788239948011 ], [ 151.191185152995587, -33.893356894761588 ], [ 151.191264855509473, -33.89328955437675 ], [ 151.190497991121788, -33.893121944505999 ], [ 151.190787026957452, -33.893202854143418 ], [ 151.190774089131594, -33.893227656967113 ], [ 151.189847177235208, -33.892996397722357 ], [ 151.189853932019105, -33.892970474519359 ], [ 151.190093623320138, -33.893029854684229 ], [ 151.190162623320191, -33.893015390465727 ], [ 151.18995009929435, -33.892959513920147 ], [ 151.189962360439466, -33.892922476838521 ], [ 151.189862181865351, -33.892695692277428 ], [ 151.188728151019887, -33.892412746238321 ], [ 151.188679841808835, -33.892372491223448 ], [ 151.188473535980592, -33.892321015527024 ], [ 151.187977763583916, -33.892208730535351 ], [ 151.187932609032401, -33.892240694170461 ], [ 151.189583931966098, -33.892641402052654 ], [ 151.189609238665923, -33.89272543049389 ], [ 151.189740444776106, -33.89278198562635 ], [ 151.189701944216381, -33.892812980514648 ], [ 151.189186890674392, -33.892685458377194 ], [ 151.189179247530632, -33.892710243457337 ], [ 151.189673970176699, -33.892833678239832 ], [ 151.189699958003217, -33.892867384039626 ], [ 151.189655957299692, -33.892902806751117 ], [ 151.189080613895896, -33.892760382596059 ], [ 151.189045337633956, -33.892780071085859 ], [ 151.18960769907136, -33.892920382335909 ], [ 151.189600944218256, -33.892946305523289 ], [ 151.188760545972883, -33.892737044197645 ], [ 151.188738623293233, -33.892709108157689 ], [ 151.188720885064981, -33.892761124766118 ], [ 151.188918253299278, -33.892810369785252 ], [ 151.188958790470821, -33.892788239948011 ] ], [ [ 151.191196965918834, -33.884224767364863 ], [ 151.191197804598232, -33.88427540463266 ], [ 151.191390050228819, -33.884316883960366 ], [ 151.191423139542337, -33.884283882659091 ], [ 151.191196965918834, -33.884224767364863 ] ], [ [ 151.191083583054365, -33.899953353767927 ], [ 151.191034766822298, -33.899941175565644 ], [ 151.191086187803336, -33.899956731725105 ], [ 151.191083583054365, -33.899953353767927 ] ], [ [ 151.191309139660007, -33.879821074984648 ], [ 151.191424956213012, -33.87990373322463 ], [ 151.191480783543767, -33.879844131092177 ], [ 151.191247250128754, -33.879764955853744 ], [ 151.191204352744904, -33.879788477290809 ], [ 151.191309139660007, -33.879821074984648 ] ], [ [ 151.191240046512348, -33.891221844429921 ], [ 151.190971123772755, -33.891137337245446 ], [ 151.190936014029717, -33.891171021821968 ], [ 151.1909905, -33.8911678 ], [ 151.191240046512348, -33.891221844429921 ] ], [ [ 151.191192209542464, -33.88420489350225 ], [ 151.19132425340365, -33.884237839564676 ], [ 151.191188760727925, -33.884200420169549 ], [ 151.191192209542464, -33.88420489350225 ] ], [ [ 151.189657042725287, -33.876532684398846 ], [ 151.189644876788691, -33.876577348964595 ], [ 151.189883111434028, -33.876666014665098 ], [ 151.1898584, -33.8766339 ], [ 151.189916399999987, -33.8765424 ], [ 151.19006, -33.8764742 ], [ 151.190147998978915, -33.876464944666388 ], [ 151.190796713639969, -33.876626821607729 ], [ 151.190807899237456, -33.876678461190181 ], [ 151.190744943733449, -33.876679308302236 ], [ 151.190770719684622, -33.876710065721475 ], [ 151.191469559419062, -33.876884446167118 ], [ 151.1912640510009, -33.87681291704471 ], [ 151.191273592319362, -33.876776289047207 ], [ 151.19134306183949, -33.876788767077834 ], [ 151.191204985529026, -33.876742976649027 ], [ 151.191224692217389, -33.876704816718231 ], [ 151.190153233429328, -33.876437452489675 ], [ 151.190066797130186, -33.876326962279762 ], [ 151.190025841659121, -33.876316742283187 ], [ 151.189657042725287, -33.876532684398846 ] ], [ [ 151.190958034005547, -33.883110255596954 ], [ 151.190879133761655, -33.883062154705087 ], [ 151.190886859003882, -33.883112615303347 ], [ 151.191327313811883, -33.883233013908473 ], [ 151.191313207951907, -33.883198875852877 ], [ 151.190958034005547, -33.883110255596954 ] ], [ [ 151.191313397734405, -33.882807771505199 ], [ 151.191326468984187, -33.882805083622387 ], [ 151.191311377165704, -33.882801318039618 ], [ 151.191313397734405, -33.882807771505199 ] ], [ [ 151.19108520759201, -33.883034847284634 ], [ 151.191265374487585, -33.883095162477488 ], [ 151.191276401203766, -33.883082552405853 ], [ 151.19108520759201, -33.883034847284634 ] ], [ [ 151.190919278728131, -33.884073641116409 ], [ 151.190877990927561, -33.884032986586007 ], [ 151.190630092290661, -33.883979457744068 ], [ 151.190664027194458, -33.883999366466888 ], [ 151.190642672726938, -33.884019004565879 ], [ 151.191221458530578, -33.884161860809201 ], [ 151.190919278728131, -33.884073641116409 ] ], [ [ 151.19118144614518, -33.880567885062561 ], [ 151.191284029834037, -33.880606063688603 ], [ 151.191294509826605, -33.880596096473006 ], [ 151.19118144614518, -33.880567885062561 ] ], [ [ 151.189294569982366, -33.890548743180588 ], [ 151.189712608281326, -33.89064236270282 ], [ 151.1897812, -33.890606 ], [ 151.190046525574019, -33.890672199817054 ], [ 151.189397609003635, -33.890486265395339 ], [ 151.189443733909059, -33.890430836703764 ], [ 151.189934318833679, -33.890551974109158 ], [ 151.189813772732521, -33.890420375914843 ], [ 151.189554601059655, -33.890345244251584 ], [ 151.18979348063624, -33.890396625754626 ], [ 151.189722800000027, -33.8903139 ], [ 151.189763942919853, -33.890268788698819 ], [ 151.189649274636764, -33.890216359070962 ], [ 151.18968777400309, -33.890185364149154 ], [ 151.189812536501904, -33.890215508010648 ], [ 151.189936928672836, -33.890128459814875 ], [ 151.189790797997233, -33.89008629441846 ], [ 151.189780120167285, -33.890037002302748 ], [ 151.189809885365491, -33.890013038938619 ], [ 151.190078300130978, -33.890070296859292 ], [ 151.190116076691424, -33.890055759437494 ], [ 151.18959, -33.8899245 ], [ 151.1894955, -33.8898717 ], [ 151.189568400000013, -33.8897818 ], [ 151.190495276656208, -33.89001306029661 ], [ 151.190589777509615, -33.890065859610338 ], [ 151.190516878248616, -33.890155760181287 ], [ 151.19044990832532, -33.890139051165214 ], [ 151.190515284348606, -33.890179325300046 ], [ 151.190879473174732, -33.890270189761033 ], [ 151.1908405, -33.8902207 ], [ 151.191004975867145, -33.890131283535105 ], [ 151.18999786671651, -33.889880009296618 ], [ 151.189981063481724, -33.889844417099226 ], [ 151.190023741699719, -33.889830403766688 ], [ 151.191089685806446, -33.890085231247163 ], [ 151.1906118, -33.889966 ], [ 151.1905538, -33.8899293 ], [ 151.190480626803236, -33.889808005961534 ], [ 151.189467, -33.88955510000001 ], [ 151.18938907217526, -33.889087237530802 ], [ 151.1891721, -33.8890331 ], [ 151.189080048667051, -33.888557588950576 ], [ 151.188797562627656, -33.888488128420406 ], [ 151.188847278650513, -33.888793582894785 ], [ 151.188725095654718, -33.888807282277909 ], [ 151.188936259560222, -33.888859971527793 ], [ 151.188963062142818, -33.889093771402848 ], [ 151.18863586383452, -33.889345373917109 ], [ 151.188009143531445, -33.889438539196696 ], [ 151.18821935694217, -33.88957589099163 ], [ 151.188277758866576, -33.88984939077627 ], [ 151.188325661251298, -33.890195290623623 ], [ 151.188216513323596, -33.890565569971173 ], [ 151.188460664366744, -33.890626490086049 ], [ 151.188518365376666, -33.890762289846727 ], [ 151.188439239527696, -33.890806662463248 ], [ 151.188961283524776, -33.89093691987609 ], [ 151.188949899047572, -33.890887218502179 ], [ 151.189000420190638, -33.890860128506496 ], [ 151.189392500672199, -33.890956548965114 ], [ 151.189629116435498, -33.890724310430258 ], [ 151.189292633519528, -33.89064035525319 ], [ 151.189256901361944, -33.890594009680669 ], [ 151.189294569982366, -33.890548743180588 ] ], [ [ 151.190603938696995, -33.891668019674981 ], [ 151.191051710232216, -33.891522164441376 ], [ 151.190712676725298, -33.891437577821335 ], [ 151.190690432850658, -33.891458835119366 ], [ 151.190807958808421, -33.891502113897509 ], [ 151.190598208924968, -33.891454512786957 ], [ 151.190569561358927, -33.891477764685526 ], [ 151.190623348334213, -33.891505141010349 ], [ 151.19055195108217, -33.891492058119212 ], [ 151.190460039510839, -33.891566658298586 ], [ 151.190603938696995, -33.891668019674981 ] ], [ [ 151.191224988812763, -33.881036389045256 ], [ 151.190345810448918, -33.880801851950665 ], [ 151.19062621049477, -33.880844962512988 ], [ 151.190287760891692, -33.880760511135364 ], [ 151.190200318519686, -33.880708707976467 ], [ 151.189978107379005, -33.880653260120361 ], [ 151.189882935416023, -33.880669507851266 ], [ 151.189928275351491, -33.880702161551731 ], [ 151.189910501767059, -33.880721799346141 ], [ 151.190031776201067, -33.880752060797803 ], [ 151.190228810665872, -33.880900312493296 ], [ 151.190358479302802, -33.880948858430486 ], [ 151.190299015681461, -33.881014008548227 ], [ 151.190384160296674, -33.881035254232081 ], [ 151.190419889335004, -33.881081599435475 ], [ 151.190359397391319, -33.881130306387327 ], [ 151.189822863431573, -33.881007042065356 ], [ 151.190033851957224, -33.881134353192671 ], [ 151.190431696882939, -33.881241260164941 ], [ 151.190456831122702, -33.881278230743121 ], [ 151.190533726119838, -33.881263471801695 ], [ 151.190920558515444, -33.881346837888238 ], [ 151.190579959887458, -33.881255576178091 ], [ 151.19056821472023, -33.881201354875337 ], [ 151.190623781004263, -33.881171554880098 ], [ 151.191159111560324, -33.881301552906983 ], [ 151.190562087922444, -33.881118083337611 ], [ 151.190574039128762, -33.881095168440865 ], [ 151.190684861342675, -33.881122398780732 ], [ 151.190711391165394, -33.881094290412264 ], [ 151.190623905336196, -33.881063257981616 ], [ 151.190801066620253, -33.881096244951756 ], [ 151.190596346203847, -33.881039457900613 ], [ 151.190603290509301, -33.880972712762819 ], [ 151.190553699325221, -33.880956915680308 ], [ 151.190559775282935, -33.880915844614364 ], [ 151.1905066416995, -33.880885842007594 ], [ 151.191224988812763, -33.881036389045256 ] ], [ [ 151.19058567054222, -33.889183115832807 ], [ 151.190877427120654, -33.889222431780126 ], [ 151.1908551, -33.889190700000022 ], [ 151.191011099927294, -33.889100443663494 ], [ 151.190916557725416, -33.889076855503625 ], [ 151.190888280858616, -33.889035256848985 ], [ 151.190688784363516, -33.888985482376597 ], [ 151.190702387656387, -33.889169170171208 ], [ 151.19058567054222, -33.889183115832807 ] ], [ [ 151.190904201761782, -33.89127967500901 ], [ 151.190840002530763, -33.891258259357976 ], [ 151.190834915307477, -33.891262388451999 ], [ 151.190904201761782, -33.89127967500901 ] ], [ [ 151.19034652750625, -33.900518314675253 ], [ 151.190606918710415, -33.900572149862342 ], [ 151.190342826614057, -33.900506265746785 ], [ 151.19034652750625, -33.900518314675253 ] ], [ [ 151.190018080793919, -33.880029122094449 ], [ 151.189979703596862, -33.880083659063182 ], [ 151.189546008679258, -33.879976141881379 ], [ 151.189518599082476, -33.879997948889141 ], [ 151.189344916855021, -33.879955312749104 ], [ 151.189805509265, -33.880101446596626 ], [ 151.189778013109645, -33.880123585995463 ], [ 151.189429272195156, -33.880037267138022 ], [ 151.189444832178253, -33.880070756275543 ], [ 151.189898608374449, -33.880195312877795 ], [ 151.189443501686952, -33.880105374160827 ], [ 151.190697437703278, -33.880418267591409 ], [ 151.190738504182349, -33.880456908604756 ], [ 151.191021460295588, -33.880527512175739 ], [ 151.1909545, -33.8804785 ], [ 151.190970028019507, -33.880463891204947 ], [ 151.1908326, -33.8804296 ], [ 151.190692399999989, -33.880345 ], [ 151.190717504695016, -33.880318640114609 ], [ 151.19022, -33.8801945 ], [ 151.190150499999987, -33.8801254 ], [ 151.190209549795782, -33.880076899195601 ], [ 151.190018080793919, -33.880029122094449 ] ], [ [ 151.190960166387924, -33.882230869135313 ], [ 151.190956960326673, -33.882223608860727 ], [ 151.19095194079631, -33.88222881671696 ], [ 151.190960166387924, -33.882230869135313 ] ], [ [ 151.19085840634051, -33.882160871076216 ], [ 151.190556984875457, -33.882092935915367 ], [ 151.19088904241417, -33.882187127829773 ], [ 151.19085840634051, -33.882160871076216 ] ], [ [ 151.190865218459663, -33.883048365625179 ], [ 151.190865515836947, -33.883025033059326 ], [ 151.190149442932011, -33.882846359709603 ], [ 151.190153095900371, -33.88286598055786 ], [ 151.190865218459663, -33.883048365625179 ] ], [ [ 151.190904339166366, -33.88089567442514 ], [ 151.190881522688642, -33.880885190724428 ], [ 151.190872539723841, -33.880887739822178 ], [ 151.190904339166366, -33.88089567442514 ] ], [ [ 151.190242008333485, -33.877258242395449 ], [ 151.190642752859702, -33.87739437852052 ], [ 151.190627508503979, -33.877423609072252 ], [ 151.190528936031598, -33.877403868602329 ], [ 151.190542679340382, -33.877422122151323 ], [ 151.190881824817211, -33.877506749270886 ], [ 151.190937083004627, -33.877551786381439 ], [ 151.190961917830577, -33.877522027935136 ], [ 151.190756714052611, -33.877419935645641 ], [ 151.190730951047328, -33.877365359123054 ], [ 151.190758974573924, -33.877311605395775 ], [ 151.190348171716721, -33.877209096789414 ], [ 151.190191593149535, -33.877196166748924 ], [ 151.190242008333485, -33.877258242395449 ] ], [ [ 151.190615690327718, -33.893267404274987 ], [ 151.189337123682151, -33.892956258886528 ], [ 151.190575920988437, -33.893279798215445 ], [ 151.190615690327718, -33.893267404274987 ] ], [ [ 151.18476097629906, -33.885638050196995 ], [ 151.18481025909054, -33.885726523592659 ], [ 151.184781569823514, -33.885762416315494 ], [ 151.18480722744394, -33.886102106042088 ], [ 151.184793828282466, -33.886232406129658 ], [ 151.184733092774707, -33.886267474226401 ], [ 151.185335922610392, -33.886433597536822 ], [ 151.185373437653965, -33.886779948610126 ], [ 151.185315059353599, -33.88678727858133 ], [ 151.185308327528929, -33.886901397891407 ], [ 151.185184927583947, -33.886941798822221 ], [ 151.185055027129295, -33.886936399786769 ], [ 151.184124271644549, -33.886712748211288 ], [ 151.183962382408453, -33.886740630478251 ], [ 151.1834984, -33.8866624 ], [ 151.1832937, -33.8865607 ], [ 151.18343817594635, -33.886541520313735 ], [ 151.183265799999987, -33.8864985 ], [ 151.183125, -33.8864061 ], [ 151.183182263662331, -33.886400420624653 ], [ 151.1829578, -33.8863444 ], [ 151.182940009963062, -33.886236003262454 ], [ 151.182533966883341, -33.886038248349436 ], [ 151.182311266227231, -33.885982666247749 ], [ 151.182331809634888, -33.886060260283337 ], [ 151.181872908692498, -33.886169574180052 ], [ 151.181171282596779, -33.886005601503115 ], [ 151.181220984618278, -33.886124588903719 ], [ 151.181480044068508, -33.886189247871741 ], [ 151.181502778865905, -33.886218741839926 ], [ 151.181464278508798, -33.886249734182798 ], [ 151.181242936540968, -33.886195474443994 ], [ 151.181264950731588, -33.886266560942396 ], [ 151.181223970058085, -33.886275330317112 ], [ 151.181571244126474, -33.886369144658815 ], [ 151.18177534779349, -33.886587342862796 ], [ 151.181917352588329, -33.886908341680353 ], [ 151.18177675238698, -33.886933342987106 ], [ 151.180627500000014, -33.8866465 ], [ 151.180586464052709, -33.88660330914044 ], [ 151.180406497229711, -33.886558389832253 ], [ 151.180422161317324, -33.886606486959323 ], [ 151.180390056895504, -33.88661392006982 ], [ 151.180478222780579, -33.886635926112248 ], [ 151.18055090451324, -33.886708829632539 ], [ 151.180679387636189, -33.8867408985449 ], [ 151.180803153388638, -33.886859243846686 ], [ 151.181493440226404, -33.887031533246287 ], [ 151.181918346069949, -33.887497630445523 ], [ 151.181964322548112, -33.88758250697537 ], [ 151.182992485963467, -33.887839113239949 ], [ 151.1828337, -33.8876899 ], [ 151.183941800000014, -33.8868821 ], [ 151.185665705165434, -33.887312314832343 ], [ 151.185788908105479, -33.887424913194586 ], [ 151.185911212669623, -33.887619411617813 ], [ 151.185108894327982, -33.888203113733233 ], [ 151.185850227614736, -33.888388112917895 ], [ 151.185890931269711, -33.888560212456859 ], [ 151.185415766213737, -33.88863756084362 ], [ 151.185682363990026, -33.888765865826613 ], [ 151.185609964808407, -33.88887156634167 ], [ 151.185049904025789, -33.888737188530044 ], [ 151.185097300367545, -33.888811866302575 ], [ 151.185867417764541, -33.889000613615792 ], [ 151.1858823, -33.8889044 ], [ 151.1863294, -33.8884527 ], [ 151.186577699999987, -33.8884334 ], [ 151.186908220340143, -33.888515365771966 ], [ 151.186900382140777, -33.888467179770338 ], [ 151.1862693, -33.8883097 ], [ 151.1862473, -33.8881736 ], [ 151.186729601108027, -33.888079864269763 ], [ 151.1862152, -33.887951499999986 ], [ 151.1861274, -33.8873355 ], [ 151.1863214, -33.8873138 ], [ 151.187183361343585, -33.887528894031576 ], [ 151.187259056142352, -33.888015072540867 ], [ 151.18798670000001, -33.8879792 ], [ 151.188143915156076, -33.888018429449467 ], [ 151.1881345, -33.8879588 ], [ 151.1886563, -33.8878907 ], [ 151.189173738562516, -33.888019811135273 ], [ 151.189193679811524, -33.887953816913587 ], [ 151.188457, -33.88777 ], [ 151.18838597564158, -33.887290947483478 ], [ 151.18823538527829, -33.887263964736704 ], [ 151.187867756005033, -33.887312050778142 ], [ 151.187786842928716, -33.887291860455605 ], [ 151.187793761110328, -33.887331089750099 ], [ 151.187453160441123, -33.88736109211532 ], [ 151.187111477512929, -33.887303693927116 ], [ 151.1859622, -33.887016899999978 ], [ 151.185903854187075, -33.886973478127771 ], [ 151.186026618559168, -33.887135899983683 ], [ 151.185894218660593, -33.887204300295743 ], [ 151.18560690000001, -33.8871326 ], [ 151.1854975, -33.8869865 ], [ 151.185599572390771, -33.886933844854319 ], [ 151.185501499999987, -33.8869 ], [ 151.185484300000013, -33.8868376 ], [ 151.185561799999988, -33.8867901 ], [ 151.185838595286242, -33.886856710795307 ], [ 151.1857463, -33.886650599999989 ], [ 151.1857449, -33.886576 ], [ 151.1858254, -33.8865159 ], [ 151.186707899999988, -33.8865326 ], [ 151.186983785038507, -33.88660144478532 ], [ 151.187000899999987, -33.88651 ], [ 151.1871708, -33.8865142 ], [ 151.188134251359003, -33.886753248833735 ], [ 151.188173724583521, -33.886861199384484 ], [ 151.188327558185733, -33.886899585228484 ], [ 151.1884059, -33.8868896 ], [ 151.188816859480426, -33.886992144663765 ], [ 151.1888073, -33.8869326 ], [ 151.1888482, -33.8869168 ], [ 151.189536800000013, -33.8868471 ], [ 151.190111443380658, -33.886990481754509 ], [ 151.190172665744285, -33.887419569795988 ], [ 151.19072786104374, -33.887558095097091 ], [ 151.190630119602872, -33.887096637862143 ], [ 151.190392300000013, -33.8870373 ], [ 151.190366018870094, -33.886980879183625 ], [ 151.190007, -33.8868913 ], [ 151.1899912, -33.8867849 ], [ 151.190094359776708, -33.886777882746742 ], [ 151.19008519367469, -33.886685658983261 ], [ 151.18955021656538, -33.88677576076784 ], [ 151.189129113729422, -33.886753466581084 ], [ 151.188555038980951, -33.886610221375072 ], [ 151.188500874552318, -33.886683580866126 ], [ 151.188119972991529, -33.886674684376068 ], [ 151.187207889008505, -33.886447088096261 ], [ 151.186736433865207, -33.886519397227275 ], [ 151.185894499999989, -33.8863173 ], [ 151.185883025563697, -33.886132142062891 ], [ 151.1856276, -33.8860684 ], [ 151.185448400000013, -33.8858996 ], [ 151.185482633414779, -33.885861452284495 ], [ 151.184846099999987, -33.8857026 ], [ 151.184829033448608, -33.88565503467872 ], [ 151.18476097629906, -33.885638050196995 ] ], [ [ 151.190838784844317, -33.877274675607644 ], [ 151.190884604165774, -33.877286108883823 ], [ 151.190833510298177, -33.877268491326568 ], [ 151.190838784844317, -33.877274675607644 ] ], [ [ 151.190394974058819, -33.883642421161781 ], [ 151.190404562044392, -33.883660186014254 ], [ 151.190554631622859, -33.883682258410154 ], [ 151.190394974058819, -33.883642421161781 ] ], [ [ 151.189533166126722, -33.900749834096501 ], [ 151.1901656094891, -33.900907615317635 ], [ 151.189533561226341, -33.900748317988956 ], [ 151.189533166126722, -33.900749834096501 ] ], [ [ 151.19030622798698, -33.891821862986667 ], [ 151.190153049933514, -33.891874737687942 ], [ 151.190250752566527, -33.891899114336631 ], [ 151.190343729032321, -33.891879157926169 ], [ 151.19030622798698, -33.891821862986667 ] ], [ [ 151.190568662898301, -33.877136404884411 ], [ 151.190651107210812, -33.877155726321803 ], [ 151.190456200588557, -33.877108341818605 ], [ 151.190568662898301, -33.877136404884411 ] ], [ [ 151.190600094621146, -33.879369759060566 ], [ 151.188569400087573, -33.878877859829579 ], [ 151.188572529709433, -33.878910210471027 ], [ 151.189142809510088, -33.879074639294458 ], [ 151.189131553334818, -33.879117844708126 ], [ 151.188953569984704, -33.879074134276202 ], [ 151.188937636482279, -33.879104151930115 ], [ 151.189203230535611, -33.879170428462224 ], [ 151.18918603188979, -33.879141807648004 ], [ 151.189213423410848, -33.879108886396978 ], [ 151.189345279313898, -33.87912199376958 ], [ 151.18916211840326, -33.879059543344951 ], [ 151.189357007943045, -33.879085908371671 ], [ 151.190457341051967, -33.879365129310237 ], [ 151.190600094621146, -33.879369759060566 ] ], [ [ 151.19033109474509, -33.880034911386723 ], [ 151.190273454653351, -33.880067050889473 ], [ 151.190513085028499, -33.880126845038966 ], [ 151.1904729, -33.8800959 ], [ 151.190490715203254, -33.880079958474589 ], [ 151.19033109474509, -33.880034911386723 ] ], [ [ 151.18965751132572, -33.896043242579253 ], [ 151.189545872412879, -33.896057523325936 ], [ 151.188164801975887, -33.895718824768124 ], [ 151.188327394705851, -33.89575939261627 ], [ 151.188361684379174, -33.895827958462135 ], [ 151.188850604035366, -33.895949945065489 ], [ 151.188959902449255, -33.896023326067819 ], [ 151.188915282117904, -33.896139300438726 ], [ 151.18886765387191, -33.896177641310707 ], [ 151.188526857823916, -33.896109180087379 ], [ 151.189482391549234, -33.89634870100673 ], [ 151.190107505451692, -33.89611188796129 ], [ 151.189945896449473, -33.896071568250157 ], [ 151.189915382582996, -33.89610757924855 ], [ 151.18965751132572, -33.896043242579253 ] ], [ [ 151.190052322146499, -33.88263341615977 ], [ 151.190365962043785, -33.882711676115356 ], [ 151.190055637346859, -33.882620691263121 ], [ 151.190052322146499, -33.88263341615977 ] ], [ [ 151.190443073607639, -33.876200224955433 ], [ 151.190465672807818, -33.876165828032676 ], [ 151.19025778077048, -33.876113951298649 ], [ 151.19034266498727, -33.876220563774453 ], [ 151.190443073607639, -33.876200224955433 ] ], [ [ 151.189654193127865, -33.893480640301533 ], [ 151.189714551611786, -33.893560001043134 ], [ 151.189825899999988, -33.8935105 ], [ 151.189930140937406, -33.893536507811099 ], [ 151.1899577, -33.8934747 ], [ 151.190093181981155, -33.893430240383978 ], [ 151.189991595508928, -33.893404894974687 ], [ 151.189953926152413, -33.893425797738253 ], [ 151.189397778609219, -33.893287039311012 ], [ 151.189386624865733, -33.893253955247324 ], [ 151.189186978953643, -33.893204142978533 ], [ 151.189107689354017, -33.89322540894365 ], [ 151.189418302331006, -33.893302907873981 ], [ 151.18951423381975, -33.893363117932466 ], [ 151.1893980374808, -33.893380677389963 ], [ 151.188994463708099, -33.89328125097726 ], [ 151.188947627233489, -33.893304350320058 ], [ 151.189654193127865, -33.893480640301533 ] ], [ [ 151.190200535454409, -33.883689492034122 ], [ 151.190141616896881, -33.883667142420961 ], [ 151.190264353514749, -33.883662775776799 ], [ 151.189988917905055, -33.883594049085929 ], [ 151.189982860686854, -33.883547893183874 ], [ 151.189865683536283, -33.883494835814915 ], [ 151.189904179691695, -33.883463840691924 ], [ 151.190209074015513, -33.883538932996281 ], [ 151.190210869565476, -33.883532041085978 ], [ 151.189580564853344, -33.883353745801649 ], [ 151.189588837718304, -33.883445884546155 ], [ 151.18964510833132, -33.883473046822083 ], [ 151.189678381922334, -33.883539575374044 ], [ 151.190200535454409, -33.883689492034122 ] ], [ [ 151.19003333338901, -33.891966334995111 ], [ 151.189948795462385, -33.891945242776359 ], [ 151.189901715628821, -33.891961493849948 ], [ 151.189984287677106, -33.891982095613663 ], [ 151.19003333338901, -33.891966334995111 ] ], [ [ 151.190115942062562, -33.887634467031958 ], [ 151.190102073636666, -33.887548588625165 ], [ 151.189874094303633, -33.887574123338077 ], [ 151.190115942062562, -33.887634467031958 ] ], [ [ 151.189742883460269, -33.902895533528458 ], [ 151.18921334732039, -33.902761722143687 ], [ 151.189208207987207, -33.902771435329797 ], [ 151.189306924089038, -33.902786771874858 ], [ 151.189742883460269, -33.902895533528458 ] ], [ [ 151.187866633135428, -33.879008395201545 ], [ 151.187875277665484, -33.879047429803556 ], [ 151.188115021536305, -33.879107257979662 ], [ 151.18816078268685, -33.879143090530007 ], [ 151.188355630130445, -33.879180021477154 ], [ 151.188415922497882, -33.879129143312142 ], [ 151.18849864266943, -33.879130359742632 ], [ 151.189978907950973, -33.87949974333948 ], [ 151.19023190196171, -33.87953862205098 ], [ 151.189524319134222, -33.879362056938447 ], [ 151.189327124419577, -33.879301863318858 ], [ 151.189312944910142, -33.87927288865361 ], [ 151.188962125958938, -33.879229712720225 ], [ 151.188128044727392, -33.879021571585234 ], [ 151.188092317766944, -33.878975225770816 ], [ 151.188138463290898, -33.878928681450532 ], [ 151.188044246486925, -33.878905169652356 ], [ 151.188011767514098, -33.87886303707414 ], [ 151.188066759846578, -33.878818759053296 ], [ 151.188406171485099, -33.878901629548452 ], [ 151.187882529433296, -33.878764079040245 ], [ 151.187822694780635, -33.878815818219209 ], [ 151.187419225668009, -33.878716678890861 ], [ 151.187486465315914, -33.878801751662635 ], [ 151.188080156119355, -33.878962266511408 ], [ 151.188071229157259, -33.878996529882826 ], [ 151.18798635487596, -33.879016125700574 ], [ 151.187575385806298, -33.878914271040337 ], [ 151.187866633135428, -33.879008395201545 ] ], [ [ 151.189788954690471, -33.892045482845639 ], [ 151.18967827435759, -33.89203862124198 ], [ 151.189631306797821, -33.892053874683384 ], [ 151.189726021306512, -33.89207750619552 ], [ 151.189788954690471, -33.892045482845639 ] ], [ [ 151.189376971867176, -33.893074099674394 ], [ 151.189411250237015, -33.893091914661049 ], [ 151.18968402643813, -33.893159972603456 ], [ 151.189376971867176, -33.893074099674394 ] ], [ [ 151.189820653625929, -33.879708012030399 ], [ 151.18976414163609, -33.879739902196633 ], [ 151.189879702018914, -33.879768738269014 ], [ 151.18982963432245, -33.879731561056296 ], [ 151.189929002744236, -33.879728279673998 ], [ 151.189820653625929, -33.879708012030399 ] ], [ [ 151.189823088596313, -33.879673819935967 ], [ 151.18991653890663, -33.879684257875823 ], [ 151.189815738166118, -33.879659104832356 ], [ 151.189823088596313, -33.879673819935967 ] ], [ [ 151.189390771186822, -33.894451337940737 ], [ 151.189497938970362, -33.894478614995791 ], [ 151.189507976634559, -33.894513040401755 ], [ 151.189589886313769, -33.89453347665961 ], [ 151.189573011074543, -33.894496806462811 ], [ 151.189390771186822, -33.894451337940737 ] ], [ [ 151.189599009703016, -33.894026460653201 ], [ 151.189598990552014, -33.89398197696039 ], [ 151.189555449395812, -33.894015592422107 ], [ 151.189599009703016, -33.894026460653201 ] ], [ [ 151.18984486214066, -33.875860120602262 ], [ 151.189844095053871, -33.875875405864605 ], [ 151.189893750956372, -33.875872320412562 ], [ 151.18984486214066, -33.875860120602262 ] ], [ [ 151.189453184930926, -33.896359910703268 ], [ 151.189299649385276, -33.896321604446335 ], [ 151.189440357801374, -33.89636492143363 ], [ 151.189453184930926, -33.896359910703268 ] ], [ [ 151.189307899999989, -33.9000142 ], [ 151.189268304668531, -33.900051385546831 ], [ 151.189334658673118, -33.900067939916568 ], [ 151.1893181, -33.9000446 ], [ 151.189307899999989, -33.9000142 ] ], [ [ 151.189093, -33.8912266 ], [ 151.189458346085672, -33.89131775682079 ], [ 151.1893011, -33.8912435 ], [ 151.189208179529373, -33.891154434456368 ], [ 151.189115689603597, -33.891131357343994 ], [ 151.188928169780667, -33.891309288064448 ], [ 151.188850854617272, -33.891319609174893 ], [ 151.189030980853545, -33.891349063649741 ], [ 151.1889922, -33.891321 ], [ 151.189093, -33.8912266 ] ], [ [ 151.1890985, -33.9024611 ], [ 151.189108264262245, -33.902406816182925 ], [ 151.188759242791605, -33.902362791025453 ], [ 151.188396831901827, -33.902272374477086 ], [ 151.188363742618236, -33.902449592867427 ], [ 151.188052055082437, -33.902402137496026 ], [ 151.188279542520405, -33.902458893257744 ], [ 151.18826484302673, -33.902539393341463 ], [ 151.187787491679074, -33.902484066919101 ], [ 151.186552646411059, -33.902175974605811 ], [ 151.186552731480532, -33.902203839007612 ], [ 151.187098999973557, -33.902315774662505 ], [ 151.188007265887705, -33.902553541799115 ], [ 151.18809702243442, -33.902619880410086 ], [ 151.188251670805101, -33.902605041656827 ], [ 151.188447842011072, -33.902652576473812 ], [ 151.188501636753159, -33.902628286525434 ], [ 151.189076703546988, -33.902770067235878 ], [ 151.189095500839898, -33.902754249130275 ], [ 151.189052834578462, -33.902763850451905 ], [ 151.18838768414102, -33.902580892294068 ], [ 151.188415188126442, -33.902558753530151 ], [ 151.188543649352141, -33.902579759978529 ], [ 151.188975041156283, -33.902685467262906 ], [ 151.188914017187813, -33.902647156541988 ], [ 151.188934566865612, -33.902622465926392 ], [ 151.188997472262315, -33.902629842439936 ], [ 151.188948, -33.9026175 ], [ 151.1889721, -33.9024925 ], [ 151.1890985, -33.9024611 ] ], [ [ 151.189266538141027, -33.894564924887057 ], [ 151.188480904279828, -33.894383783758116 ], [ 151.188416236338838, -33.894419045597729 ], [ 151.188873298544195, -33.894533085174068 ], [ 151.188909032032541, -33.894579430876711 ], [ 151.188890876959277, -33.894614233199661 ], [ 151.188825857009988, -33.894624028006021 ], [ 151.188207569370149, -33.894469761192546 ], [ 151.188150867185669, -33.894490826969673 ], [ 151.188041169906057, -33.894465426785523 ], [ 151.187976069544106, -33.894499945803496 ], [ 151.187249389458316, -33.894320457989807 ], [ 151.187194652209314, -33.894405973416696 ], [ 151.187853730662113, -33.894574419776816 ], [ 151.187871407262065, -33.894528069047475 ], [ 151.187715199797907, -33.894470405982524 ], [ 151.18880201346127, -33.894739678411327 ], [ 151.188867, -33.8946921 ], [ 151.189266538141027, -33.894564924887057 ] ], [ [ 151.189260783648677, -33.891019269800999 ], [ 151.189236332365908, -33.89107531974966 ], [ 151.189264364460513, -33.891082314005338 ], [ 151.189316598440257, -33.891031046682585 ], [ 151.189218875905652, -33.891006664045484 ], [ 151.189260783648677, -33.891019269800999 ] ], [ [ 151.189256774220809, -33.891089763770651 ], [ 151.189111875168379, -33.891054301862191 ], [ 151.18911538854195, -33.891121938626235 ], [ 151.189211119974175, -33.891145824526234 ], [ 151.189256774220809, -33.891089763770651 ] ], [ [ 151.189332210226809, -33.883229153853989 ], [ 151.189326407721211, -33.88320236535084 ], [ 151.189230473652458, -33.883178427056365 ], [ 151.189227159622874, -33.883202940731181 ], [ 151.189332210226809, -33.883229153853989 ] ], [ [ 151.186390407619001, -33.876944399950595 ], [ 151.185840008879154, -33.876825164378033 ], [ 151.185771897747202, -33.876864246891259 ], [ 151.186330095501233, -33.877003557991856 ], [ 151.186356077469156, -33.877037264379375 ], [ 151.186329754932871, -33.877069611523083 ], [ 151.187476479743538, -33.877351479285132 ], [ 151.187558258127382, -33.877323603764765 ], [ 151.1873635, -33.877275 ], [ 151.1873626, -33.8772495 ], [ 151.187645623676616, -33.877293823684987 ], [ 151.18776983004031, -33.877281783067659 ], [ 151.1873175, -33.8771689 ], [ 151.1873187, -33.8771439 ], [ 151.188328834928171, -33.877377872388777 ], [ 151.188327814948423, -33.877399126650687 ], [ 151.188591418264593, -33.877470205111109 ], [ 151.188527954264089, -33.87754515065717 ], [ 151.188347419194542, -33.87750490939284 ], [ 151.188389085830437, -33.877556869055248 ], [ 151.188709458187304, -33.877662259463598 ], [ 151.188858593941859, -33.877774963586212 ], [ 151.188814600950849, -33.877810386321869 ], [ 151.188533864843066, -33.877767938263112 ], [ 151.188547103620692, -33.877784557870143 ], [ 151.189020928504362, -33.877902799228799 ], [ 151.189028866916573, -33.877947945886355 ], [ 151.189077572230104, -33.877960099999022 ], [ 151.188942700000013, -33.8777908 ], [ 151.189093, -33.8777071 ], [ 151.189414385493194, -33.877787299379847 ], [ 151.189122641754977, -33.877706911937153 ], [ 151.189142560194597, -33.877668720649524 ], [ 151.189318111178039, -33.877687190963414 ], [ 151.189047971632135, -33.87760806588058 ], [ 151.18905751399447, -33.877571438093184 ], [ 151.189145530385787, -33.877588545580359 ], [ 151.189118916587603, -33.877544197927243 ], [ 151.188171243261962, -33.877329877377022 ], [ 151.188554676602507, -33.877408231326349 ], [ 151.188523736136631, -33.877369072320526 ], [ 151.188231741569354, -33.877292673900392 ], [ 151.188505344553192, -33.877345795465409 ], [ 151.188517021354841, -33.877314553424355 ], [ 151.188462403817994, -33.8772957891319 ], [ 151.188452795586784, -33.877251426105978 ], [ 151.188545690328084, -33.877231647246781 ], [ 151.188414956626161, -33.877183630130034 ], [ 151.188334211704728, -33.877163660433915 ], [ 151.188205087643126, -33.877186393977667 ], [ 151.1879178, -33.8771147 ], [ 151.187924495640942, -33.877072091387639 ], [ 151.187621243617798, -33.87699641256048 ], [ 151.187467723107233, -33.876979783496232 ], [ 151.187415434337765, -33.877013688102814 ], [ 151.186605058045473, -33.876820720274559 ], [ 151.18657186200133, -33.876840067869914 ], [ 151.187022837739676, -33.876952616313027 ], [ 151.187022133050107, -33.87698592982585 ], [ 151.186934191058498, -33.876977360511425 ], [ 151.187344206615222, -33.87707968528737 ], [ 151.187355406525626, -33.877103413627289 ], [ 151.186540856644768, -33.876920761695025 ], [ 151.186497379943461, -33.876882979149173 ], [ 151.186390407619001, -33.876944399950595 ] ], [ [ 151.189242956216987, -33.879649574759171 ], [ 151.18932019976404, -33.879669520623565 ], [ 151.189353627333702, -33.879650854344249 ], [ 151.189236925786474, -33.879621732935547 ], [ 151.189242956216987, -33.879649574759171 ] ], [ [ 151.18886494844557, -33.90143290329771 ], [ 151.188881240051245, -33.901450729003287 ], [ 151.188883505145839, -33.90143753293291 ], [ 151.18886494844557, -33.90143290329771 ] ], [ [ 151.188878164129562, -33.901468648812056 ], [ 151.188857395672045, -33.901473661044555 ], [ 151.188876486247011, -33.901478423873222 ], [ 151.188878164129562, -33.901468648812056 ] ], [ [ 151.189324358653494, -33.879203547430635 ], [ 151.189321034161395, -33.87920552999185 ], [ 151.189323997434713, -33.87920937390799 ], [ 151.189324358653494, -33.879203547430635 ] ], [ [ 151.188025678064861, -33.90147662287157 ], [ 151.18832069813422, -33.901557706859123 ], [ 151.188275738588857, -33.901564036115467 ], [ 151.188287730583454, -33.90159148163999 ], [ 151.188833699004988, -33.901727694271152 ], [ 151.188841843266033, -33.901680247472449 ], [ 151.188025678064861, -33.90147662287157 ] ], [ [ 151.188315984921303, -33.900930009983831 ], [ 151.188261506256254, -33.900986508954006 ], [ 151.188523831517955, -33.901041866523229 ], [ 151.1885274, -33.90102310000001 ], [ 151.188739485130981, -33.901064960485257 ], [ 151.18877116635187, -33.901034763897421 ], [ 151.188315984921303, -33.900930009983831 ] ], [ [ 151.18822253538832, -33.901400393311789 ], [ 151.1880248738494, -33.901373642361044 ], [ 151.188694604293886, -33.901534912475945 ], [ 151.188700804314323, -33.901496537586958 ], [ 151.1882269773416, -33.901377286447847 ], [ 151.18822253538832, -33.901400393311789 ] ], [ [ 151.189173663807253, -33.878979390049317 ], [ 151.189173023955249, -33.878964474929894 ], [ 151.189150557279305, -33.878973624038956 ], [ 151.189173663807253, -33.878979390049317 ] ], [ [ 151.188810014817193, -33.876278237325899 ], [ 151.188979910120253, -33.876331673224136 ], [ 151.189220860139471, -33.876386858665185 ], [ 151.189214893248788, -33.876379274072825 ], [ 151.188810014817193, -33.876278237325899 ] ], [ [ 151.188649094560702, -33.882864071754469 ], [ 151.188718695286497, -33.882912071252065 ], [ 151.188686080889653, -33.882944620163798 ], [ 151.188994183861155, -33.883007342373133 ], [ 151.188798207000985, -33.882930401352382 ], [ 151.188955258549441, -33.882957259938159 ], [ 151.188972458571385, -33.882922810355502 ], [ 151.188855757533474, -33.882890266679567 ], [ 151.188856565914193, -33.882852021089121 ], [ 151.18902733874512, -33.882880443080474 ], [ 151.189075633454479, -33.882849567640804 ], [ 151.188651697426394, -33.882743781495492 ], [ 151.188674327118946, -33.882800516881893 ], [ 151.188649094560702, -33.882864071754469 ] ], [ [ 151.188546220927407, -33.877951298809045 ], [ 151.188669451107387, -33.877982050627324 ], [ 151.1887189, -33.8779554 ], [ 151.189161895292216, -33.878065947140435 ], [ 151.189141896983358, -33.878040844144756 ], [ 151.188624309342003, -33.877912395447879 ], [ 151.188546220927407, -33.877951298809045 ] ], [ [ 151.188013294049256, -33.894636323436686 ], [ 151.18833844666284, -33.894721200464012 ], [ 151.188348151621113, -33.894756025196621 ], [ 151.188800794604873, -33.894868962047767 ], [ 151.188781935600446, -33.894828104984022 ], [ 151.188013294049256, -33.894636323436686 ] ], [ [ 151.188448705932018, -33.892918487900886 ], [ 151.188797112660552, -33.893025786787923 ], [ 151.188805318721705, -33.893007466210918 ], [ 151.188448705932018, -33.892918487900886 ] ], [ [ 151.187860767028155, -33.900402531033961 ], [ 151.18726922759754, -33.900255446348424 ], [ 151.188642618645133, -33.900598102735763 ], [ 151.187860767028155, -33.900402531033961 ] ], [ [ 151.188797633753467, -33.892478446556908 ], [ 151.188783965425358, -33.892475036180961 ], [ 151.188797140642379, -33.892480338916094 ], [ 151.188797633753467, -33.892478446556908 ] ], [ [ 151.188719102340116, -33.894316215003123 ], [ 151.188696066639579, -33.894300195261522 ], [ 151.188693377847102, -33.894309796601597 ], [ 151.188719102340116, -33.894316215003123 ] ], [ [ 151.188047342483486, -33.900317748829565 ], [ 151.188379709342598, -33.900410537560425 ], [ 151.18855958903751, -33.900427631405009 ], [ 151.188153442395816, -33.900326300590194 ], [ 151.188047342483486, -33.900317748829565 ] ], [ [ 151.18839817021049, -33.878308625391696 ], [ 151.18840937056197, -33.878332353646101 ], [ 151.188380922137725, -33.878341695632272 ], [ 151.187279433425715, -33.878100552996891 ], [ 151.18729332226826, -33.878160248123379 ], [ 151.187264005550247, -33.878186260490708 ], [ 151.187434298265742, -33.878245704842726 ], [ 151.187380572793643, -33.878310975763348 ], [ 151.186688079366206, -33.87813217647566 ], [ 151.186675899792078, -33.878100328374622 ], [ 151.186516880619706, -33.878060642708583 ], [ 151.186469184949857, -33.878097883864747 ], [ 151.187460397964315, -33.878334390933922 ], [ 151.187483132915617, -33.878363883832883 ], [ 151.187459164990116, -33.878392689582235 ], [ 151.187320650842679, -33.878378133253058 ], [ 151.187772639214216, -33.878500652661039 ], [ 151.187848309831026, -33.878506740134625 ], [ 151.187864188510275, -33.878481855378048 ], [ 151.187793772255219, -33.878433663678727 ], [ 151.187829642638889, -33.878390552724142 ], [ 151.188330205304624, -33.878514483532626 ], [ 151.188596209451731, -33.878377750372913 ], [ 151.18895806508695, -33.878466923724673 ], [ 151.188998494288455, -33.878443892966274 ], [ 151.188972079244763, -33.87841136302665 ], [ 151.188493442621223, -33.878291921314272 ], [ 151.188461769116657, -33.87825350785419 ], [ 151.18720956972524, -33.877920377308847 ], [ 151.187184325020894, -33.877941182771764 ], [ 151.187755240942778, -33.878104376886107 ], [ 151.187805741700117, -33.878160783921096 ], [ 151.18839817021049, -33.878308625391696 ] ], [ [ 151.188848912567352, -33.879830110456254 ], [ 151.188940294018323, -33.879848057316806 ], [ 151.188714669962422, -33.879757848908064 ], [ 151.188305544759345, -33.879655754071543 ], [ 151.18829478800842, -33.879686041292537 ], [ 151.18841486945152, -33.879720000559665 ], [ 151.188416632648227, -33.879761367713733 ], [ 151.188839736005718, -33.879866950160945 ], [ 151.188848912567352, -33.879830110456254 ] ], [ [ 151.188381824366161, -33.892086903513039 ], [ 151.188633353174197, -33.892142217588095 ], [ 151.188381702472725, -33.892073478590618 ], [ 151.188381824366161, -33.892086903513039 ] ], [ [ 151.188414049733524, -33.900026851827981 ], [ 151.188457011286573, -33.900030631532246 ], [ 151.188414536866247, -33.900020034446207 ], [ 151.188414049733524, -33.900026851827981 ] ], [ [ 151.188565046816109, -33.891491068838498 ], [ 151.188611463413821, -33.891472993092457 ], [ 151.188376706539401, -33.891414417820819 ], [ 151.188310978435624, -33.891427674947849 ], [ 151.188565046816109, -33.891491068838498 ] ], [ [ 151.188535499013881, -33.892173505658917 ], [ 151.188547588972142, -33.892146951195521 ], [ 151.188156797185172, -33.892041557169442 ], [ 151.188086484578179, -33.892074942640221 ], [ 151.188535499013881, -33.892173505658917 ] ], [ [ 151.188754036096867, -33.878182711902113 ], [ 151.188799392575419, -33.878194030417532 ], [ 151.188787986568769, -33.878179019970489 ], [ 151.188754036096867, -33.878182711902113 ] ], [ [ 151.188576317537496, -33.884552903012853 ], [ 151.188501914017905, -33.884550617464527 ], [ 151.188577455615558, -33.884569467485562 ], [ 151.188576317537496, -33.884552903012853 ] ], [ [ 151.188589214379988, -33.882704418007449 ], [ 151.188590963442721, -33.882584837599062 ], [ 151.188345794257515, -33.882494226941269 ], [ 151.188308413589539, -33.882413483723816 ], [ 151.188275389395614, -33.882530585049693 ], [ 151.188179158436782, -33.882562183781658 ], [ 151.18777911227474, -33.882489686153413 ], [ 151.188589214379988, -33.882704418007449 ] ], [ [ 151.188307201645699, -33.892480807592015 ], [ 151.1878209, -33.8923352 ], [ 151.187827345324337, -33.892308768539763 ], [ 151.187754174505812, -33.892356993686569 ], [ 151.188367283983041, -33.89252301874 ], [ 151.188307201645699, -33.892480807592015 ] ], [ [ 151.187976002890565, -33.901986832727211 ], [ 151.188090123864441, -33.902015304987678 ], [ 151.187978848776595, -33.901972027713661 ], [ 151.187976002890565, -33.901986832727211 ] ], [ [ 151.188486574401423, -33.877168449315846 ], [ 151.188441507551147, -33.877186961126711 ], [ 151.188602614842523, -33.877215010037801 ], [ 151.188486574401423, -33.877168449315846 ] ], [ [ 151.188254827839842, -33.892037986488823 ], [ 151.188201345646661, -33.892009999479725 ], [ 151.18818376802173, -33.892020255958236 ], [ 151.188254827839842, -33.892037986488823 ] ], [ [ 151.188021766329342, -33.893590256705579 ], [ 151.188052688834716, -33.893564220692838 ], [ 151.188018757164343, -33.893548692769045 ], [ 151.188030955853236, -33.893525308742902 ], [ 151.188188707235668, -33.893556519969081 ], [ 151.187575666539914, -33.893425651276054 ], [ 151.187480272059275, -33.893455145264745 ], [ 151.188021766329342, -33.893590256705579 ] ], [ [ 151.187441511979927, -33.893897613983455 ], [ 151.187336696748645, -33.893840834683203 ], [ 151.187373293480078, -33.893770682828517 ], [ 151.188148520710939, -33.893938649320781 ], [ 151.187582944576235, -33.893794587362898 ], [ 151.187560540702975, -33.893747130698763 ], [ 151.187604586927108, -33.893726116654108 ], [ 151.187442586034848, -33.89368000543103 ], [ 151.187451593459713, -33.893645441373891 ], [ 151.187546609983286, -33.893666601405897 ], [ 151.187423071026302, -33.893628970723704 ], [ 151.18805735100284, -33.893783026133228 ], [ 151.188080926666402, -33.893742697007013 ], [ 151.188059883828032, -33.893683860143597 ], [ 151.187333333102657, -33.893500575546007 ], [ 151.187277876130111, -33.893517721558581 ], [ 151.18733554154133, -33.89368989551059 ], [ 151.187151835062593, -33.893751699736832 ], [ 151.187103357864231, -33.893739672381315 ], [ 151.187244135432991, -33.893774799261294 ], [ 151.187270835977671, -33.893839899136765 ], [ 151.187243646573705, -33.893848242875222 ], [ 151.187441511979927, -33.893897613983455 ] ], [ [ 151.187979992677356, -33.898691531823125 ], [ 151.187981814884381, -33.898694750519319 ], [ 151.187986070853469, -33.898693048332618 ], [ 151.187979992677356, -33.898691531823125 ] ], [ [ 151.187930374053593, -33.900957142869714 ], [ 151.187032922941739, -33.90072898851956 ], [ 151.187027719667668, -33.900749044127416 ], [ 151.187930374053593, -33.900957142869714 ] ], [ [ 151.187368066792658, -33.901212804691937 ], [ 151.187379436613412, -33.901221144107964 ], [ 151.187859358060962, -33.901335380621454 ], [ 151.187368066792658, -33.901212804691937 ] ], [ [ 151.188023443115299, -33.885407171004438 ], [ 151.188032479117084, -33.885463258688972 ], [ 151.188175086115791, -33.885445010993564 ], [ 151.188023443115299, -33.885407171004438 ] ], [ [ 151.187393957062028, -33.901243294010186 ], [ 151.187734020417594, -33.901337449825697 ], [ 151.187819998543745, -33.901349590284134 ], [ 151.187393957062028, -33.901243294010186 ] ], [ [ 151.188216561413839, -33.880211791380212 ], [ 151.188224896947361, -33.880204351889567 ], [ 151.188218257037903, -33.880202694929856 ], [ 151.188216561413839, -33.880211791380212 ] ], [ [ 151.18237797899792, -33.878395774106536 ], [ 151.182116730519709, -33.878339909456265 ], [ 151.182080550205796, -33.878361904217648 ], [ 151.182872726482259, -33.87857616456737 ], [ 151.182884482419581, -33.878533386178589 ], [ 151.182974121648158, -33.878508215167173 ], [ 151.183124094436721, -33.878544943971924 ], [ 151.183027133122607, -33.878486394282632 ], [ 151.183027864501355, -33.878451897095481 ], [ 151.183078379883057, -33.878424809298437 ], [ 151.183276497566055, -33.878472850933761 ], [ 151.183312733990277, -33.878431421622992 ], [ 151.183790526410917, -33.878549689173958 ], [ 151.183798387152876, -33.878603109979636 ], [ 151.183933048658673, -33.878636719886764 ], [ 151.183961046505345, -33.878696041435433 ], [ 151.183910531221642, -33.878723129597333 ], [ 151.183754349927796, -33.878685556062493 ], [ 151.183708136187022, -33.878717677129885 ], [ 151.184605799606175, -33.87894172043174 ], [ 151.184635029159836, -33.878979640511957 ], [ 151.184585534435399, -33.879019489296276 ], [ 151.183902101014439, -33.878850182009849 ], [ 151.183901372459701, -33.878872581832589 ], [ 151.185208330602137, -33.879198773664335 ], [ 151.185254177137949, -33.879272987652001 ], [ 151.185980000384376, -33.879454131869885 ], [ 151.186015870786633, -33.879503559064247 ], [ 151.186913576310161, -33.879727592756971 ], [ 151.186987608271977, -33.879842477821775 ], [ 151.188196349690145, -33.880155379273226 ], [ 151.188220906957241, -33.880141821452149 ], [ 151.188138178529499, -33.880117183425803 ], [ 151.188141484220438, -33.880071296720708 ], [ 151.188070470341273, -33.880048440962824 ], [ 151.188060839966482, -33.880004162768756 ], [ 151.18681974476695, -33.879694443315628 ], [ 151.186797344643509, -33.879646986543925 ], [ 151.186854242677271, -33.879628303339942 ], [ 151.187783297457599, -33.879841323139466 ], [ 151.187799092681871, -33.879864095011861 ], [ 151.187980725533293, -33.879909421356913 ], [ 151.187883913911833, -33.87987495167399 ], [ 151.187862945638585, -33.879838720955966 ], [ 151.187302808446248, -33.879698937440743 ], [ 151.187276825338529, -33.879665231228131 ], [ 151.187320819928146, -33.87962980910401 ], [ 151.187754295408979, -33.879736554465623 ], [ 151.187234741384515, -33.879606898038539 ], [ 151.187233690028961, -33.879566292339696 ], [ 151.186605008840019, -33.879409399375071 ], [ 151.18657902609624, -33.879375693025601 ], [ 151.186639506788168, -33.879343259458302 ], [ 151.187455498443001, -33.879546896573665 ], [ 151.187379608265246, -33.879517878686244 ], [ 151.187380417201922, -33.879479633106122 ], [ 151.18757324911806, -33.879505981540596 ], [ 151.187469029368259, -33.879468033853236 ], [ 151.187466750329065, -33.879439711679368 ], [ 151.187340265723805, -33.879408146846032 ], [ 151.187217504102676, -33.879474638404794 ], [ 151.1861054, -33.8791971 ], [ 151.185974499999986, -33.8790279 ], [ 151.186000674259702, -33.879013734967259 ], [ 151.185922800000014, -33.8789943 ], [ 151.185803960026931, -33.878843323262892 ], [ 151.18344161907217, -33.878266085008889 ], [ 151.183619241163768, -33.878291730578681 ], [ 151.18360244575959, -33.878257855897559 ], [ 151.183513221288621, -33.87823102218487 ], [ 151.183514302117999, -33.878180028176679 ], [ 151.183733802003132, -33.878215599029254 ], [ 151.183729021535896, -33.878173951381832 ], [ 151.183779536541437, -33.878146863283362 ], [ 151.184425396401508, -33.878297216026269 ], [ 151.18343909044313, -33.878051045278667 ], [ 151.18337237196252, -33.877956878172512 ], [ 151.182987652263364, -33.87787843823029 ], [ 151.182994485359075, -33.877897258141928 ], [ 151.182954789306564, -33.877894165153648 ], [ 151.183085275918415, -33.877930727790293 ], [ 151.183084329978442, -33.877975347538637 ], [ 151.18286445384004, -33.877940703260656 ], [ 151.182829126333388, -33.877968980649555 ], [ 151.182871343809694, -33.877993475048513 ], [ 151.182803482615498, -33.877981267505064 ], [ 151.182763674709179, -33.87800566346678 ], [ 151.182806451700742, -33.878037276029922 ], [ 151.182733866549626, -33.878026254622817 ], [ 151.182682728023565, -33.878054407592806 ], [ 151.182700760689443, -33.878079844010749 ], [ 151.18264025108698, -33.878077479692529 ], [ 151.182681686397558, -33.878100179781498 ], [ 151.182672757400923, -33.878134442698212 ], [ 151.182563818943493, -33.878124668563409 ], [ 151.182662121874444, -33.878149205013436 ], [ 151.182668510910133, -33.878178713673471 ], [ 151.182518857086478, -33.878150821067642 ], [ 151.182439538363838, -33.878189257881687 ], [ 151.182568955785825, -33.878225554150397 ], [ 151.182555592505111, -33.87827683221257 ], [ 151.182022963149024, -33.878168102933444 ], [ 151.182157336307029, -33.878317190332893 ], [ 151.182128278744216, -33.878333448174573 ], [ 151.18237797899792, -33.878395774106536 ] ], [ [ 151.188149832029495, -33.882133598696093 ], [ 151.188150569057996, -33.882132712931565 ], [ 151.188149587111695, -33.882132467895445 ], [ 151.188149832029495, -33.882133598696093 ] ], [ [ 151.187757691015833, -33.894263884473432 ], [ 151.187844548741083, -33.894277027557713 ], [ 151.187757576003321, -33.894255326677595 ], [ 151.187757691015833, -33.894263884473432 ] ], [ [ 151.187476828732514, -33.885533793617874 ], [ 151.187165651364808, -33.88548250362124 ], [ 151.187289426175795, -33.885517026627667 ], [ 151.18728839358846, -33.885540339455702 ], [ 151.188028300000013, -33.885565899999975 ], [ 151.188014099795481, -33.885470406011891 ], [ 151.187846129280132, -33.885510891910187 ], [ 151.187476828732514, -33.885533793617874 ] ], [ [ 151.185586628103238, -33.900056876898695 ], [ 151.186107974693641, -33.900201208532437 ], [ 151.185942121184723, -33.900165766622813 ], [ 151.185908772007764, -33.900205478196852 ], [ 151.186077792040351, -33.90025462956735 ], [ 151.185767089527502, -33.900198319796523 ], [ 151.185754785078274, -33.900252419669485 ], [ 151.186271939308568, -33.900395067951159 ], [ 151.18624169128006, -33.900411284349936 ], [ 151.185741543438212, -33.900286490373666 ], [ 151.185726254007733, -33.900319776475399 ], [ 151.18605866764355, -33.900402718670861 ], [ 151.18649, -33.900463 ], [ 151.187644908738946, -33.900760212414745 ], [ 151.187372782814521, -33.900682980091673 ], [ 151.187459759546357, -33.900689524336237 ], [ 151.187443769604783, -33.900653611398084 ], [ 151.186519384221782, -33.900416126708564 ], [ 151.186501196106207, -33.9003776015184 ], [ 151.186542295652487, -33.900328221081402 ], [ 151.186732109404232, -33.900363925527778 ], [ 151.186569259168635, -33.900280815469657 ], [ 151.186558582211234, -33.90023152317125 ], [ 151.186588351953134, -33.900207560769196 ], [ 151.18707102775835, -33.900312464705557 ], [ 151.186834493147018, -33.900253447939591 ], [ 151.186812900163801, -33.900195718517615 ], [ 151.185492614012077, -33.899907149272856 ], [ 151.184514667814028, -33.899642251439516 ], [ 151.184943212088967, -33.899759563838344 ], [ 151.184969199980003, -33.899793270608519 ], [ 151.184943936946439, -33.899825044852143 ], [ 151.185236737302176, -33.899913805424958 ], [ 151.184706207423943, -33.899808446309237 ], [ 151.184687662143318, -33.89982971308023 ], [ 151.184111889343114, -33.899687607200448 ], [ 151.184616054939028, -33.899832380705924 ], [ 151.185003545206911, -33.899909788093488 ], [ 151.185030942998083, -33.899884896437875 ], [ 151.185740505988832, -33.900067691272859 ], [ 151.185586628103238, -33.900056876898695 ] ], [ [ 151.187934821387785, -33.878676923712497 ], [ 151.188073863359762, -33.878714074489729 ], [ 151.188108673735968, -33.878720906347212 ], [ 151.187934821387785, -33.878676923712497 ] ], [ [ 151.187386639929656, -33.898876881783337 ], [ 151.1874636, -33.8988987 ], [ 151.187650433932589, -33.898942699524653 ], [ 151.187386639929656, -33.898876881783337 ] ], [ [ 151.187603511041175, -33.90098549286504 ], [ 151.18731597690774, -33.900933088755608 ], [ 151.187000398516403, -33.900854351167929 ], [ 151.187599777008103, -33.901004916625027 ], [ 151.187603511041175, -33.90098549286504 ] ], [ [ 151.187772521182183, -33.879197566609562 ], [ 151.187975836323261, -33.87924830412458 ], [ 151.188016886086558, -33.879258217956178 ], [ 151.188022758698281, -33.879233364376866 ], [ 151.187803356150795, -33.879178612298098 ], [ 151.187772521182183, -33.879197566609562 ] ], [ [ 151.186662774764045, -33.894030325962049 ], [ 151.186800805243251, -33.894059911288323 ], [ 151.186979942678107, -33.894043108136344 ], [ 151.18763648167527, -33.89420594142026 ], [ 151.187634202388665, -33.894185927486944 ], [ 151.186990679174443, -33.894004056987448 ], [ 151.186855408547245, -33.894033688657075 ], [ 151.186638454211788, -33.893979553435031 ], [ 151.186662774764045, -33.894030325962049 ] ], [ [ 151.1872277, -33.9022372 ], [ 151.187232139199182, -33.90221329145421 ], [ 151.18656910927939, -33.90204541549739 ], [ 151.186571035992756, -33.902096469964242 ], [ 151.187376881040677, -33.902274420332155 ], [ 151.1872277, -33.9022372 ] ], [ [ 151.187359481574049, -33.901532208559573 ], [ 151.18637846681122, -33.901293689206476 ], [ 151.186174235349085, -33.901265396768238 ], [ 151.186312842923456, -33.901314532175618 ], [ 151.186316302923672, -33.901347647254788 ], [ 151.18716111457536, -33.901557962176327 ], [ 151.187354313236568, -33.901559135150897 ], [ 151.187359481574049, -33.901532208559573 ] ], [ [ 151.187009990886395, -33.895385196419106 ], [ 151.187002473472887, -33.895410981404439 ], [ 151.187477895635794, -33.895532100858638 ], [ 151.18744437931602, -33.895477076654316 ], [ 151.186432271907904, -33.895221756712019 ], [ 151.186432064921263, -33.895248102442707 ], [ 151.187009990886395, -33.895385196419106 ] ], [ [ 151.187268525665104, -33.901685625181777 ], [ 151.187247468226218, -33.901711322368463 ], [ 151.18732155414213, -33.901729806749131 ], [ 151.187327223458567, -33.901700270234556 ], [ 151.187268525665104, -33.901685625181777 ] ], [ [ 151.187386150716861, -33.898909609224006 ], [ 151.187383937680636, -33.898905572443653 ], [ 151.187378500896131, -33.898907700551504 ], [ 151.187386150716861, -33.898909609224006 ] ], [ [ 151.187334766346282, -33.898924819451466 ], [ 151.187318284699415, -33.898931270813293 ], [ 151.187378316720157, -33.898935685517735 ], [ 151.187334766346282, -33.898924819451466 ] ], [ [ 151.187308377867112, -33.9017984536016 ], [ 151.186394771821057, -33.9015546334806 ], [ 151.186350792056629, -33.90158995162227 ], [ 151.185500660277711, -33.901378959613396 ], [ 151.185459460603653, -33.901392760542095 ], [ 151.185452956911348, -33.901421587161998 ], [ 151.186301766811795, -33.901633375584801 ], [ 151.187038431456017, -33.901800169714846 ], [ 151.187097641729707, -33.90176937353074 ], [ 151.187304382977231, -33.901819266485731 ], [ 151.187308377867112, -33.9017984536016 ] ], [ [ 151.187015501577775, -33.898899693742287 ], [ 151.187302759743517, -33.898968452870164 ], [ 151.187321824478403, -33.898960184932577 ], [ 151.1869768, -33.8988867 ], [ 151.186961946097938, -33.898860624361554 ], [ 151.186864796985645, -33.89887843352227 ], [ 151.186853194566851, -33.898921926885727 ], [ 151.186769485065838, -33.898922327637834 ], [ 151.186733815548621, -33.898963867228929 ], [ 151.186859305380978, -33.898994008690998 ], [ 151.18687181977208, -33.898961473793051 ], [ 151.187173517449565, -33.899036186938211 ], [ 151.187261729842476, -33.898986246580101 ], [ 151.187014972621597, -33.898924678787701 ], [ 151.187015501577775, -33.898899693742287 ] ], [ [ 151.187254246435657, -33.901060459310727 ], [ 151.187256067046292, -33.901046952564833 ], [ 151.187252629855834, -33.901060055972124 ], [ 151.187254246435657, -33.901060459310727 ] ], [ [ 151.187241228998573, -33.90116933515511 ], [ 151.187221048388096, -33.9011710730611 ], [ 151.187247695267473, -33.901177721486356 ], [ 151.187241228998573, -33.90116933515511 ] ], [ [ 151.18745397184415, -33.888689766316091 ], [ 151.187223974454866, -33.888632374631591 ], [ 151.187267524848039, -33.888710264568722 ], [ 151.18745397184415, -33.888689766316091 ] ], [ [ 151.187040368952893, -33.901321181689241 ], [ 151.187076826290081, -33.901381434700504 ], [ 151.187180428571025, -33.901404127142072 ], [ 151.187167664696915, -33.901350953292827 ], [ 151.18683267259911, -33.901267371822023 ], [ 151.187040368952893, -33.901321181689241 ] ], [ [ 151.187377173213662, -33.87375280680984 ], [ 151.187510418245239, -33.873648810903255 ], [ 151.187333976249761, -33.873590819587612 ], [ 151.187529210871389, -33.873634813667465 ], [ 151.187566800000013, -33.873613599999985 ], [ 151.187629388860472, -33.873629220159877 ], [ 151.187578307440674, -33.87356945180985 ], [ 151.187605175357987, -33.873521506435289 ], [ 151.187674152639886, -33.873508508741935 ], [ 151.187534714923885, -33.873473709549323 ], [ 151.187417265108394, -33.873491121562942 ], [ 151.186768442010703, -33.873329193007208 ], [ 151.18718040356319, -33.873703698952113 ], [ 151.187377173213662, -33.87375280680984 ] ], [ [ 151.187522225143681, -33.879348565199038 ], [ 151.187490987695128, -33.879280401156166 ], [ 151.187432240026595, -33.879249851955805 ], [ 151.187436571795359, -33.879214387557603 ], [ 151.187232768509006, -33.879163527235029 ], [ 151.18719137777029, -33.879188540817545 ], [ 151.187267500859321, -33.879207537856409 ], [ 151.187343799270877, -33.879304038178368 ], [ 151.187522225143681, -33.879348565199038 ] ], [ [ 151.187174631949404, -33.895587243148839 ], [ 151.186586829939216, -33.895440575631284 ], [ 151.186544159620524, -33.895394551121704 ], [ 151.186427746968008, -33.895365503556782 ], [ 151.186330341300021, -33.895397006046274 ], [ 151.187122876462951, -33.895616418900438 ], [ 151.187174631949404, -33.895587243148839 ] ], [ [ 151.186965682108251, -33.901909426099436 ], [ 151.186483702059917, -33.901789344946238 ], [ 151.18703927687676, -33.901927962825113 ], [ 151.187036938417066, -33.901893233673036 ], [ 151.186965682108251, -33.901909426099436 ] ], [ [ 151.187049800000011, -33.8982564 ], [ 151.187105829354209, -33.898222001956292 ], [ 151.186903314072993, -33.898175793454499 ], [ 151.186909911204026, -33.898230752685052 ], [ 151.187049800000011, -33.8982564 ] ], [ [ 151.186544574095478, -33.898535374624196 ], [ 151.186498470795755, -33.898548540655923 ], [ 151.18706027841634, -33.898688718170085 ], [ 151.187093040681816, -33.898642796594537 ], [ 151.186541049939706, -33.89850506862679 ], [ 151.186544574095478, -33.898535374624196 ] ], [ [ 151.186970159636871, -33.902050879988899 ], [ 151.187018835439915, -33.902063024648776 ], [ 151.186976604232257, -33.902043137007659 ], [ 151.186970159636871, -33.902050879988899 ] ], [ [ 151.186992657972695, -33.884811326212144 ], [ 151.187028020610825, -33.884792363693876 ], [ 151.187376667394574, -33.884856170926035 ], [ 151.186808770131933, -33.884714455627226 ], [ 151.18667489848815, -33.884731829093262 ], [ 151.186783448255909, -33.884768120296421 ], [ 151.186650266105488, -33.884735025794313 ], [ 151.186312222313092, -33.884778895363283 ], [ 151.186603124999436, -33.884851489967282 ], [ 151.186725705364609, -33.884833812197229 ], [ 151.186907780694696, -33.884878544669078 ], [ 151.187066298658465, -33.884866336088052 ], [ 151.187000130964549, -33.884845830838579 ], [ 151.186992657972695, -33.884811326212144 ] ], [ [ 151.186228356319504, -33.892039492752744 ], [ 151.186918117790071, -33.89224587215827 ], [ 151.1868882, -33.8921691 ], [ 151.187006454421407, -33.892134902368277 ], [ 151.1869658, -33.8920326 ], [ 151.187085090824581, -33.891981272188787 ], [ 151.1870773, -33.8919621 ], [ 151.187212559145365, -33.891928361051406 ], [ 151.18721139358226, -33.891886469345849 ], [ 151.186836989565535, -33.89186345639132 ], [ 151.186647885231338, -33.891913489525031 ], [ 151.186364584174044, -33.891842797098874 ], [ 151.186335802293428, -33.89188760118784 ], [ 151.186172515474709, -33.891960324091087 ], [ 151.186228356319504, -33.892039492752744 ] ], [ [ 151.186946950968178, -33.898763222048537 ], [ 151.186980104773738, -33.898826560182179 ], [ 151.187065927368678, -33.898792907752522 ], [ 151.186946950968178, -33.898763222048537 ] ], [ [ 151.18711390396021, -33.8893025837911 ], [ 151.187111234035598, -33.889310993238468 ], [ 151.187215685416874, -33.889327981498944 ], [ 151.18711390396021, -33.8893025837911 ] ], [ [ 151.18693431159295, -33.899391447090657 ], [ 151.186689724244957, -33.899324600372907 ], [ 151.186667318019147, -33.899357219637096 ], [ 151.18693431159295, -33.899391447090657 ] ], [ [ 151.186513249313634, -33.893639010184209 ], [ 151.186354749025782, -33.893605253457629 ], [ 151.186336898712113, -33.893684435210787 ], [ 151.18652311944706, -33.893730902338312 ], [ 151.186561044028792, -33.893785512602001 ], [ 151.187014838960266, -33.893899414123929 ], [ 151.187043481905363, -33.893845541433677 ], [ 151.1865099, -33.8937124 ], [ 151.186476199999987, -33.8936508 ], [ 151.186513249313634, -33.893639010184209 ] ], [ [ 151.186180521329931, -33.899689908518134 ], [ 151.186151678878758, -33.899758538215757 ], [ 151.186240875487101, -33.899752044765968 ], [ 151.186830528524865, -33.899899169500756 ], [ 151.186844266078822, -33.899855520152684 ], [ 151.186180521329931, -33.899689908518134 ] ], [ [ 151.186650273924528, -33.881415429203351 ], [ 151.186627985055964, -33.881444053744204 ], [ 151.187123622307979, -33.881576467352041 ], [ 151.187139870987352, -33.881548078957628 ], [ 151.186650273924528, -33.881415429203351 ] ], [ [ 151.18713520286687, -33.881595394252976 ], [ 151.187130465962639, -33.881585366128917 ], [ 151.187133802099396, -33.881600770228822 ], [ 151.18713520286687, -33.881595394252976 ] ], [ [ 151.187267924388493, -33.873807134813369 ], [ 151.187288204067443, -33.873796008321484 ], [ 151.187086862809224, -33.873761947086827 ], [ 151.187267924388493, -33.873807134813369 ] ], [ [ 151.187200728787786, -33.877468083586393 ], [ 151.187196430043343, -33.877434174345765 ], [ 151.187081675319007, -33.87740553590838 ], [ 151.186326734283796, -33.877252761191464 ], [ 151.186792598452001, -33.877389787499112 ], [ 151.186842225123229, -33.877378614266192 ], [ 151.187200728787786, -33.877468083586393 ] ], [ [ 151.186870892180536, -33.891429020622645 ], [ 151.186872136295619, -33.891438305808393 ], [ 151.186889497439182, -33.891433663172919 ], [ 151.186870892180536, -33.891429020622645 ] ], [ [ 151.185079633003966, -33.891425193134118 ], [ 151.185305082243275, -33.891456931687635 ], [ 151.185152549939943, -33.891418868238738 ], [ 151.185141366269619, -33.891367228308745 ], [ 151.18533783031927, -33.891392887060583 ], [ 151.185360079510133, -33.891356124907688 ], [ 151.185530099526488, -33.891375986358298 ], [ 151.185542216772205, -33.891352459673676 ], [ 151.185329950254641, -33.89129321476937 ], [ 151.185331435638886, -33.891223098086151 ], [ 151.185770242295803, -33.89119810351869 ], [ 151.1857556, -33.8910888 ], [ 151.1859273, -33.891073 ], [ 151.186446050286833, -33.891202446773796 ], [ 151.186509857782852, -33.891169479632921 ], [ 151.186882038095547, -33.891260520504964 ], [ 151.18656660000002, -33.8911817 ], [ 151.186466200000041, -33.8911299 ], [ 151.1864635, -33.8910574 ], [ 151.18669284010204, -33.891041433545787 ], [ 151.186683182896246, -33.890999500012185 ], [ 151.186371, -33.8909216 ], [ 151.186345939039285, -33.890837080699036 ], [ 151.1860675, -33.8907676 ], [ 151.186015016008326, -33.890710785861756 ], [ 151.186011330816513, -33.890837000384813 ], [ 151.185818230740693, -33.890869300833351 ], [ 151.1855309, -33.890797599999985 ], [ 151.1854705, -33.8905271 ], [ 151.1857052, -33.8904881 ], [ 151.185918770234537, -33.890541394467306 ], [ 151.1858881, -33.890409199999986 ], [ 151.185943273863046, -33.890400387908905 ], [ 151.185866969480458, -33.890381346898245 ], [ 151.185859729473179, -33.890475200698674 ], [ 151.185572400000012, -33.890403499999969 ], [ 151.185391399999986, -33.8903066 ], [ 151.185426784731675, -33.890271502031503 ], [ 151.185319544785017, -33.890199055575593 ], [ 151.185327110046899, -33.890266511558728 ], [ 151.184880610044729, -33.890393915727977 ], [ 151.184172191283636, -33.890217127974545 ], [ 151.184075048033492, -33.890276286134529 ], [ 151.184101881291326, -33.890360846954984 ], [ 151.183878583786395, -33.89053215067846 ], [ 151.183706483524645, -33.890570053482946 ], [ 151.183423055225035, -33.890499320962796 ], [ 151.183349080152141, -33.890515221444545 ], [ 151.183073571724208, -33.890458987222139 ], [ 151.184775649849115, -33.890883752752167 ], [ 151.184880888426392, -33.891221690081096 ], [ 151.184930925708613, -33.891271539633301 ], [ 151.185185400678023, -33.891335613185767 ], [ 151.184943439019975, -33.89128400598522 ], [ 151.185079633003966, -33.891425193134118 ] ], [ [ 151.186439917636989, -33.898933388076351 ], [ 151.186206803027403, -33.898877615186528 ], [ 151.186633504658516, -33.899002470503653 ], [ 151.186690473706648, -33.898964451089114 ], [ 151.186496976746866, -33.898916401019243 ], [ 151.186439917636989, -33.898933388076351 ] ], [ [ 151.187138158942957, -33.876369416382353 ], [ 151.187042627924171, -33.876375383308023 ], [ 151.187167645976643, -33.876406583447327 ], [ 151.187138158942957, -33.876369416382353 ] ], [ [ 151.186435850485935, -33.885734386426968 ], [ 151.1864573, -33.8857596 ], [ 151.186954462395846, -33.885883664239543 ], [ 151.186955435806453, -33.885696821863057 ], [ 151.186535826609202, -33.885759335151988 ], [ 151.186435850485935, -33.885734386426968 ] ], [ [ 151.186658087885519, -33.899361311853511 ], [ 151.186620889399848, -33.899357940819534 ], [ 151.186656686085911, -33.899369168096548 ], [ 151.186658087885519, -33.899361311853511 ] ], [ [ 151.186749330198921, -33.884048879596349 ], [ 151.18694369043132, -33.884073110083413 ], [ 151.186770857230897, -33.884029979930609 ], [ 151.186749330198921, -33.884048879596349 ] ], [ [ 151.186703077146944, -33.894135729964454 ], [ 151.186644288059256, -33.894069264725921 ], [ 151.186537275632958, -33.894094358437101 ], [ 151.186703077146944, -33.894135729964454 ] ], [ [ 151.186479976420202, -33.880129562917297 ], [ 151.186857660392576, -33.880222929266694 ], [ 151.186455674269496, -33.880142185371504 ], [ 151.186404833128535, -33.880168592058602 ], [ 151.1868992499287, -33.880301949331113 ], [ 151.186954552703753, -33.880246217104123 ], [ 151.186947157339517, -33.880224133170806 ], [ 151.186508611188117, -33.88011469010533 ], [ 151.186479976420202, -33.880129562917297 ] ], [ [ 151.186860684988574, -33.87809372688244 ], [ 151.186756679308587, -33.878061968141289 ], [ 151.186750754283679, -33.878066292197538 ], [ 151.186860684988574, -33.87809372688244 ] ], [ [ 151.185518646129822, -33.901304105888549 ], [ 151.186352317532993, -33.901516708898377 ], [ 151.186355697593598, -33.90151002435374 ], [ 151.185518646129822, -33.901304105888549 ] ], [ [ 151.185318800623151, -33.894924279737566 ], [ 151.185345960807695, -33.894975449669566 ], [ 151.186416715588138, -33.895199187720792 ], [ 151.186166965317909, -33.895122901237023 ], [ 151.186152195716545, -33.895075568894015 ], [ 151.186021217390135, -33.89509849520315 ], [ 151.185318800623151, -33.894924279737566 ] ], [ [ 151.185543446469524, -33.901200891308676 ], [ 151.186263304275968, -33.901384191118005 ], [ 151.186274555858603, -33.901357618208458 ], [ 151.185549271018232, -33.901176650537529 ], [ 151.185543446469524, -33.901200891308676 ] ], [ [ 151.185376700002166, -33.884307796555092 ], [ 151.18500131347534, -33.88421411431419 ], [ 151.185004174424961, -33.884256566310484 ], [ 151.185325180728768, -33.88433667735012 ], [ 151.18532885136409, -33.88438761574065 ], [ 151.185531040123607, -33.884442637875047 ], [ 151.185539579979633, -33.88448207181419 ], [ 151.185499165331322, -33.884503742767706 ], [ 151.185334336483294, -33.884463734132872 ], [ 151.185338378637738, -33.884519828077721 ], [ 151.185647219055397, -33.884596901870445 ], [ 151.18563008880389, -33.884731401966278 ], [ 151.186583694376225, -33.884942025891036 ], [ 151.18646500767295, -33.884912407793813 ], [ 151.18645366607106, -33.88487025465799 ], [ 151.185930100000036, -33.8847195 ], [ 151.185996181252705, -33.884426548270241 ], [ 151.185456464925693, -33.884293084889023 ], [ 151.185376700002166, -33.884307796555092 ] ], [ [ 151.186585288111672, -33.876231437815825 ], [ 151.186555737054817, -33.876253870940822 ], [ 151.186745060153527, -33.876301120189801 ], [ 151.186736555474937, -33.876269189514687 ], [ 151.186585288111672, -33.876231437815825 ] ], [ [ 151.186514839510238, -33.884005784938445 ], [ 151.186415994835698, -33.883981118105588 ], [ 151.186399366666677, -33.88401059423056 ], [ 151.186502279875043, -33.884036276377444 ], [ 151.186514839510238, -33.884005784938445 ] ], [ [ 151.1859711845768, -33.890109859616437 ], [ 151.186157858280325, -33.890366500656349 ], [ 151.186123199542237, -33.890381513761334 ], [ 151.186316619917761, -33.890429779373882 ], [ 151.186328267013806, -33.890400802007662 ], [ 151.1861884, -33.8903659 ], [ 151.186203300000017, -33.8903163 ], [ 151.18634865653155, -33.890350073899825 ], [ 151.186372008108663, -33.890291976252165 ], [ 151.1861, -33.8902241 ], [ 151.186013800000012, -33.890153 ], [ 151.186023324397581, -33.890122870591355 ], [ 151.1859711845768, -33.890109859616437 ] ], [ [ 151.186460400067062, -33.884137949185956 ], [ 151.185723535565046, -33.883954061236906 ], [ 151.18570703937209, -33.883964959395669 ], [ 151.185788163985478, -33.883985204680414 ], [ 151.185809302978925, -33.8840208255356 ], [ 151.186436830217957, -33.884195170263325 ], [ 151.186460400067062, -33.884137949185956 ] ], [ [ 151.186094804957918, -33.899663634090658 ], [ 151.186117778159087, -33.899669366246471 ], [ 151.186093823057377, -33.899656820340354 ], [ 151.186094804957918, -33.899663634090658 ] ], [ [ 151.186082384722454, -33.899643588553623 ], [ 151.186070770411021, -33.899613309852519 ], [ 151.185893361506857, -33.899569043460119 ], [ 151.185894448691585, -33.899595525885417 ], [ 151.186082384722454, -33.899643588553623 ] ], [ [ 151.18270766579019, -33.899635377347508 ], [ 151.18284637459746, -33.89966999135239 ], [ 151.182836474774518, -33.899700391402405 ], [ 151.182689672271522, -33.899666924776838 ], [ 151.182611414265153, -33.89968019159582 ], [ 151.180780029886023, -33.899196241376778 ], [ 151.180768829224945, -33.899172512484647 ], [ 151.180797285424575, -33.899163172541662 ], [ 151.181460026883883, -33.899335604597468 ], [ 151.181501366864239, -33.899294336141651 ], [ 151.181586713801892, -33.899303007836295 ], [ 151.181599451203709, -33.899279684428265 ], [ 151.180415621650781, -33.898937659135584 ], [ 151.181203513116373, -33.899143472452522 ], [ 151.181316803319106, -33.89914374116033 ], [ 151.181757428413448, -33.899253276265668 ], [ 151.181976620737458, -33.899289618293956 ], [ 151.181060359680743, -33.899069610470043 ], [ 151.180381538647396, -33.898867920589495 ], [ 151.180428418411367, -33.898911676661271 ], [ 151.180190138838725, -33.898862317449542 ], [ 151.180407945178189, -33.898925047479906 ], [ 151.179800447940607, -33.898770056039808 ], [ 151.179751501373374, -33.898812498788352 ], [ 151.179396626196421, -33.898725197556999 ], [ 151.179768802439725, -33.898849531808125 ], [ 151.179781503279827, -33.898972531773943 ], [ 151.179748094394341, -33.899116556311455 ], [ 151.180093102236299, -33.899216783559936 ], [ 151.18005209264328, -33.899266050013637 ], [ 151.179889746920281, -33.899226659334424 ], [ 151.179903348533117, -33.899269024179745 ], [ 151.179862925389216, -33.899290692957692 ], [ 151.179715948053627, -33.899255137545197 ], [ 151.179775056542098, -33.899289812996614 ], [ 151.179703555561332, -33.899308560811349 ], [ 151.180152902358714, -33.899441773526213 ], [ 151.180194039583455, -33.899417365691946 ], [ 151.180629875602449, -33.899525009466181 ], [ 151.180653561517346, -33.899491694914282 ], [ 151.181034648207373, -33.899586095850907 ], [ 151.181023384791644, -33.899629300163809 ], [ 151.180875381438256, -33.899593068086091 ], [ 151.180883280923609, -33.899624050224688 ], [ 151.181135146179514, -33.899686905725581 ], [ 151.181134261700862, -33.899728547326596 ], [ 151.180584637390666, -33.89961241394704 ], [ 151.180588117355114, -33.899648371002463 ], [ 151.181331995820642, -33.899857875102704 ], [ 151.181322985174262, -33.899892438576472 ], [ 151.180935696790868, -33.899828551585912 ], [ 151.180896696442602, -33.899861847104788 ], [ 151.181282883980941, -33.89995822355381 ], [ 151.181309953097298, -33.900004451623765 ], [ 151.182554041895401, -33.900319178764057 ], [ 151.182226878204773, -33.900256223822623 ], [ 151.182258950569604, -33.900298000873953 ], [ 151.183103715317998, -33.900508806285949 ], [ 151.183217691723286, -33.900557769887406 ], [ 151.183205735619993, -33.900580683847672 ], [ 151.18311944341346, -33.900564282838481 ], [ 151.183199844019754, -33.900598302853261 ], [ 151.182263886752224, -33.900380018180904 ], [ 151.182708080763433, -33.900490864567423 ], [ 151.182730397078501, -33.90052197904847 ], [ 151.183090947322739, -33.900630357065062 ], [ 151.182232122380384, -33.900437497798308 ], [ 151.182195132855981, -33.900466678594462 ], [ 151.183050881231424, -33.900676408631021 ], [ 151.182885397082259, -33.900659678238867 ], [ 151.182869377987799, -33.900694975621576 ], [ 151.183429739069624, -33.900834807158425 ], [ 151.183455092810107, -33.900870945779779 ], [ 151.183732522321293, -33.900950640601565 ], [ 151.183447571110293, -33.900887756314695 ], [ 151.18339522924299, -33.900900945591161 ], [ 151.182653651656864, -33.900715892861399 ], [ 151.182630721441683, -33.900670458839528 ], [ 151.182059546626135, -33.900516937193572 ], [ 151.181977185254141, -33.900522381888784 ], [ 151.182263671588032, -33.900593873953554 ], [ 151.182307944384718, -33.900674156521021 ], [ 151.182698921126985, -33.900771722459652 ], [ 151.182735848823597, -33.900754841423684 ], [ 151.183527604680876, -33.900969221777729 ], [ 151.1835376, -33.9009382 ], [ 151.183796845184759, -33.901000014354246 ], [ 151.183817463268753, -33.900945551357509 ], [ 151.183528144381853, -33.90085765656422 ], [ 151.183865385761493, -33.900924880104654 ], [ 151.183452296687392, -33.900808638137342 ], [ 151.183562431234975, -33.900802564313771 ], [ 151.184022735216047, -33.900912472067787 ], [ 151.18357, -33.9007995 ], [ 151.18359135547081, -33.900730996990646 ], [ 151.183568413896126, -33.900720038907551 ], [ 151.183603951172302, -33.900690586221636 ], [ 151.183499591295487, -33.900648844681648 ], [ 151.183612010560637, -33.900664566130615 ], [ 151.183633917041817, -33.900594354081072 ], [ 151.183536542934689, -33.900559589109214 ], [ 151.183639332166535, -33.900577017885091 ], [ 151.183657759901564, -33.900517814997301 ], [ 151.18354721186526, -33.900479762665803 ], [ 151.183663163762276, -33.900500475991585 ], [ 151.183684261954454, -33.900432588590107 ], [ 151.18357731511631, -33.900390201520622 ], [ 151.18369236235344, -33.90040657873778 ], [ 151.183702551359659, -33.900373862478752 ], [ 151.183593919594188, -33.90034201337874 ], [ 151.18358644692654, -33.900307508628764 ], [ 151.183621816835057, -33.900288547368724 ], [ 151.185134267642155, -33.900666154952674 ], [ 151.184832809850377, -33.900598512790218 ], [ 151.184775403439659, -33.900744594112972 ], [ 151.185662858264038, -33.900915448019894 ], [ 151.185507720074213, -33.900845014554037 ], [ 151.1851143, -33.900749099999985 ], [ 151.1852159, -33.9004415 ], [ 151.185546492751911, -33.900522789423192 ], [ 151.185503654304853, -33.900652656891545 ], [ 151.185724055514584, -33.900680151511025 ], [ 151.185731494137173, -33.90065155074911 ], [ 151.185601841727504, -33.900614507850939 ], [ 151.185689074259642, -33.900628695521235 ], [ 151.185710148205345, -33.900580470036822 ], [ 151.185624535076101, -33.900549905214859 ], [ 151.185996643070808, -33.900642959863056 ], [ 151.186005620625849, -33.900608186988272 ], [ 151.185628348599835, -33.900502620342046 ], [ 151.185719164304913, -33.900519339448309 ], [ 151.185751472045382, -33.90048955561555 ], [ 151.186019218573847, -33.900555517827883 ], [ 151.186025121180535, -33.900532655139621 ], [ 151.185741353211995, -33.900441434274114 ], [ 151.185774357924544, -33.900414868457197 ], [ 151.186042803430666, -33.900464166032783 ], [ 151.185575345714653, -33.900324079573984 ], [ 151.185475559450396, -33.900320421241709 ], [ 151.185468084022148, -33.900348909702075 ], [ 151.184855084950357, -33.900234154455035 ], [ 151.184835881732198, -33.900299414062445 ], [ 151.183943290156719, -33.900085375640799 ], [ 151.183933530597557, -33.900115977756442 ], [ 151.184144692167536, -33.900176519360691 ], [ 151.183929390266513, -33.900128960188916 ], [ 151.18392149045448, -33.900153730847016 ], [ 151.184029128473014, -33.900185823390174 ], [ 151.183918730231312, -33.900162385801622 ], [ 151.183904526959481, -33.900206921543919 ], [ 151.184114722934794, -33.900259372168158 ], [ 151.184107965748836, -33.900285294951345 ], [ 151.182218444092769, -33.899793745586585 ], [ 151.182325686544402, -33.899767608950754 ], [ 151.182895055486114, -33.899908988612886 ], [ 151.1829257519056, -33.899859153151148 ], [ 151.183106795673268, -33.899903345890735 ], [ 151.183191823533178, -33.89988160361267 ], [ 151.182934274918807, -33.899810272970264 ], [ 151.182954779052324, -33.89978563924447 ], [ 151.183105739587489, -33.89982274721504 ], [ 151.182942945580237, -33.899736861185467 ], [ 151.182981451719229, -33.899705868626178 ], [ 151.183101633734196, -33.899728078425376 ], [ 151.18270766579019, -33.899635377347508 ] ], [ [ 151.18601102458004, -33.899888227319416 ], [ 151.185796703596282, -33.899839852422012 ], [ 151.185784062097525, -33.899841524218751 ], [ 151.185978384344168, -33.899890010801876 ], [ 151.18601102458004, -33.899888227319416 ] ], [ [ 151.186006937664303, -33.896318957720695 ], [ 151.185984873642553, -33.896313373567033 ], [ 151.185486863280516, -33.896189185261605 ], [ 151.186006937664303, -33.896318957720695 ] ], [ [ 151.185736321863999, -33.879827088652235 ], [ 151.186316342551294, -33.879971841934818 ], [ 151.186267202286643, -33.879908912931995 ], [ 151.185711022568569, -33.879761575309622 ], [ 151.185680258360151, -33.879780879677668 ], [ 151.185736321863999, -33.879827088652235 ] ], [ [ 151.18569995836404, -33.896988135224788 ], [ 151.185703433820947, -33.897024629935402 ], [ 151.185807319660029, -33.897050552014598 ], [ 151.185869280729008, -33.897030385299594 ], [ 151.18569995836404, -33.896988135224788 ] ], [ [ 151.184241305066564, -33.894455108240635 ], [ 151.184126259513079, -33.894592553710936 ], [ 151.184217969889517, -33.894615439562962 ], [ 151.1843735, -33.8945893 ], [ 151.185887895657288, -33.894951986307994 ], [ 151.1853472, -33.894804800000017 ], [ 151.1853385991175, -33.894760015985128 ], [ 151.184616800000015, -33.8945799 ], [ 151.184574497477399, -33.894488271165031 ], [ 151.184147708794427, -33.89438176877853 ], [ 151.184241305066564, -33.894455108240635 ] ], [ [ 151.18255645474585, -33.895866908385187 ], [ 151.182413432859335, -33.895831216326222 ], [ 151.182305787603099, -33.895888019517606 ], [ 151.182023036386397, -33.895817456279481 ], [ 151.182253088026584, -33.89596691977632 ], [ 151.182156447223036, -33.896053559600062 ], [ 151.182472435937882, -33.896132416957862 ], [ 151.182414022675175, -33.89609387761957 ], [ 151.18242167808512, -33.896064509558393 ], [ 151.182565505277097, -33.896023991933916 ], [ 151.183129902385758, -33.896164275819231 ], [ 151.183179344234446, -33.896239395884344 ], [ 151.183384066510001, -33.896290484024547 ], [ 151.183393652028684, -33.896334746913205 ], [ 151.183287326351262, -33.896322405132537 ], [ 151.183249421936324, -33.896356168664077 ], [ 151.182689862250811, -33.896217515089397 ], [ 151.182671764673813, -33.896234704720442 ], [ 151.183836751594725, -33.896531024606041 ], [ 151.183901717942973, -33.896615292032045 ], [ 151.183858198547256, -33.896684199689169 ], [ 151.183976069843709, -33.896716390352651 ], [ 151.184125785674127, -33.896699562557025 ], [ 151.185423494809953, -33.897023384837837 ], [ 151.185484184039467, -33.897097532368079 ], [ 151.185815681036587, -33.89717972423982 ], [ 151.185538, -33.8970965 ], [ 151.1855256, -33.897072599999987 ], [ 151.185573799999986, -33.8970552 ], [ 151.185781335544846, -33.897106985357389 ], [ 151.185496482049956, -33.897009932967158 ], [ 151.184063654811666, -33.896652394112614 ], [ 151.184036629315273, -33.896605997186086 ], [ 151.183948107044785, -33.896578772699741 ], [ 151.183934955860195, -33.89647228687749 ], [ 151.183880567911473, -33.896439295390607 ], [ 151.183914118579281, -33.896374990610298 ], [ 151.184039318637275, -33.896395334918424 ], [ 151.183911916327475, -33.896352950289966 ], [ 151.183943450250439, -33.896316140661781 ], [ 151.183933113565956, -33.896253108686487 ], [ 151.18400263877723, -33.896215368194873 ], [ 151.183945958543376, -33.896179005474195 ], [ 151.183785304563941, -33.896144488346451 ], [ 151.183829206946854, -33.896247775073746 ], [ 151.183808507351159, -33.896285175272872 ], [ 151.183738707357008, -33.896305575903931 ], [ 151.1826264, -33.896028 ], [ 151.18255645474585, -33.895866908385187 ] ], [ [ 151.185595055299245, -33.885006469889611 ], [ 151.186054564629131, -33.885121049213332 ], [ 151.185595066811061, -33.885006379504212 ], [ 151.185595055299245, -33.885006469889611 ] ], [ [ 151.185879651706614, -33.890012079887605 ], [ 151.185765222698905, -33.890029919313278 ], [ 151.185769633308212, -33.890043979158428 ], [ 151.185932280628435, -33.890084566415396 ], [ 151.185879651706614, -33.890012079887605 ] ], [ [ 151.18510630202033, -33.903025259666116 ], [ 151.185086759810901, -33.902964146708662 ], [ 151.184981102275515, -33.902916848121031 ], [ 151.185348783488649, -33.902985417611788 ], [ 151.185385188647444, -33.902944721201187 ], [ 151.185599662850933, -33.902986829769937 ], [ 151.18517919688577, -33.902881918068246 ], [ 151.185084097581694, -33.902928934067191 ], [ 151.184580331588421, -33.902806050286905 ], [ 151.184558596707745, -33.902835999423182 ], [ 151.184723143017521, -33.902877056980337 ], [ 151.184762331102803, -33.902943506542208 ], [ 151.18510630202033, -33.903025259666116 ] ], [ [ 151.185802022310696, -33.889844953232874 ], [ 151.185864398776431, -33.889770356941114 ], [ 151.185343970867223, -33.889640486967693 ], [ 151.185354942544024, -33.889691361593783 ], [ 151.185684201563703, -33.889773526627472 ], [ 151.185698618560082, -33.889819149552402 ], [ 151.185802022310696, -33.889844953232874 ] ], [ [ 151.184945191488964, -33.895435215266865 ], [ 151.18500430141421, -33.89542631279469 ], [ 151.185709134851578, -33.895602191332159 ], [ 151.185717664674314, -33.895573298590278 ], [ 151.184888006929043, -33.895370547379251 ], [ 151.184835319514292, -33.895384244280244 ], [ 151.184945191488964, -33.895435215266865 ] ], [ [ 151.186099276756664, -33.877358015999292 ], [ 151.186056640835289, -33.87734737527898 ], [ 151.186028333044078, -33.877363502136284 ], [ 151.186088033911886, -33.87737840179237 ], [ 151.186099276756664, -33.877358015999292 ] ], [ [ 151.185515224505565, -33.900069927875748 ], [ 151.185549546570257, -33.900051673856154 ], [ 151.185394251109045, -33.900012924598201 ], [ 151.185482321849236, -33.900037071589054 ], [ 151.185515224505565, -33.900069927875748 ] ], [ [ 151.185761413006276, -33.877004163817752 ], [ 151.185963224479679, -33.877015012744863 ], [ 151.186010071903326, -33.876998438501445 ], [ 151.185796998652762, -33.876945260908819 ], [ 151.185804168068699, -33.876982917561257 ], [ 151.185761413006276, -33.877004163817752 ] ], [ [ 151.185152010809531, -33.901060170749894 ], [ 151.185111588045828, -33.901081841261096 ], [ 151.184851142413919, -33.901017980488824 ], [ 151.184662581768265, -33.901023382686816 ], [ 151.184656456672144, -33.90104313457995 ], [ 151.185095968380296, -33.901159599141785 ], [ 151.185086959078973, -33.901194162929436 ], [ 151.184959669895363, -33.901173687441343 ], [ 151.185169699394208, -33.901226094048148 ], [ 151.1852088, -33.9010631 ], [ 151.185449484418058, -33.90109905801139 ], [ 151.185145345653723, -33.901023169759327 ], [ 151.185152010809531, -33.901060170749894 ] ], [ [ 151.185385186275511, -33.901717602047306 ], [ 151.185410375281862, -33.901690638980952 ], [ 151.185393565419758, -33.901680684686333 ], [ 151.185385186275511, -33.901717602047306 ] ], [ [ 151.185380820231728, -33.901737101801558 ], [ 151.18539410431805, -33.901747196164386 ], [ 151.185388430844881, -33.901739000771485 ], [ 151.185380820231728, -33.901737101801558 ] ], [ [ 151.185792710190071, -33.876573504578303 ], [ 151.185836411053288, -33.876581650952225 ], [ 151.185789843511429, -33.876570028809795 ], [ 151.185792710190071, -33.876573504578303 ] ], [ [ 151.185750986925143, -33.876613817561228 ], [ 151.1858198, -33.8765912 ], [ 151.185821729526282, -33.876590090790707 ], [ 151.185750986925143, -33.876613817561228 ] ], [ [ 151.185739569508883, -33.876620311724018 ], [ 151.185733029892361, -33.876624031420526 ], [ 151.185760313104566, -33.876625488837497 ], [ 151.185739569508883, -33.876620311724018 ] ], [ [ 151.185418465383663, -33.892499838504442 ], [ 151.185372490487396, -33.89238313815531 ], [ 151.185170522058797, -33.892437966645105 ], [ 151.185418465383663, -33.892499838504442 ] ], [ [ 151.18504808786949, -33.903131624578428 ], [ 151.185082681945204, -33.903122334927964 ], [ 151.185052474071426, -33.903114797600459 ], [ 151.18504808786949, -33.903131624578428 ] ], [ [ 151.181146261470957, -33.896815145777289 ], [ 151.181204010471362, -33.896831839972563 ], [ 151.181197464275897, -33.896860555877325 ], [ 151.181320349363006, -33.896995331427703 ], [ 151.181706027877027, -33.897091582203799 ], [ 151.18174611008854, -33.897037500526764 ], [ 151.181829969055514, -33.897046772514877 ], [ 151.181955216740278, -33.896990931519447 ], [ 151.182020204607056, -33.897005742294908 ], [ 151.182169525860132, -33.896923199623139 ], [ 151.1820741, -33.89673309999997 ], [ 151.1821507, -33.8967088 ], [ 151.182600520621264, -33.896821055105534 ], [ 151.182647265898424, -33.89675788326209 ], [ 151.182735343913606, -33.896766264905061 ], [ 151.182787138713309, -33.896734312285034 ], [ 151.1828733833066, -33.896754427264426 ], [ 151.182899457470683, -33.89672568973635 ], [ 151.183558614061212, -33.89688947695128 ], [ 151.18356525842043, -33.89692708304446 ], [ 151.183734680559155, -33.896969361242121 ], [ 151.183764163889776, -33.897023004051995 ], [ 151.183950420897162, -33.897094198469013 ], [ 151.183949396767673, -33.897142494409401 ], [ 151.183907719681144, -33.89717604090756 ], [ 151.183677800710541, -33.897132264934108 ], [ 151.183646053278494, -33.89715256229087 ], [ 151.183926254516052, -33.897222484187544 ], [ 151.183937455836201, -33.897246212819894 ], [ 151.1836705710096, -33.897196055428097 ], [ 151.18364878602037, -33.897231143506723 ], [ 151.183708984533013, -33.897265584988119 ], [ 151.18369495018058, -33.897319426589874 ], [ 151.183523528692632, -33.89730266740893 ], [ 151.183521767085011, -33.897330824753482 ], [ 151.18358629707572, -33.897361050984294 ], [ 151.183555235918249, -33.897421407110777 ], [ 151.183720289666326, -33.897462595015973 ], [ 151.183719406518321, -33.897504236691873 ], [ 151.183347578431437, -33.897427469339213 ], [ 151.183767498724706, -33.897532257506619 ], [ 151.18383366700624, -33.897572827888546 ], [ 151.18390740000001, -33.8975546 ], [ 151.184002919486375, -33.897578435861526 ], [ 151.1839947, -33.8975432 ], [ 151.1840407, -33.8975358 ], [ 151.184139384999298, -33.897560425668068 ], [ 151.1841246, -33.8974904 ], [ 151.184190699999988, -33.8974808 ], [ 151.184360686337186, -33.897523217809642 ], [ 151.184446811768595, -33.897483781077995 ], [ 151.184345900000011, -33.8974586 ], [ 151.1843359, -33.89743 ], [ 151.1843936, -33.8974224 ], [ 151.184387500000014, -33.8973863 ], [ 151.18459608107699, -33.89737345430234 ], [ 151.184044295210356, -33.897217202423306 ], [ 151.184071571397681, -33.897123241939667 ], [ 151.184220015760133, -33.897150828965067 ], [ 151.184240733476599, -33.897122254799484 ], [ 151.184024908566556, -33.897063834080321 ], [ 151.184040183846207, -33.897005230645163 ], [ 151.184367138776793, -33.897079047941155 ], [ 151.184397721164828, -33.897054572234367 ], [ 151.184017956012127, -33.896937354827109 ], [ 151.183995217654598, -33.896907861250362 ], [ 151.184019192189282, -33.896879056465743 ], [ 151.185191895010348, -33.897164753359945 ], [ 151.183996950425382, -33.896849899835189 ], [ 151.183964467103891, -33.896807766148285 ], [ 151.183982167396465, -33.896768422607252 ], [ 151.183933128008761, -33.896777647509204 ], [ 151.183006199035134, -33.896546336234017 ], [ 151.182888165715553, -33.896495352870708 ], [ 151.182844541176337, -33.896529312098949 ], [ 151.182667682113362, -33.896486302445119 ], [ 151.1826704433457, -33.896518241398354 ], [ 151.182630022191063, -33.896539911159664 ], [ 151.181847780256817, -33.896347039139904 ], [ 151.182263774309405, -33.896469328673859 ], [ 151.181861258636161, -33.896377098059496 ], [ 151.181874239816153, -33.896406048125577 ], [ 151.181958711387608, -33.896430659683311 ], [ 151.18188367513315, -33.896427090348887 ], [ 151.181907890444876, -33.896481094209364 ], [ 151.182056052343825, -33.896528277788221 ], [ 151.181925404429933, -33.896520153040001 ], [ 151.182085299555524, -33.896562338343799 ], [ 151.182119152717547, -33.896635599868766 ], [ 151.181887763452664, -33.896592046217997 ], [ 151.181880165719548, -33.896626804414225 ], [ 151.18198889308141, -33.896681160711942 ], [ 151.181961492919413, -33.896714079991014 ], [ 151.181881183201881, -33.8967018084982 ], [ 151.181892730551311, -33.896734895149436 ], [ 151.181505370451362, -33.896648225341814 ], [ 151.181518054396946, -33.896679212690366 ], [ 151.181797295477452, -33.896758103607873 ], [ 151.181507692955336, -33.896685970635588 ], [ 151.181432291378229, -33.896706723709272 ], [ 151.181258709582607, -33.896663403840193 ], [ 151.181232824036186, -33.896676416422416 ], [ 151.181443333435851, -33.896728952118174 ], [ 151.181457334140788, -33.896758613162234 ], [ 151.181203614219669, -33.896715845583621 ], [ 151.181272404377751, -33.896761019782829 ], [ 151.181192933223144, -33.896767684766651 ], [ 151.181312127492532, -33.89681313169671 ], [ 151.181150715912253, -33.896785180126493 ], [ 151.181146261470957, -33.896815145777289 ] ], [ [ 151.185002825080062, -33.90318562032553 ], [ 151.185060857928534, -33.903212028415631 ], [ 151.185063594107305, -33.903200783136256 ], [ 151.185002825080062, -33.90318562032553 ] ], [ [ 151.184085243939165, -33.899107923386424 ], [ 151.183763616855686, -33.899046353391022 ], [ 151.183766470599664, -33.899071651534555 ], [ 151.184091430676318, -33.899152740631656 ], [ 151.184056680925778, -33.899168332864626 ], [ 151.184195226623672, -33.899205757183509 ], [ 151.184175300553022, -33.899243947307305 ], [ 151.184062268670317, -33.899216445789065 ], [ 151.184066457668052, -33.899252514863264 ], [ 151.184192918954466, -33.899295715175228 ], [ 151.184295535338549, -33.899303749120953 ], [ 151.184343629682559, -33.899269320606379 ], [ 151.184444831695714, -33.899287873208415 ], [ 151.184334369204265, -33.899260309383635 ], [ 151.184341126226713, -33.899234386579046 ], [ 151.184903486330001, -33.899374289462287 ], [ 151.185037410947217, -33.899441171886473 ], [ 151.185118966783705, -33.899429677739569 ], [ 151.184287010530426, -33.899170286989339 ], [ 151.184320015167259, -33.899143721555831 ], [ 151.184793987449979, -33.89926114727664 ], [ 151.184765243558047, -33.899213678876478 ], [ 151.18456457863735, -33.899163607187567 ], [ 151.184506892075831, -33.89918526169162 ], [ 151.183741932567159, -33.898994378366503 ], [ 151.183761447770991, -33.899027124673147 ], [ 151.184085243939165, -33.899107923386424 ] ], [ [ 151.184730337723664, -33.900805774892234 ], [ 151.185061298916452, -33.900888357192784 ], [ 151.185075206633883, -33.900838089147463 ], [ 151.184745846139975, -33.900755906258517 ], [ 151.184730337723664, -33.900805774892234 ] ], [ [ 151.184727640287548, -33.900814445518812 ], [ 151.184702130779527, -33.900896457832609 ], [ 151.185053528624877, -33.900993730667295 ], [ 151.185058880724597, -33.9008970974973 ], [ 151.184727640287548, -33.900814445518812 ] ], [ [ 151.185114967341349, -33.897188983818964 ], [ 151.185100337337985, -33.897218080100856 ], [ 151.185135045824865, -33.897193994000013 ], [ 151.185114967341349, -33.897188983818964 ] ], [ [ 151.184879339383343, -33.88522380895018 ], [ 151.1850126, -33.885207 ], [ 151.185094385476106, -33.885227410452991 ], [ 151.185375577676467, -33.885163102562949 ], [ 151.184851095447414, -33.885046333411559 ], [ 151.184876921242108, -33.885146805531626 ], [ 151.184758144858478, -33.885193563287096 ], [ 151.184879339383343, -33.88522380895018 ] ], [ [ 151.184961934399496, -33.903222468878184 ], [ 151.184971498238468, -33.903199554268475 ], [ 151.184690415558521, -33.903154720233807 ], [ 151.184961934399496, -33.903222468878184 ] ], [ [ 151.184996262515057, -33.899328879780995 ], [ 151.184954225121345, -33.89931839036791 ], [ 151.184894377289567, -33.899288113008197 ], [ 151.184907016793431, -33.899313985754198 ], [ 151.184996262515057, -33.899328879780995 ] ], [ [ 151.185012730689323, -33.891647300078887 ], [ 151.185023813034633, -33.891683195908769 ], [ 151.185138146431029, -33.891711727142031 ], [ 151.18512481033693, -33.891675268924644 ], [ 151.185012730689323, -33.891647300078887 ] ], [ [ 151.184761639028551, -33.896289112537026 ], [ 151.185023785529751, -33.896344175983728 ], [ 151.184993464341289, -33.896291641841856 ], [ 151.184081798461563, -33.896074431951313 ], [ 151.184743977215675, -33.896256817896976 ], [ 151.184761639028551, -33.896289112537026 ] ], [ [ 151.184844826578399, -33.892614110746571 ], [ 151.185024657553754, -33.892565764270586 ], [ 151.1850066, -33.8925176 ], [ 151.185060066407516, -33.892503840273683 ], [ 151.184991184265641, -33.892486651241938 ], [ 151.184823370115311, -33.892532207240052 ], [ 151.184755056314685, -33.892515159895666 ], [ 151.184768970132922, -33.892550407494575 ], [ 151.184683056593713, -33.892573741902858 ], [ 151.184844826578399, -33.892614110746571 ] ], [ [ 151.183099808600048, -33.898826216436802 ], [ 151.183205709489442, -33.898930015968809 ], [ 151.183187363999821, -33.898942918074525 ], [ 151.183351896581797, -33.899029961281322 ], [ 151.1833509, -33.8988938 ], [ 151.1833838, -33.8988716 ], [ 151.183555462990284, -33.89891443681492 ], [ 151.183589149452871, -33.898871711717959 ], [ 151.184785825248923, -33.899181439776676 ], [ 151.184898268780898, -33.899186303356821 ], [ 151.184401058919406, -33.899051616413665 ], [ 151.184364965282953, -33.899014388743666 ], [ 151.184128057048724, -33.898972534998435 ], [ 151.184067536174126, -33.898989340923976 ], [ 151.18295243987103, -33.898683340664689 ], [ 151.182988007672947, -33.898718416931224 ], [ 151.182903762167712, -33.898777294116016 ], [ 151.183099808600048, -33.898826216436802 ] ], [ [ 151.185171201424765, -33.88048552572824 ], [ 151.185112181831926, -33.880456241723579 ], [ 151.185103192319502, -33.880468552551207 ], [ 151.185171201424765, -33.88048552572824 ] ], [ [ 151.184578231526217, -33.899748481682138 ], [ 151.184745495957458, -33.899784978160469 ], [ 151.184303348737814, -33.899674649725952 ], [ 151.184289361216116, -33.899697930751422 ], [ 151.184559686228397, -33.899769748433442 ], [ 151.184578231526217, -33.899748481682138 ] ], [ [ 151.184817413741541, -33.895624427819996 ], [ 151.184234456237107, -33.895513466101434 ], [ 151.184816315111874, -33.895658662718148 ], [ 151.184817413741541, -33.895624427819996 ] ], [ [ 151.18464887686244, -33.899912208034969 ], [ 151.184711262758867, -33.899921221641328 ], [ 151.183988416870363, -33.899747403256157 ], [ 151.18464887686244, -33.899912208034969 ] ], [ [ 151.183248405264436, -33.879335270421464 ], [ 151.183125287203467, -33.879305512416167 ], [ 151.183086979355892, -33.87933971263579 ], [ 151.182811277336214, -33.879270898940185 ], [ 151.183453132082946, -33.879433416662756 ], [ 151.1834402, -33.8794165 ], [ 151.1835709, -33.8793477 ], [ 151.184447965713645, -33.879541474129979 ], [ 151.18407754967177, -33.879446869563651 ], [ 151.184063550592413, -33.879417208801328 ], [ 151.184394402000606, -33.879479231828242 ], [ 151.184122468598105, -33.879400926721949 ], [ 151.184391691998258, -33.879460541869591 ], [ 151.18416209439755, -33.879380975420702 ], [ 151.184177468365078, -33.879362499786104 ], [ 151.184303280251925, -33.879393478035212 ], [ 151.184236566562362, -33.879330781890076 ], [ 151.184350017927869, -33.879301200099682 ], [ 151.18490411649293, -33.879437802755724 ], [ 151.185135363410097, -33.879320718310225 ], [ 151.183764955522804, -33.878978689758675 ], [ 151.183688619414511, -33.878995883266249 ], [ 151.182782388870464, -33.878769694472346 ], [ 151.18322346097753, -33.878900445947025 ], [ 151.183245858914802, -33.878947903302922 ], [ 151.183188960631639, -33.878966584830643 ], [ 151.182103311109614, -33.878678725868667 ], [ 151.182525317606718, -33.878748233004941 ], [ 151.181936491268402, -33.878601583612415 ], [ 151.182076651191892, -33.878674938072599 ], [ 151.181664823268477, -33.87859463467678 ], [ 151.182098627679778, -33.878702914671521 ], [ 151.182108210990037, -33.878747177694002 ], [ 151.181605525392342, -33.878635896135243 ], [ 151.181816679125831, -33.878709320743596 ], [ 151.181894136168751, -33.878783981805512 ], [ 151.181858574647862, -33.878795657369643 ], [ 151.181476840843885, -33.878700373861363 ], [ 151.181785438678645, -33.878804953343376 ], [ 151.18179943686701, -33.87883461433826 ], [ 151.181763875313152, -33.878846289873835 ], [ 151.181397794622001, -33.878754913262739 ], [ 151.181378545537342, -33.878765778703944 ], [ 151.181450697963697, -33.878804724158499 ], [ 151.181331405575179, -33.878783054243819 ], [ 151.181435086726594, -33.878808934054689 ], [ 151.181477390744448, -33.878861869679078 ], [ 151.181279845635714, -33.878823597509033 ], [ 151.181534337320869, -33.878887120985155 ], [ 151.181539128836135, -33.878909252513346 ], [ 151.181228010796616, -33.878843035314787 ], [ 151.181477042585158, -33.878910011089332 ], [ 151.181548206214075, -33.878945430937655 ], [ 151.181544227304926, -33.878979073055334 ], [ 151.181848046315139, -33.879054908186106 ], [ 151.181888266027727, -33.879089662924507 ], [ 151.181884280337101, -33.879141517280651 ], [ 151.182014235751836, -33.879173954629984 ], [ 151.181918348405532, -33.879149821119483 ], [ 151.181904350128974, -33.879120160136495 ], [ 151.181971094923171, -33.879077381275437 ], [ 151.182098596184858, -33.879108361499185 ], [ 151.182186707852424, -33.879098094500463 ], [ 151.182475684446871, -33.879170223161623 ], [ 151.182436961416983, -33.879126263245908 ], [ 151.182101726165769, -33.87904258818179 ], [ 151.182090527504812, -33.879018859410593 ], [ 151.182400239537401, -33.879079722436416 ], [ 151.182302485848766, -33.879046368211007 ], [ 151.182303567431489, -33.878995374243857 ], [ 151.182468371213616, -33.879011275848207 ], [ 151.18224203354626, -33.878940824853437 ], [ 151.182275237271881, -33.878923434322616 ], [ 151.182579942664034, -33.878959231274173 ], [ 151.182171656305599, -33.878820929244085 ], [ 151.182139186984443, -33.878742071339481 ], [ 151.182166684573218, -33.878719933691762 ], [ 151.183385343557688, -33.879015992725229 ], [ 151.183766082948921, -33.879133526388586 ], [ 151.183753327669621, -33.879182473531976 ], [ 151.183714836221384, -33.879195111654539 ], [ 151.183406955688184, -33.879119675399856 ], [ 151.183303089981365, -33.879126275263566 ], [ 151.183341291745023, -33.879185207146413 ], [ 151.183697420008968, -33.879274093058264 ], [ 151.183708619151929, -33.879297821698103 ], [ 151.183296017683716, -33.87921128208302 ], [ 151.183214706150153, -33.879256890911854 ], [ 151.183483767500377, -33.879334512931607 ], [ 151.183190603925709, -33.87926956266498 ], [ 151.183137228666396, -33.879299149176681 ], [ 151.183248405264436, -33.879335270421464 ] ], [ [ 151.184833547629779, -33.892755095885057 ], [ 151.184801476596959, -33.892668698924247 ], [ 151.184605116410324, -33.89261969819831 ], [ 151.184625389312174, -33.89270315108616 ], [ 151.184833547629779, -33.892755095885057 ] ], [ [ 151.184434254100665, -33.893641775214533 ], [ 151.184758601737855, -33.893709201454996 ], [ 151.184431113075505, -33.893627478794322 ], [ 151.184434254100665, -33.893641775214533 ] ], [ [ 151.184480133000335, -33.87733774779737 ], [ 151.184136190419082, -33.87727625305633 ], [ 151.184165605346948, -33.877339538328492 ], [ 151.184342578865625, -33.877391695785434 ], [ 151.184343752121492, -33.877477253345127 ], [ 151.184452924443633, -33.877504501253696 ], [ 151.184499125244315, -33.87756620092982 ], [ 151.184453525357327, -33.877589801276471 ], [ 151.184403071602304, -33.877577208739069 ], [ 151.18439317835967, -33.877611009195526 ], [ 151.184500490678232, -33.877637792790473 ], [ 151.18454331572093, -33.877596970375841 ], [ 151.18499205202906, -33.877686184300224 ], [ 151.185002789480052, -33.877661842958993 ], [ 151.1846209, -33.8775518 ], [ 151.184480133000335, -33.87733774779737 ] ], [ [ 151.184533025353261, -33.898533411642667 ], [ 151.184155778471364, -33.898447417840281 ], [ 151.184052123754952, -33.898461827419645 ], [ 151.183948522524133, -33.898436819598857 ], [ 151.183970632264192, -33.898509324077047 ], [ 151.184214788781958, -33.898583860912204 ], [ 151.184192785821466, -33.898601571189005 ], [ 151.183961817566939, -33.898548810939907 ], [ 151.18395541974354, -33.898573355504766 ], [ 151.184219991604294, -33.898649583886233 ], [ 151.183937360480371, -33.898596880217866 ], [ 151.183909869328716, -33.898640176368708 ], [ 151.184207005704394, -33.898727193684046 ], [ 151.184297007334266, -33.898703105675665 ], [ 151.184266540233608, -33.89867709717997 ], [ 151.184370383919031, -33.898702728133124 ], [ 151.184228230646113, -33.898647028061269 ], [ 151.184258985856985, -33.89861007710919 ], [ 151.184381435542718, -33.898624303845494 ], [ 151.184213244348712, -33.898576629478143 ], [ 151.184232716373288, -33.898476768196126 ], [ 151.184533025353261, -33.898533411642667 ] ], [ [ 151.1845269, -33.8984916 ], [ 151.184499059349406, -33.898423100686678 ], [ 151.183859877175649, -33.898271875303337 ], [ 151.184244451502337, -33.89837574920832 ], [ 151.184394651025798, -33.898461507930648 ], [ 151.1845269, -33.8984916 ] ], [ [ 151.184906210870736, -33.879761075481888 ], [ 151.184573324501628, -33.879677994513131 ], [ 151.184588848310767, -33.879698300943389 ], [ 151.184542430798246, -33.879722735396548 ], [ 151.184643634703832, -33.879700127410381 ], [ 151.184906210870736, -33.879761075481888 ] ], [ [ 151.184044833026434, -33.880683360686938 ], [ 151.184798486502842, -33.880895903568074 ], [ 151.184864956028377, -33.880871528720206 ], [ 151.184044833026434, -33.880683360686938 ] ], [ [ 151.184752244586207, -33.88544101968764 ], [ 151.184177276506631, -33.885289570820305 ], [ 151.184151293067686, -33.885255863962016 ], [ 151.184195291877614, -33.885220443121682 ], [ 151.184735373824537, -33.885354103174514 ], [ 151.184334055094581, -33.885228530220523 ], [ 151.184727074995408, -33.885308791559474 ], [ 151.184716024832056, -33.885248457590734 ], [ 151.184609071571771, -33.88522176587896 ], [ 151.184489921155404, -33.885244307335633 ], [ 151.184048605681681, -33.885134169176922 ], [ 151.184101741104058, -33.885278676114396 ], [ 151.184752244586207, -33.88544101968764 ] ], [ [ 151.183816658774504, -33.895746170020558 ], [ 151.183947175091731, -33.895741881564504 ], [ 151.184521500588716, -33.895877915760593 ], [ 151.183872439366667, -33.89571594798241 ], [ 151.183816658774504, -33.895746170020558 ] ], [ [ 151.184455765514684, -33.898325552294331 ], [ 151.184450687553351, -33.898325866380667 ], [ 151.184455963304515, -33.89832718285426 ], [ 151.184455765514684, -33.898325552294331 ] ], [ [ 151.184434330924148, -33.898138223440007 ], [ 151.184294518432978, -33.898103335437973 ], [ 151.184286518360693, -33.898112729800999 ], [ 151.184438003505079, -33.898168252191226 ], [ 151.184434330924148, -33.898138223440007 ] ], [ [ 151.184821026369804, -33.876871342238175 ], [ 151.184777685381221, -33.876895282352528 ], [ 151.184855047394592, -33.876914590674758 ], [ 151.184821026369804, -33.876871342238175 ] ], [ [ 151.184380712581344, -33.898964501020735 ], [ 151.184261489071957, -33.898929616367703 ], [ 151.184257752036814, -33.89887819955792 ], [ 151.18422075384737, -33.898900283552351 ], [ 151.183815634253818, -33.898799895588581 ], [ 151.183816483896919, -33.898826972758954 ], [ 151.184380712581344, -33.898964501020735 ] ], [ [ 151.184400648625655, -33.897963618084468 ], [ 151.184362089267012, -33.897953996194623 ], [ 151.184401709538008, -33.897973411124525 ], [ 151.184400648625655, -33.897963618084468 ] ], [ [ 151.184492626835691, -33.888555557203759 ], [ 151.184451300000035, -33.888509799999973 ], [ 151.184501700210177, -33.88842859969408 ], [ 151.184168601680057, -33.888345471901239 ], [ 151.184355496978498, -33.888521335350873 ], [ 151.184492626835691, -33.888555557203759 ] ], [ [ 151.184534438614747, -33.877686365263003 ], [ 151.184691711340264, -33.877714471824262 ], [ 151.184533196788266, -33.877668068556126 ], [ 151.184534438614747, -33.877686365263003 ] ], [ [ 151.184661157575817, -33.876596816380328 ], [ 151.184670356160922, -33.876602280975277 ], [ 151.18467418585692, -33.876600068058359 ], [ 151.184661157575817, -33.876596816380328 ] ], [ [ 151.18452256873573, -33.876342671989228 ], [ 151.184505084427798, -33.876360010819411 ], [ 151.184678077400974, -33.87640318767442 ], [ 151.184655489544497, -33.876375847350047 ], [ 151.18452256873573, -33.876342671989228 ] ], [ [ 151.184046062031143, -33.899873912256119 ], [ 151.184115033150363, -33.899897325692208 ], [ 151.184117018797451, -33.899891618258543 ], [ 151.184046062031143, -33.899873912256119 ] ], [ [ 151.184709851766144, -33.871884818199732 ], [ 151.184645693115641, -33.871854581643802 ], [ 151.184633072770993, -33.871865654312487 ], [ 151.184709851766144, -33.871884818199732 ] ], [ [ 151.18404139197645, -33.899888293560828 ], [ 151.184111041815839, -33.899908798159778 ], [ 151.18411204208499, -33.899905923042688 ], [ 151.18404139197645, -33.899888293560828 ] ], [ [ 151.184590477366555, -33.87558705004858 ], [ 151.184613462285796, -33.875573073646009 ], [ 151.184538754058821, -33.875574140448769 ], [ 151.184590477366555, -33.87558705004858 ] ], [ [ 151.18365351425004, -33.899519614019667 ], [ 151.183638004482816, -33.899564764758757 ], [ 151.184051487998431, -33.899669723692689 ], [ 151.183997910308904, -33.899651523997605 ], [ 151.184003272766887, -33.899629743928458 ], [ 151.18365351425004, -33.899519614019667 ] ], [ [ 151.1842798061069, -33.879736438640826 ], [ 151.184259885012381, -33.879774629042899 ], [ 151.184128684168627, -33.879742587368916 ], [ 151.184137969449665, -33.879787323314495 ], [ 151.184330078712605, -33.879835270291117 ], [ 151.184392930153678, -33.879806805255527 ], [ 151.184464884831755, -33.879815599579985 ], [ 151.184465399940422, -33.879763284824868 ], [ 151.18409200476259, -33.879675719135363 ], [ 151.1842798061069, -33.879736438640826 ] ], [ [ 151.184523644458437, -33.872444811088265 ], [ 151.184572920317038, -33.872419401250923 ], [ 151.184406788329909, -33.872377934984748 ], [ 151.184388994457152, -33.872411202643164 ], [ 151.184523644458437, -33.872444811088265 ] ], [ [ 151.183318461364593, -33.883890954644748 ], [ 151.183442619975523, -33.883945761500172 ], [ 151.18341864907805, -33.883974566342452 ], [ 151.183274147490636, -33.883972913915443 ], [ 151.183287829567888, -33.88400849112076 ], [ 151.183405893561115, -33.884040809924919 ], [ 151.183405217853675, -33.884072681147828 ], [ 151.18323897802648, -33.884043017464379 ], [ 151.183167464432273, -33.884087398135193 ], [ 151.18324408022184, -33.88412417392454 ], [ 151.183213583924982, -33.884182632888916 ], [ 151.182952381691877, -33.884127154946626 ], [ 151.182807183405998, -33.884187975699469 ], [ 151.182886775937618, -33.884286688222737 ], [ 151.182762818369014, -33.884362412714218 ], [ 151.182841469436113, -33.884424069062248 ], [ 151.182922218556428, -33.884444222593352 ], [ 151.18297271937422, -33.884512022264175 ], [ 151.182877219656689, -33.884567722941327 ], [ 151.182798153198519, -33.884554851576667 ], [ 151.183719803484877, -33.884784875319582 ], [ 151.182954515305852, -33.88458800616111 ], [ 151.182934916091426, -33.884546480926979 ], [ 151.183089782252608, -33.884446473413952 ], [ 151.183193169478983, -33.884460620968902 ], [ 151.183244138668528, -33.884392461405099 ], [ 151.183345553042841, -33.88439411964184 ], [ 151.183371401921107, -33.884364360409762 ], [ 151.18366779424062, -33.88443762923098 ], [ 151.183714357773056, -33.884417755362392 ], [ 151.1836572806329, -33.88440065782379 ], [ 151.183666826174118, -33.884364030592941 ], [ 151.183806481629091, -33.884391195590425 ], [ 151.183746067790338, -33.884357711888597 ], [ 151.184219253305997, -33.884467485488081 ], [ 151.183554923669675, -33.884296010000959 ], [ 151.18382269876966, -33.884350958124585 ], [ 151.183849176180644, -33.884308464401798 ], [ 151.184161433118817, -33.884385550613835 ], [ 151.183764467661973, -33.884271070594586 ], [ 151.183747668048369, -33.884235477636651 ], [ 151.183790344346306, -33.884221466394337 ], [ 151.184170812869752, -33.884316420969334 ], [ 151.184061623262181, -33.884264026617068 ], [ 151.184320790611395, -33.884284303737623 ], [ 151.183737718983281, -33.884130979763704 ], [ 151.183736907210488, -33.884090246566295 ], [ 151.183681661574724, -33.884050291765739 ], [ 151.183717225087264, -33.88403861574804 ], [ 151.184098132889147, -33.884133680377182 ], [ 151.183831666105363, -33.884059955534497 ], [ 151.183817666433839, -33.884030294743425 ], [ 151.184291070363798, -33.884118460762643 ], [ 151.184302548772848, -33.88408667006015 ], [ 151.183537315712243, -33.883887506667143 ], [ 151.183490974654831, -33.883914085454904 ], [ 151.183318461364593, -33.883890954644748 ] ], [ [ 151.183984234143963, -33.899526968667459 ], [ 151.18365412167401, -33.899427503692486 ], [ 151.183638151939988, -33.899456951566485 ], [ 151.183984234143963, -33.899526968667459 ] ], [ [ 151.184082547010973, -33.894315668233261 ], [ 151.184054381013567, -33.894308639507017 ], [ 151.184066738617616, -33.894318322621743 ], [ 151.184082547010973, -33.894315668233261 ] ], [ [ 151.184240004833782, -33.886185426307918 ], [ 151.1839952, -33.8861112 ], [ 151.183982511078653, -33.886074870736628 ], [ 151.183820121331848, -33.88603434330247 ], [ 151.183817775454656, -33.886086363675474 ], [ 151.184240004833782, -33.886185426307918 ] ], [ [ 151.183634957391888, -33.892880730175143 ], [ 151.183797985398513, -33.892915122648937 ], [ 151.183832099999989, -33.892891299999981 ], [ 151.183955662892714, -33.892922135319466 ], [ 151.184007799999989, -33.8928641 ], [ 151.184068364827823, -33.892848778117219 ], [ 151.183581529496422, -33.892727287130434 ], [ 151.183634957391888, -33.892880730175143 ] ], [ [ 151.182736381402862, -33.895670291462409 ], [ 151.183843618109762, -33.895957072172905 ], [ 151.183884273207212, -33.895933808593107 ], [ 151.183834170985762, -33.89590718268115 ], [ 151.183844377527492, -33.895868025125161 ], [ 151.183931427158768, -33.895867571428028 ], [ 151.183786953064157, -33.895819782321894 ], [ 151.183671071897265, -33.895844379688768 ], [ 151.183509635963674, -33.895804938332489 ], [ 151.183670473793228, -33.895870424286954 ], [ 151.183499393847001, -33.89583942441503 ], [ 151.183750793088251, -33.895911363189363 ], [ 151.182698890349371, -33.895645045404976 ], [ 151.182922251896116, -33.895707764742532 ], [ 151.182736381402862, -33.895670291462409 ] ], [ [ 151.184005615790909, -33.885461971051917 ], [ 151.184130073284848, -33.885480598657281 ], [ 151.184000697852866, -33.88544831056435 ], [ 151.184005615790909, -33.885461971051917 ] ], [ [ 151.183786065012299, -33.899994254850256 ], [ 151.18380331767861, -33.899998559985939 ], [ 151.183804446587459, -33.899994721700715 ], [ 151.183786065012299, -33.899994254850256 ] ], [ [ 151.183729883056628, -33.901360721432781 ], [ 151.183723867889313, -33.901356647262631 ], [ 151.183699272830353, -33.901353083208797 ], [ 151.183729883056628, -33.901360721432781 ] ], [ [ 151.183707741716944, -33.901266940315736 ], [ 151.183724950387443, -33.901272019835382 ], [ 151.183725232354249, -33.901270983607041 ], [ 151.183707741716944, -33.901266940315736 ] ], [ [ 151.18376942927469, -33.89577175902226 ], [ 151.183808174520578, -33.895792429443645 ], [ 151.183812223898684, -33.895782438217324 ], [ 151.18376942927469, -33.89577175902226 ] ], [ [ 151.1841529644785, -33.877915367902482 ], [ 151.184092819668706, -33.87783695457631 ], [ 151.184039577681801, -33.877823665998733 ], [ 151.184114169091742, -33.877916884588153 ], [ 151.1841529644785, -33.877915367902482 ] ], [ [ 151.183591111766219, -33.901740176467719 ], [ 151.183163533267589, -33.9016412851959 ], [ 151.18315515515522, -33.901670611705185 ], [ 151.183334483547441, -33.901715360429201 ], [ 151.183390282186139, -33.901778854621575 ], [ 151.183528723362656, -33.901819105275024 ], [ 151.183556135962505, -33.901871571976457 ], [ 151.183591111766219, -33.901740176467719 ] ], [ [ 151.183589159290136, -33.899393172920959 ], [ 151.183569510619009, -33.899403305958842 ], [ 151.183593352193725, -33.899409255335264 ], [ 151.183589159290136, -33.899393172920959 ] ], [ [ 151.183526523552757, -33.895390273348028 ], [ 151.183549764024576, -33.895326054626295 ], [ 151.183678188137662, -33.895340143239366 ], [ 151.183487269749378, -33.895287365366073 ], [ 151.183438650267135, -33.895217534462176 ], [ 151.183432607820009, -33.895096958249987 ], [ 151.183359190136457, -33.895000149522829 ], [ 151.183393438957637, -33.894958999978662 ], [ 151.183453633793903, -33.894964308477405 ], [ 151.183465640883611, -33.894933781648767 ], [ 151.183308442575878, -33.894890420465813 ], [ 151.18328268301039, -33.894916514818838 ], [ 151.183223874794265, -33.894901839098736 ], [ 151.183208512047713, -33.894918383752383 ], [ 151.183255883181147, -33.894949914949073 ], [ 151.183190083499539, -33.895016715265818 ], [ 151.183120473296412, -33.894999343843132 ], [ 151.183087483423151, -33.895034515742637 ], [ 151.183047011630379, -33.895024415863169 ], [ 151.183160270355273, -33.895127296375499 ], [ 151.183132767544265, -33.895149434024539 ], [ 151.183073953200989, -33.895135460467017 ], [ 151.183039084252755, -33.895173415993391 ], [ 151.182470181938953, -33.895031442934055 ], [ 151.182415621690808, -33.895090373465855 ], [ 151.182499983543181, -33.895111426705107 ], [ 151.182526967775118, -33.89508600027979 ], [ 151.183083114268584, -33.895224789723194 ], [ 151.183074104899077, -33.895259353389029 ], [ 151.182811513504589, -33.895194385605329 ], [ 151.183526523552757, -33.895390273348028 ] ], [ [ 151.183718552727328, -33.892948310326346 ], [ 151.183535926236715, -33.892909819859966 ], [ 151.183721389256249, -33.892956102879012 ], [ 151.183718552727328, -33.892948310326346 ] ], [ [ 151.183507860627657, -33.897858428739717 ], [ 151.183464328233924, -33.897781768401543 ], [ 151.183131930311305, -33.897698820285036 ], [ 151.183064699152709, -33.897732529529542 ], [ 151.182755522087433, -33.89765734541448 ], [ 151.182719014528914, -33.897697562925217 ], [ 151.182318618808665, -33.897631516492702 ], [ 151.182276529289197, -33.897675787303669 ], [ 151.182143483385687, -33.8976437110828 ], [ 151.182332158044147, -33.897832505484168 ], [ 151.182666940365038, -33.897916050866804 ], [ 151.182671610450285, -33.897951026972123 ], [ 151.1828150345398, -33.897990221091426 ], [ 151.182743983222963, -33.897986829571195 ], [ 151.183381248787498, -33.898128944855159 ], [ 151.182967136920666, -33.898021160164191 ], [ 151.182947534932481, -33.8979796349171 ], [ 151.183046882478635, -33.897957379563074 ], [ 151.183271753214541, -33.898012931996433 ], [ 151.183121529665812, -33.897952853780154 ], [ 151.183285177308051, -33.897981360115011 ], [ 151.18330646670185, -33.897971363075627 ], [ 151.183237092429522, -33.897954051121502 ], [ 151.183223090922439, -33.897924390258673 ], [ 151.183318842023709, -33.897906566102407 ], [ 151.183603680604762, -33.897977223243252 ], [ 151.183476493218876, -33.897926493197325 ], [ 151.183466885777676, -33.897882129932462 ], [ 151.183507860627657, -33.897858428739717 ] ], [ [ 151.183218359990946, -33.899673112743628 ], [ 151.183496129108249, -33.899744010146918 ], [ 151.183529035800717, -33.899707523474532 ], [ 151.183468020723211, -33.899687064532287 ], [ 151.18353164150912, -33.899698829966113 ], [ 151.183546231264216, -33.8996501536623 ], [ 151.183316905494593, -33.899592928013043 ], [ 151.18329125754596, -33.899673107532777 ], [ 151.183218359990946, -33.899673112743628 ] ], [ [ 151.183516458509274, -33.901003815346847 ], [ 151.182741840711486, -33.900803055396587 ], [ 151.183362694136179, -33.900972327345585 ], [ 151.183382184833278, -33.900997607662944 ], [ 151.183349179175309, -33.901024172804433 ], [ 151.182616952021988, -33.900831460874301 ], [ 151.182691374821559, -33.900905714986905 ], [ 151.182704375383821, -33.900976260922782 ], [ 151.183448768919476, -33.90115560481636 ], [ 151.183353081275811, -33.901110793910988 ], [ 151.183477311943619, -33.90112535235891 ], [ 151.183456504508513, -33.901091435575715 ], [ 151.183487098710458, -33.901094959524151 ], [ 151.183516458509274, -33.901003815346847 ] ], [ [ 151.183512788632584, -33.899431865496403 ], [ 151.183524488120952, -33.899429446047954 ], [ 151.183493667467673, -33.899421755108719 ], [ 151.183512788632584, -33.899431865496403 ] ], [ [ 151.183503340131836, -33.899792528225959 ], [ 151.183501889326408, -33.899798093008414 ], [ 151.183503542154568, -33.89979257863822 ], [ 151.183503340131836, -33.899792528225959 ] ], [ [ 151.183681335193057, -33.886100629329128 ], [ 151.183701349918664, -33.886098536678432 ], [ 151.183672208679184, -33.886091263878349 ], [ 151.183681335193057, -33.886100629329128 ] ], [ [ 151.18357856756856, -33.885534394303207 ], [ 151.183447031137462, -33.885559319294387 ], [ 151.183327247139005, -33.885529424231017 ], [ 151.183361376628483, -33.885594131065218 ], [ 151.183532109246926, -33.885636741497699 ], [ 151.183681985893912, -33.885560204684296 ], [ 151.18357856756856, -33.885534394303207 ] ], [ [ 151.183277905252737, -33.895899993857711 ], [ 151.182997550244011, -33.89583003103958 ], [ 151.18327994929038, -33.895906253728711 ], [ 151.183277905252737, -33.895899993857711 ] ], [ [ 151.183312128031872, -33.885907562347406 ], [ 151.18344976674274, -33.885943592452563 ], [ 151.18345405149924, -33.885942982731606 ], [ 151.183312128031872, -33.885907562347406 ] ], [ [ 151.183349435158306, -33.885690645357862 ], [ 151.183386662573383, -33.88571101576526 ], [ 151.183401236183983, -33.88570357357208 ], [ 151.183349435158306, -33.885690645357862 ] ], [ [ 151.183001114265494, -33.899949015904348 ], [ 151.183043744052327, -33.899959653803364 ], [ 151.183000034049115, -33.89994751234935 ], [ 151.183001114265494, -33.899949015904348 ] ], [ [ 151.182974644451974, -33.872561617903841 ], [ 151.182700793168863, -33.872476503700256 ], [ 151.182717558894552, -33.872442248499624 ], [ 151.182568602883634, -33.872405066904172 ], [ 151.182712013770612, -33.872566833523351 ], [ 151.182958367234676, -33.872628326418109 ], [ 151.183026018840593, -33.872709871037451 ], [ 151.183412861281056, -33.872776885629008 ], [ 151.18340409946083, -33.872733445014298 ], [ 151.1830081, -33.8726346 ], [ 151.182974644451974, -33.872561617903841 ] ], [ [ 151.183215080882093, -33.873417115669312 ], [ 151.183226663825025, -33.873462913994835 ], [ 151.183352280737353, -33.873494268756339 ], [ 151.183388393955227, -33.873456059022658 ], [ 151.183215080882093, -33.873417115669312 ] ], [ [ 151.182819572432805, -33.895261845146962 ], [ 151.18283876038987, -33.895274170844992 ], [ 151.182852186177001, -33.89526998406977 ], [ 151.182819572432805, -33.895261845146962 ] ], [ [ 151.18309892621491, -33.877840805687413 ], [ 151.18308412180761, -33.87782338318646 ], [ 151.183067198294879, -33.877832886494012 ], [ 151.18309892621491, -33.877840805687413 ] ], [ [ 151.18240759999054, -33.893220043271249 ], [ 151.182379517629983, -33.893256781422181 ], [ 151.182682547656725, -33.893332406411488 ], [ 151.182662388738947, -33.893283629055937 ], [ 151.18240759999054, -33.893220043271249 ] ], [ [ 151.183092075788863, -33.873376557489209 ], [ 151.182793887970263, -33.873300234394449 ], [ 151.183095990421293, -33.873381684754328 ], [ 151.183092075788863, -33.873376557489209 ] ], [ [ 151.18230800127111, -33.898811762878978 ], [ 151.182252769936127, -33.898736051305072 ], [ 151.182414678497935, -33.898764629353082 ], [ 151.182512106131327, -33.89869193830517 ], [ 151.182316, -33.898643 ], [ 151.182271807807211, -33.898599417960163 ], [ 151.182102890090505, -33.898774067235287 ], [ 151.182230559846118, -33.898820772942805 ], [ 151.18230800127111, -33.898811762878978 ] ], [ [ 151.18269522753647, -33.884725381892089 ], [ 151.182806779309061, -33.884753277588302 ], [ 151.182806848455925, -33.884753240513 ], [ 151.18269522753647, -33.884725381892089 ] ], [ [ 151.182516227940852, -33.888807976915658 ], [ 151.1825647, -33.888807 ], [ 151.182716450941541, -33.888844872945754 ], [ 151.18269358938457, -33.888766241934675 ], [ 151.182589300797048, -33.88874021429509 ], [ 151.182516227940852, -33.888807976915658 ] ], [ [ 151.182655877018618, -33.878649789168179 ], [ 151.182903946167755, -33.878687909788994 ], [ 151.182924980776306, -33.878663957054684 ], [ 151.182626466624924, -33.878580944174864 ], [ 151.18259368686347, -33.878606676211561 ], [ 151.182405508649396, -33.878563533876672 ], [ 151.182630687783416, -33.878619738606176 ], [ 151.182655877018618, -33.878649789168179 ] ], [ [ 151.182468801036663, -33.899371501249604 ], [ 151.182110387536511, -33.899294436211989 ], [ 151.182080746251472, -33.899314106062988 ], [ 151.182457210436723, -33.89940805256014 ], [ 151.182468801036663, -33.899371501249604 ] ], [ [ 151.182886232479916, -33.875017286455794 ], [ 151.182899350056573, -33.875073649482466 ], [ 151.182972154523924, -33.875038733068138 ], [ 151.182886232479916, -33.875017286455794 ] ], [ [ 151.18263267562557, -33.884955416083841 ], [ 151.182593665562848, -33.884992384611884 ], [ 151.182646719710334, -33.88501958299959 ], [ 151.182572651796193, -33.885012298634798 ], [ 151.182685215250672, -33.885040392535622 ], [ 151.182664858663657, -33.88496344841603 ], [ 151.18263267562557, -33.884955416083841 ] ], [ [ 151.182493154716894, -33.892380353784169 ], [ 151.182438501372417, -33.892367699419694 ], [ 151.182411021942841, -33.892389750081236 ], [ 151.182243138673641, -33.89234855571992 ], [ 151.182235699143774, -33.892373305947331 ], [ 151.182523686839318, -33.892445177964149 ], [ 151.182493154716894, -33.892380353784169 ] ], [ [ 151.1801662757332, -33.901437832845495 ], [ 151.182213930071356, -33.901941672460637 ], [ 151.182269082402996, -33.901936157531892 ], [ 151.180142798693737, -33.901393134145643 ], [ 151.1801662757332, -33.901437832845495 ] ], [ [ 151.182749615507788, -33.876266896696976 ], [ 151.182520604589286, -33.876220391393645 ], [ 151.182516079005069, -33.876245694206553 ], [ 151.182703481075208, -33.876292470728956 ], [ 151.182749615507788, -33.876266896696976 ] ], [ [ 151.182631761452797, -33.878685032107136 ], [ 151.182572993500429, -33.878694726582879 ], [ 151.182634386145168, -33.878710050128099 ], [ 151.182631761452797, -33.878685032107136 ] ], [ [ 151.182293761282949, -33.893754954006461 ], [ 151.18229596995738, -33.893763076229313 ], [ 151.182310037531522, -33.893759015964797 ], [ 151.182293761282949, -33.893754954006461 ] ], [ [ 151.181765795670714, -33.879206978073775 ], [ 151.181766905024489, -33.879261550531822 ], [ 151.182249547655175, -33.879382019454461 ], [ 151.182264963565132, -33.879428570173133 ], [ 151.182379017780505, -33.879457038066114 ], [ 151.182454536928248, -33.879444372348068 ], [ 151.18241233124408, -33.879407495859503 ], [ 151.182427578739748, -33.879378266437243 ], [ 151.182559960549895, -33.879384426316612 ], [ 151.182538436933584, -33.879360858090671 ], [ 151.18157114746856, -33.879116605455522 ], [ 151.18156470761727, -33.879151650714967 ], [ 151.181765795670714, -33.879206978073775 ] ], [ [ 151.182510297216737, -33.879275614349957 ], [ 151.182529623402502, -33.879302595705894 ], [ 151.182537633428723, -33.879282437421551 ], [ 151.182510297216737, -33.879275614349957 ] ], [ [ 151.182000090221266, -33.898134410904937 ], [ 151.182014276316437, -33.898041233500791 ], [ 151.181676425893528, -33.898053638318686 ], [ 151.182000090221266, -33.898134410904937 ] ], [ [ 151.182137094271837, -33.883052415796257 ], [ 151.182133767195694, -33.883139291363108 ], [ 151.182038305582978, -33.883190741758 ], [ 151.182129947480206, -33.883213614863742 ], [ 151.182330783060308, -33.883100758818344 ], [ 151.182137094271837, -33.883052415796257 ] ], [ [ 151.182426263898037, -33.876051246819628 ], [ 151.182403174069492, -33.876034295498663 ], [ 151.182390633589961, -33.876042353227582 ], [ 151.182426263898037, -33.876051246819628 ] ], [ [ 151.181834589559656, -33.896317621776355 ], [ 151.18189001474326, -33.896282738848974 ], [ 151.181974180864955, -33.89630261740006 ], [ 151.181850386219281, -33.896261900145404 ], [ 151.181762995757595, -33.896299754717596 ], [ 151.181834589559656, -33.896317621776355 ] ], [ [ 151.181881787454216, -33.896245897422439 ], [ 151.181973082410622, -33.896268681039345 ], [ 151.18197424883428, -33.896267279659419 ], [ 151.181876409066518, -33.89622054150918 ], [ 151.181881787454216, -33.896245897422439 ] ], [ [ 151.182000502208268, -33.888662852971201 ], [ 151.1820368, -33.8886355 ], [ 151.18210827555302, -33.888620161936672 ], [ 151.1819636723896, -33.888584072028031 ], [ 151.182000502208268, -33.888662852971201 ] ], [ [ 151.181981193546932, -33.88867672146857 ], [ 151.181978716000117, -33.888679270416809 ], [ 151.181981873348121, -33.88867689113286 ], [ 151.181981193546932, -33.88867672146857 ] ], [ [ 151.18181573701105, -33.878506222501336 ], [ 151.181986683419865, -33.878558049199576 ], [ 151.182145968506973, -33.878597807412028 ], [ 151.182161315420672, -33.878610250099058 ], [ 151.182174873308838, -33.878602190501695 ], [ 151.18181573701105, -33.878506222501336 ] ], [ [ 151.182199236369712, -33.872899903180304 ], [ 151.182173980222188, -33.872913446961739 ], [ 151.182100192731895, -33.87289877164816 ], [ 151.18225002790146, -33.872936173127322 ], [ 151.182199236369712, -33.872899903180304 ] ], [ [ 151.181849489200374, -33.888779544251037 ], [ 151.181810529435552, -33.888791201926658 ], [ 151.181893635357426, -33.888811943510277 ], [ 151.181881299999986, -33.888807 ], [ 151.181849489200374, -33.888779544251037 ] ], [ [ 151.181815529754715, -33.883818314261362 ], [ 151.181906851522143, -33.883808467525348 ], [ 151.181871453647375, -33.88376055151673 ], [ 151.181506387264392, -33.883674430364529 ], [ 151.181630247862785, -33.883724440396499 ], [ 151.181625772425349, -33.883770951980502 ], [ 151.181815529754715, -33.883818314261362 ] ], [ [ 151.181819656533065, -33.881446411525133 ], [ 151.181805803440653, -33.881476286376476 ], [ 151.181893255264242, -33.881498114234034 ], [ 151.181859550456181, -33.881456369001825 ], [ 151.181819656533065, -33.881446411525133 ] ], [ [ 151.181925675155867, -33.878505632404796 ], [ 151.181924318884114, -33.878503297757312 ], [ 151.181853923117387, -33.878487722674244 ], [ 151.181925675155867, -33.878505632404796 ] ], [ [ 151.181824700000021, -33.8798203 ], [ 151.181882360478909, -33.879786796747204 ], [ 151.181587531192775, -33.879713206156879 ], [ 151.181561284336141, -33.87974112280196 ], [ 151.181330889518875, -33.879684318444816 ], [ 151.181824700000021, -33.8798203 ] ], [ [ 151.181784372964131, -33.883970927840309 ], [ 151.181776697983054, -33.8839434337347 ], [ 151.181350320802721, -33.883850077297275 ], [ 151.181647407552418, -33.883939403938356 ], [ 151.181784372964131, -33.883970927840309 ] ], [ [ 151.181769268268283, -33.88397911291559 ], [ 151.181767602426561, -33.883978697133081 ], [ 151.181769404055558, -33.883979740066245 ], [ 151.181769268268283, -33.88397911291559 ] ], [ [ 151.181292551312765, -33.898055095213195 ], [ 151.181407474264375, -33.898022877653652 ], [ 151.180347460070919, -33.897758334499287 ], [ 151.180000542431003, -33.89773184675937 ], [ 151.179251792480528, -33.897544975704193 ], [ 151.179239883382849, -33.897567341251964 ], [ 151.179743894720843, -33.897693131693494 ], [ 151.179581624630373, -33.897866625684742 ], [ 151.18036840000002, -33.897859 ], [ 151.180646479928839, -33.897928400112768 ], [ 151.180647880108609, -33.897984000114967 ], [ 151.180356726536814, -33.897999933216468 ], [ 151.181214555348902, -33.898211625032296 ], [ 151.181310349078018, -33.898067909312743 ], [ 151.181292551312765, -33.898055095213195 ] ], [ [ 151.181741776208042, -33.873956516241222 ], [ 151.18170617191609, -33.873977003348479 ], [ 151.181824275914181, -33.874011823063597 ], [ 151.181856439451053, -33.874055769501567 ], [ 151.181874501464591, -33.873989646862725 ], [ 151.181741776208042, -33.873956516241222 ] ], [ [ 151.181381449457064, -33.897183624182745 ], [ 151.181296487788842, -33.897157564544827 ], [ 151.181288236655178, -33.897160361674686 ], [ 151.181381449457064, -33.897183624182745 ] ], [ [ 151.181571816856547, -33.87612803923605 ], [ 151.181798242422929, -33.876181461696873 ], [ 151.181784675043019, -33.876088177814538 ], [ 151.181564157781224, -33.876033133628269 ], [ 151.181526260367519, -33.876047557496257 ], [ 151.181129142847084, -33.875948430139459 ], [ 151.181019577129064, -33.876023441782138 ], [ 151.181507101946636, -33.876145136524777 ], [ 151.181571816856547, -33.87612803923605 ] ], [ [ 151.181652985821444, -33.875102439024126 ], [ 151.181764140132515, -33.875151296516677 ], [ 151.181788546544993, -33.875136755079609 ], [ 151.181652985821444, -33.875102439024126 ] ], [ [ 151.181770452667422, -33.875192075701676 ], [ 151.181766079697127, -33.875187011417211 ], [ 151.181761153125137, -33.875189754393155 ], [ 151.181770452667422, -33.875192075701676 ] ], [ [ 151.181531847689598, -33.875808698212154 ], [ 151.181590808580012, -33.875840085659888 ], [ 151.181738705081983, -33.875877002779305 ], [ 151.181717911081904, -33.875855142421095 ], [ 151.181531847689598, -33.875808698212154 ] ], [ [ 151.177964036892462, -33.889876340601568 ], [ 151.1779469, -33.889836699999989 ], [ 151.178037426194578, -33.88981166498089 ], [ 151.177984498195286, -33.889786095565938 ], [ 151.177999225447309, -33.889748726515776 ], [ 151.177837786790946, -33.889692729068074 ], [ 151.178077829646043, -33.889723270510316 ], [ 151.1778957, -33.8896646 ], [ 151.177813530463141, -33.889612110380746 ], [ 151.177861588713938, -33.8895831 ], [ 151.177749145740279, -33.889537378403013 ], [ 151.177761906243376, -33.889488432123379 ], [ 151.177817530168056, -33.889478901541175 ], [ 151.177720591502862, -33.8894366380948 ], [ 151.177684441034472, -33.889368674321197 ], [ 151.177694649443765, -33.88932951730235 ], [ 151.177751130097533, -33.889324693383813 ], [ 151.177657025174994, -33.889276898810294 ], [ 151.177701754476544, -33.889242593288024 ], [ 151.177668424167138, -33.889157752439679 ], [ 151.177608601980552, -33.889135758127999 ], [ 151.177651966755406, -33.889116268916318 ], [ 151.17763107618859, -33.889063732263409 ], [ 151.1769749, -33.8888991 ], [ 151.1769605, -33.8888685 ], [ 151.1770091, -33.8888284 ], [ 151.17764106402862, -33.888986143218339 ], [ 151.177695763979813, -33.888969210376111 ], [ 151.17752884241699, -33.88892754387652 ], [ 151.177524051507305, -33.88890541224216 ], [ 151.177745894238825, -33.888953692093942 ], [ 151.177801449251746, -33.888936494498523 ], [ 151.177494571429207, -33.888859892561804 ], [ 151.177486586600764, -33.888823006502491 ], [ 151.177869256217349, -33.888906700821693 ], [ 151.177850876431734, -33.888862204496299 ], [ 151.177456470696853, -33.88874979687462 ], [ 151.177842269826783, -33.888841368421545 ], [ 151.177823894539046, -33.888796882917333 ], [ 151.177417610246493, -33.888695467176284 ], [ 151.17740081253055, -33.888659873434946 ], [ 151.177444649319455, -33.888646153397694 ], [ 151.177436169165958, -33.888625582274813 ], [ 151.1768802, -33.8884868 ], [ 151.1768662, -33.8884528 ], [ 151.177055, -33.8884046 ], [ 151.177378345759792, -33.888485314220283 ], [ 151.1765456, -33.8882738 ], [ 151.176461, -33.8880729 ], [ 151.176662599999986, -33.8880144 ], [ 151.17715622981126, -33.888137622672211 ], [ 151.177163320253158, -33.888087870180634 ], [ 151.177208620204169, -33.888078429605805 ], [ 151.177125124377625, -33.88803347164631 ], [ 151.177132780734638, -33.888004103913403 ], [ 151.177174726871726, -33.888000382876967 ], [ 151.177114939156041, -33.887840819298312 ], [ 151.177045025355284, -33.887809755732441 ], [ 151.17708602619058, -33.887796226371712 ], [ 151.1770608, -33.8877382 ], [ 151.177113629659516, -33.887722922561366 ], [ 151.176974408435399, -33.887687219004938 ], [ 151.17683514410038, -33.887721188878636 ], [ 151.176178287859472, -33.887557217631695 ], [ 151.175716020660531, -33.887677748280979 ], [ 151.1751414, -33.8875343 ], [ 151.1750667, -33.8873066 ], [ 151.17517637103353, -33.887281476353074 ], [ 151.174977116683664, -33.887289251611193 ], [ 151.174525407840036, -33.88719012650958 ], [ 151.1742381, -33.8871184 ], [ 151.17413704229412, -33.887022991707887 ], [ 151.174066448728013, -33.887005367797748 ], [ 151.174157815076313, -33.887281155387804 ], [ 151.173993915602267, -33.887407356168772 ], [ 151.173882415516744, -33.887426356686731 ], [ 151.173481247517088, -33.887326202686658 ], [ 151.173499007489369, -33.887377928894914 ], [ 151.173314407399545, -33.887403629323131 ], [ 151.173108479943949, -33.887371716486172 ], [ 151.173138914808845, -33.887532260136474 ], [ 151.17278968674816, -33.887577840509273 ], [ 151.1728655391384, -33.887607153487622 ], [ 151.173004726181034, -33.887606041444911 ], [ 151.173284599999988, -33.8875706 ], [ 151.173343425815631, -33.887585286379526 ], [ 151.17334, -33.8875648 ], [ 151.173489499999988, -33.8875448 ], [ 151.173733750598871, -33.887605231331108 ], [ 151.173713099999986, -33.8875081 ], [ 151.174393400000014, -33.8874261 ], [ 151.174571103068786, -33.887470463347057 ], [ 151.174579099999988, -33.8873814 ], [ 151.174738, -33.8873488 ], [ 151.175025309077768, -33.887420525379866 ], [ 151.175059009422341, -33.887514825311555 ], [ 151.17551314471109, -33.887628196241579 ], [ 151.175550311141507, -33.887714916036948 ], [ 151.176117261696561, -33.887856447262635 ], [ 151.17614646497961, -33.888013146952197 ], [ 151.175892064107273, -33.888042050489048 ], [ 151.175676782333909, -33.887988308455803 ], [ 151.175526904617811, -33.888007979849156 ], [ 151.175547222844756, -33.888055449134569 ], [ 151.175521818129425, -33.88808508828 ], [ 151.175851835482462, -33.888167472611187 ], [ 151.17601013969022, -33.888545271628871 ], [ 151.175757639663317, -33.88861477339632 ], [ 151.175683674474499, -33.888596309107697 ], [ 151.175753265860322, -33.888755125724288 ], [ 151.175680452397614, -33.888777130491384 ], [ 151.17577216669423, -33.888800025528695 ], [ 151.175869593752253, -33.889025359534934 ], [ 151.176781826838578, -33.889273962075272 ], [ 151.176582529298571, -33.889560963649807 ], [ 151.175494240134384, -33.889267447234488 ], [ 151.175602213587212, -33.889518584611658 ], [ 151.17555995852581, -33.889531101584581 ], [ 151.176042950788002, -33.889651671732103 ], [ 151.1761517536398, -33.889907271055705 ], [ 151.175883930915177, -33.889985888241384 ], [ 151.176435574444611, -33.890123593519917 ], [ 151.176492076416139, -33.890256093051498 ], [ 151.17634862478576, -33.890295957998433 ], [ 151.176422368438836, -33.890466094213409 ], [ 151.177339330069799, -33.890716293576041 ], [ 151.1774724, -33.8906767 ], [ 151.177579679551428, -33.890703478433679 ], [ 151.1769672, -33.8905437 ], [ 151.1769435, -33.8904903 ], [ 151.1772277, -33.8904035 ], [ 151.177480685103461, -33.89046664906747 ], [ 151.177427200000011, -33.8903396 ], [ 151.1778741, -33.89021 ], [ 151.178980312936517, -33.890479965782376 ], [ 151.179006426268103, -33.890529845187068 ], [ 151.179089341935082, -33.890526628119495 ], [ 151.180201565693096, -33.890804233490499 ], [ 151.18023341458607, -33.890848786343781 ], [ 151.18073417022751, -33.890973768367942 ], [ 151.180799129486644, -33.891058037264713 ], [ 151.180722791271165, -33.891141515748146 ], [ 151.180956627329749, -33.891199877263581 ], [ 151.1809412, -33.8911658 ], [ 151.181062104950684, -33.891093849975526 ], [ 151.1808796, -33.8910483 ], [ 151.1807431, -33.8906555 ], [ 151.1808848, -33.8905284 ], [ 151.181371185725425, -33.890390320876598 ], [ 151.181074767107589, -33.890316340206574 ], [ 151.180367065964475, -33.890529433341278 ], [ 151.180519166364206, -33.890574812383925 ], [ 151.18056574521367, -33.890648685858586 ], [ 151.18056464615438, -33.890700431465859 ], [ 151.180488860814791, -33.890741061133319 ], [ 151.17897498261101, -33.890365316813913 ], [ 151.178926870197671, -33.89029979261251 ], [ 151.1780593, -33.8900967 ], [ 151.177884417276005, -33.890006045853625 ], [ 151.17788581143094, -33.889940501508029 ], [ 151.177964036892462, -33.889876340601568 ] ], [ [ 151.181666657654745, -33.876001532550212 ], [ 151.18165229228967, -33.875966412965951 ], [ 151.181641796198562, -33.875963792990042 ], [ 151.181635752604024, -33.875994942070818 ], [ 151.181666657654745, -33.876001532550212 ] ], [ [ 151.181600297319989, -33.87505810356258 ], [ 151.181538463620342, -33.875053294883372 ], [ 151.181626166756729, -33.875088784298072 ], [ 151.181600297319989, -33.87505810356258 ] ], [ [ 151.181162913823499, -33.888047921632491 ], [ 151.181338397878022, -33.888075203788695 ], [ 151.18115136822135, -33.888028523549359 ], [ 151.181162913823499, -33.888047921632491 ] ], [ [ 151.181128815212304, -33.888067442387197 ], [ 151.181078841707432, -33.888081266906148 ], [ 151.181253452110354, -33.88812645882404 ], [ 151.181282392695721, -33.888105773426567 ], [ 151.181128815212304, -33.888067442387197 ] ], [ [ 151.181457625838391, -33.877743893542231 ], [ 151.181459754328671, -33.877748724474969 ], [ 151.181496621949464, -33.877757927053537 ], [ 151.181457625838391, -33.877743893542231 ] ], [ [ 151.181325216821193, -33.881314967960478 ], [ 151.181412170614664, -33.881336671915911 ], [ 151.181392102934751, -33.881287546540605 ], [ 151.181325216821193, -33.881314967960478 ] ], [ [ 151.181548251735791, -33.872579041828089 ], [ 151.181582345993206, -33.872559827421874 ], [ 151.181487283448689, -33.872540269386747 ], [ 151.181502998085904, -33.872544192144538 ], [ 151.181548251735791, -33.872579041828089 ] ], [ [ 151.181499581396878, -33.875796745364234 ], [ 151.181458250124479, -33.875763253484642 ], [ 151.181429909537144, -33.875779354118301 ], [ 151.181499581396878, -33.875796745364234 ] ], [ [ 151.180934524301506, -33.887808634873593 ], [ 151.180928136557128, -33.887829267698997 ], [ 151.181169819197947, -33.887889589169532 ], [ 151.181194055036457, -33.887873411019527 ], [ 151.180934524301506, -33.887808634873593 ] ], [ [ 151.181294693407722, -33.881208043538585 ], [ 151.181312555042069, -33.881217462096252 ], [ 151.181311419786937, -33.881212218512971 ], [ 151.181294693407722, -33.881208043538585 ] ], [ [ 151.180886309782721, -33.900956532086532 ], [ 151.180828534701618, -33.90097060998874 ], [ 151.180875200878489, -33.900982255909895 ], [ 151.180886309782721, -33.900956532086532 ] ], [ [ 151.181076907462881, -33.887951610439359 ], [ 151.181118878154621, -33.887923593809305 ], [ 151.18071000469962, -33.887821542779328 ], [ 151.181046935346728, -33.887918043487311 ], [ 151.180767587317263, -33.887874407047036 ], [ 151.181076907462881, -33.887951610439359 ] ], [ [ 151.18116418307369, -33.881378333841845 ], [ 151.181191699319271, -33.881403016363983 ], [ 151.18125611240103, -33.881358006593999 ], [ 151.181202350782655, -33.881344587452787 ], [ 151.18116418307369, -33.881378333841845 ] ], [ [ 151.181079544662339, -33.887989643817406 ], [ 151.180829448013384, -33.887931198744944 ], [ 151.18108464133897, -33.887994892482283 ], [ 151.181079544662339, -33.887989643817406 ] ], [ [ 151.181201685849913, -33.881158999965329 ], [ 151.18122193672221, -33.881169678410672 ], [ 151.181216569437993, -33.881162714985543 ], [ 151.181201685849913, -33.881158999965329 ] ], [ [ 151.181135211925238, -33.883889912710174 ], [ 151.181107495885158, -33.88388299481381 ], [ 151.181128778166141, -33.883892441660826 ], [ 151.181135211925238, -33.883889912710174 ] ], [ [ 151.180937236832563, -33.891688030665165 ], [ 151.180775112144744, -33.891655950316995 ], [ 151.180941178751738, -33.891697397486233 ], [ 151.180937236832563, -33.891688030665165 ] ], [ [ 151.181089832092994, -33.883847612452684 ], [ 151.181088746549165, -33.883847341501586 ], [ 151.181087464698635, -33.883848881775897 ], [ 151.181089832092994, -33.883847612452684 ] ], [ [ 151.181079727765507, -33.883864162358471 ], [ 151.181082491421535, -33.883853842122825 ], [ 151.181068479600953, -33.883861354822251 ], [ 151.181079727765507, -33.883864162358471 ] ], [ [ 151.181125375067381, -33.881126986507837 ], [ 151.18109916109907, -33.881120443341437 ], [ 151.181138994474765, -33.881135937697309 ], [ 151.181125375067381, -33.881126986507837 ] ], [ [ 151.181227336839726, -33.874293901413516 ], [ 151.181114921864406, -33.874265840058925 ], [ 151.181229275124593, -33.874302854689219 ], [ 151.181227336839726, -33.874293901413516 ] ], [ [ 151.181036962699608, -33.881100948325539 ], [ 151.181002463988534, -33.881064176372341 ], [ 151.18087310914359, -33.881031888389494 ], [ 151.180902536773374, -33.881067394611378 ], [ 151.181036962699608, -33.881100948325539 ] ], [ [ 151.18108434536876, -33.874130339198011 ], [ 151.181048031274656, -33.874137017057464 ], [ 151.181094655529733, -33.874148655597587 ], [ 151.18108434536876, -33.874130339198011 ] ], [ [ 151.180489241373238, -33.897387202701765 ], [ 151.180319508447582, -33.897463451747342 ], [ 151.180589835909558, -33.897472734426131 ], [ 151.180558135971694, -33.897404396730671 ], [ 151.180489241373238, -33.897387202701765 ] ], [ [ 151.180234641490159, -33.902663947475013 ], [ 151.180471544051102, -33.902707131059216 ], [ 151.180232057370745, -33.902658486593417 ], [ 151.180234641490159, -33.902663947475013 ] ], [ [ 151.180688626484368, -33.887664648567743 ], [ 151.180653642613578, -33.887641854432857 ], [ 151.18062780024357, -33.88764946672989 ], [ 151.180688626484368, -33.887664648567743 ] ], [ [ 151.180602853235598, -33.887723171122857 ], [ 151.180671299029768, -33.887725730351335 ], [ 151.180581125386453, -33.887703223578448 ], [ 151.180602853235598, -33.887723171122857 ] ], [ [ 151.18030406510772, -33.902810656432045 ], [ 151.180346228450759, -33.90280718562132 ], [ 151.180296556841029, -33.902794789666764 ], [ 151.18030406510772, -33.902810656432045 ] ], [ [ 151.18083027236051, -33.872694081162706 ], [ 151.180894194203262, -33.872753961137754 ], [ 151.180974037184086, -33.872773892250009 ], [ 151.180970946486298, -33.872723706672275 ], [ 151.18083027236051, -33.872694081162706 ] ], [ [ 151.180460844364376, -33.89186548029118 ], [ 151.180464691141367, -33.891874409761478 ], [ 151.180479481600031, -33.891870131857203 ], [ 151.180460844364376, -33.89186548029118 ] ], [ [ 151.180879151918418, -33.872813817467247 ], [ 151.180879922755167, -33.872813413004636 ], [ 151.180831905626121, -33.872802023401611 ], [ 151.180879151918418, -33.872813817467247 ] ], [ [ 151.180474462245087, -33.877881052849624 ], [ 151.180757654599603, -33.877952915592438 ], [ 151.180759112897448, -33.877952106950147 ], [ 151.180474462245087, -33.877881052849624 ] ], [ [ 151.1807461, -33.8725204 ], [ 151.180766899586018, -33.872508493846091 ], [ 151.180738920183586, -33.872490364474949 ], [ 151.180684942603733, -33.872491144376184 ], [ 151.180641221395831, -33.872517520181802 ], [ 151.180666865138846, -33.87254861089604 ], [ 151.180630556624294, -33.872569262427568 ], [ 151.180686301945997, -33.872599980117762 ], [ 151.1807278, -33.872576 ], [ 151.18081953447475, -33.872595803578889 ], [ 151.1807461, -33.8725204 ] ], [ [ 151.180231838060422, -33.898006767405818 ], [ 151.18007547933243, -33.898024191208776 ], [ 151.180213305758343, -33.898058588794882 ], [ 151.180231838060422, -33.898006767405818 ] ], [ [ 151.177949690490351, -33.880551107643235 ], [ 151.178417497742657, -33.880657481909665 ], [ 151.178208032095057, -33.880623880275344 ], [ 151.178615934672138, -33.880783520316946 ], [ 151.1786847, -33.8807196 ], [ 151.179611446492515, -33.88095093836143 ], [ 151.179755902738947, -33.881083204157235 ], [ 151.179944806034683, -33.880977350970618 ], [ 151.179783187148786, -33.880930029517593 ], [ 151.179956227063059, -33.880970858032455 ], [ 151.1801279, -33.8808979 ], [ 151.180204794129395, -33.880917093929462 ], [ 151.18015790000004, -33.8808604 ], [ 151.1802376, -33.8808149 ], [ 151.18058537646175, -33.880901709516586 ], [ 151.180510773365199, -33.880838916588836 ], [ 151.178798247966284, -33.880408824176769 ], [ 151.178799999684855, -33.880453665718399 ], [ 151.178959146187026, -33.880503748119402 ], [ 151.178995749763232, -33.880556377523888 ], [ 151.179565017457179, -33.880710633101494 ], [ 151.179616728244639, -33.880755318703898 ], [ 151.179615409176932, -33.880817413499628 ], [ 151.179561832854006, -33.880860543195155 ], [ 151.179487383566169, -33.880859442961977 ], [ 151.177648148048974, -33.880400339517273 ], [ 151.17736222980696, -33.880335675689146 ], [ 151.177845277486171, -33.880471963557824 ], [ 151.177150304785698, -33.880305542312868 ], [ 151.177955369544861, -33.880517045811288 ], [ 151.177949690490351, -33.880551107643235 ] ], [ [ 151.179998246746209, -33.902230076033497 ], [ 151.180097588698402, -33.902271308236635 ], [ 151.180109205236306, -33.902257767047594 ], [ 151.179998246746209, -33.902230076033497 ] ], [ [ 151.179993823894051, -33.902327381554471 ], [ 151.180022424641948, -33.902399263767485 ], [ 151.180088791372725, -33.902415826347756 ], [ 151.180068742847794, -33.902322191333177 ], [ 151.179993823894051, -33.902327381554471 ] ], [ [ 151.180073317482822, -33.90230464536225 ], [ 151.180091148488145, -33.90227904481975 ], [ 151.180008664378903, -33.902258459929278 ], [ 151.180031876975278, -33.902294303394932 ], [ 151.180073317482822, -33.90230464536225 ] ], [ [ 151.180111380438177, -33.898792234479728 ], [ 151.180117729450473, -33.898793819003579 ], [ 151.180109889689192, -33.898790300729736 ], [ 151.180111380438177, -33.898792234479728 ] ], [ [ 151.17993593242764, -33.899510530125475 ], [ 151.180074265121277, -33.899553295727237 ], [ 151.180090351295689, -33.899549068313377 ], [ 151.17993593242764, -33.899510530125475 ] ], [ [ 151.180265601520659, -33.886146451874474 ], [ 151.180276501729765, -33.886129424725311 ], [ 151.180060390941549, -33.886075483076553 ], [ 151.180067087045131, -33.886096902303585 ], [ 151.180265601520659, -33.886146451874474 ] ], [ [ 151.179690683785253, -33.899364050160379 ], [ 151.179967298098262, -33.899430446246626 ], [ 151.17969126241934, -33.899361555709987 ], [ 151.179690683785253, -33.899364050160379 ] ], [ [ 151.180007653617167, -33.896227592774238 ], [ 151.179966198033156, -33.896132877520323 ], [ 151.179860260272108, -33.896213299406178 ], [ 151.1798995, -33.8962006 ], [ 151.180007653617167, -33.896227592774238 ] ], [ [ 151.179961281117102, -33.896033885847729 ], [ 151.179966718683147, -33.896045999065905 ], [ 151.179985623681262, -33.896039961225291 ], [ 151.179961281117102, -33.896033885847729 ] ], [ [ 151.179678830855892, -33.899415147258495 ], [ 151.179873829464356, -33.899456477201078 ], [ 151.179680439486788, -33.899408212574173 ], [ 151.179678830855892, -33.899415147258495 ] ], [ [ 151.179673557298287, -33.8764945222592 ], [ 151.180245656344169, -33.876647029516533 ], [ 151.180308169568178, -33.876651724017634 ], [ 151.180324129155082, -33.876616516885726 ], [ 151.179668896405786, -33.876472991350468 ], [ 151.179673557298287, -33.8764945222592 ] ], [ [ 151.179962133127134, -33.891322989513561 ], [ 151.179890528513596, -33.891306968507919 ], [ 151.179963003385438, -33.891325057565922 ], [ 151.179962133127134, -33.891322989513561 ] ], [ [ 151.179849301164523, -33.896230419245263 ], [ 151.17984660378238, -33.896223666613558 ], [ 151.179840576916433, -33.896228241855958 ], [ 151.179849301164523, -33.896230419245263 ] ], [ [ 151.179636741419728, -33.899596591134802 ], [ 151.179735870619027, -33.899610205276694 ], [ 151.179639181016256, -33.899586074271411 ], [ 151.179636741419728, -33.899596591134802 ] ], [ [ 151.179857083513241, -33.87226779707661 ], [ 151.179854745958693, -33.872314528922736 ], [ 151.179947483176107, -33.872358864760848 ], [ 151.179925601583477, -33.872421126125438 ], [ 151.180058210887552, -33.872454230449819 ], [ 151.180193145188241, -33.872368374977796 ], [ 151.179857083513241, -33.87226779707661 ] ], [ [ 151.180176550101748, -33.872160074255831 ], [ 151.180174060997956, -33.872160449162607 ], [ 151.180188341524428, -33.872163017831639 ], [ 151.180176550101748, -33.872160074255831 ] ], [ [ 151.179628648665101, -33.881149238296992 ], [ 151.179533648863327, -33.881194939018144 ], [ 151.179145470205953, -33.88111138929041 ], [ 151.178926264892993, -33.881259824356874 ], [ 151.178981029005485, -33.881275776875896 ], [ 151.178980487179757, -33.881301273802947 ], [ 151.178882263825955, -33.881286215950858 ], [ 151.178809066020904, -33.881388700773904 ], [ 151.178743452207016, -33.881384946001489 ], [ 151.178748440597332, -33.881403487816343 ], [ 151.178935324105709, -33.881468445788435 ], [ 151.179010799999986, -33.881441 ], [ 151.1793434, -33.8814308 ], [ 151.179793251499547, -33.881522669848628 ], [ 151.179817032416594, -33.881509204499878 ], [ 151.1795946, -33.8814468 ], [ 151.179516400000011, -33.8813198 ], [ 151.1796127, -33.8812645 ], [ 151.179931853607314, -33.881363055497957 ], [ 151.179956848256722, -33.881348452397056 ], [ 151.179735900000026, -33.8812933 ], [ 151.1796331, -33.88116740000001 ], [ 151.179725426867691, -33.881103628291207 ], [ 151.179670348585148, -33.881129837980666 ], [ 151.179589838241014, -33.88110974105102 ], [ 151.179628648665101, -33.881149238296992 ] ], [ [ 151.17878393935905, -33.898383963925738 ], [ 151.178717743538641, -33.898471298210069 ], [ 151.179148017094633, -33.89857905572395 ], [ 151.179169915430322, -33.89852998151347 ], [ 151.179582188806506, -33.898632171810604 ], [ 151.179445814070561, -33.898573826776605 ], [ 151.179583132969071, -33.898592267885029 ], [ 151.17878393935905, -33.898383963925738 ] ], [ [ 151.179665377712979, -33.887475321848278 ], [ 151.179771573673406, -33.88750182860435 ], [ 151.179743062314031, -33.887463491584604 ], [ 151.179650344337119, -33.887440348937787 ], [ 151.179665377712979, -33.887475321848278 ] ], [ [ 151.178012776982285, -33.879963537056817 ], [ 151.178984061284837, -33.880227662001829 ], [ 151.178780921886926, -33.880183740817763 ], [ 151.179828892696605, -33.880440341579735 ], [ 151.179862641016712, -33.880347383307225 ], [ 151.178693488218812, -33.880050537723527 ], [ 151.178663739424934, -33.880020995234844 ], [ 151.178323133287194, -33.87993596898427 ], [ 151.178257991001203, -33.879879054324434 ], [ 151.178193370721971, -33.879913000830491 ], [ 151.178090145874847, -33.879889061980116 ], [ 151.178062430168922, -33.879944432189745 ], [ 151.178012776982285, -33.879963537056817 ] ], [ [ 151.179779488472235, -33.882932611158509 ], [ 151.17980052373224, -33.882915302944944 ], [ 151.178329770299229, -33.882550134229334 ], [ 151.178288292736681, -33.882602505032679 ], [ 151.179124429000609, -33.882806669581448 ], [ 151.179176371451064, -33.882782063399191 ], [ 151.179779488472235, -33.882932611158509 ] ], [ [ 151.179904651793834, -33.877965834788924 ], [ 151.17914902740776, -33.877779509677346 ], [ 151.179182593672465, -33.877778545047086 ], [ 151.179112174555002, -33.877743130961989 ], [ 151.179142923980692, -33.877706180994458 ], [ 151.179468386731259, -33.877786581980018 ], [ 151.17942989641179, -33.877738090554281 ], [ 151.179278191908736, -33.877697938481347 ], [ 151.179249423746938, -33.877624254319159 ], [ 151.17926996979071, -33.877599565115553 ], [ 151.179559249861427, -33.87765626807937 ], [ 151.178728748421605, -33.877461724254253 ], [ 151.178890236558146, -33.87751470895364 ], [ 151.178556288198877, -33.877445592866003 ], [ 151.178930404611577, -33.877554039420254 ], [ 151.178396819572015, -33.877451545074848 ], [ 151.178299411917521, -33.877456895126166 ], [ 151.179208197943154, -33.877677206894262 ], [ 151.178013118213499, -33.877443062056507 ], [ 151.178006521430518, -33.877474112860746 ], [ 151.178246771890002, -33.877547061364396 ], [ 151.179552981677631, -33.877895117967142 ], [ 151.178666133364857, -33.877691457252688 ], [ 151.179896912556103, -33.878004794513174 ], [ 151.1798775, -33.8779812 ], [ 151.179904651793834, -33.877965834788924 ] ], [ [ 151.179804222322304, -33.877984116860219 ], [ 151.179277429055958, -33.877853400996571 ], [ 151.179785063685188, -33.877995163284623 ], [ 151.179804222322304, -33.877984116860219 ] ], [ [ 151.17946322287915, -33.888962595899081 ], [ 151.179511870678311, -33.888977008858213 ], [ 151.17951606848365, -33.888975786192226 ], [ 151.17946322287915, -33.888962595899081 ] ], [ [ 151.179757581339544, -33.873138481923334 ], [ 151.179788298372529, -33.873181242745119 ], [ 151.179838553997939, -33.873158695770634 ], [ 151.179757581339544, -33.873138481923334 ] ], [ [ 151.179671629938326, -33.872380941677363 ], [ 151.179677922710255, -33.872404829253412 ], [ 151.179707031492114, -33.872389779350677 ], [ 151.179671629938326, -33.872380941677363 ] ], [ [ 151.179308175649112, -33.876109414381354 ], [ 151.179273475748403, -33.876149314465295 ], [ 151.179244573718762, -33.876142099503895 ], [ 151.179282791701667, -33.876208561103894 ], [ 151.179409322907105, -33.876134664205217 ], [ 151.179308175649112, -33.876109414381354 ] ], [ [ 151.179386444427394, -33.876347655435119 ], [ 151.179376423932865, -33.876323888984686 ], [ 151.179344531717447, -33.876315927610648 ], [ 151.179358809534904, -33.876340756837322 ], [ 151.179386444427394, -33.876347655435119 ] ], [ [ 151.178713657914045, -33.901092118232633 ], [ 151.178817988240041, -33.901118156599928 ], [ 151.178857291625434, -33.901091120077041 ], [ 151.178696510083086, -33.901057108433697 ], [ 151.178713657914045, -33.901092118232633 ] ], [ [ 151.179186206220777, -33.882902112248594 ], [ 151.179182879636528, -33.882906109369401 ], [ 151.179201039081534, -33.882905814806008 ], [ 151.179186206220777, -33.882902112248594 ] ], [ [ 151.1791042769608, -33.874489135906423 ], [ 151.179160970426665, -33.874527682030127 ], [ 151.1791906, -33.8745107 ], [ 151.179375668051165, -33.874556885813021 ], [ 151.1791042769608, -33.874489135906423 ] ], [ [ 151.179337183996466, -33.874450808979333 ], [ 151.179148108299756, -33.874399030223344 ], [ 151.179103765009955, -33.874415339349767 ], [ 151.17891134045189, -33.874368850373997 ], [ 151.17936977542206, -33.874499351790327 ], [ 151.179337183996466, -33.874450808979333 ] ], [ [ 151.178159030602643, -33.883519761613435 ], [ 151.178124010968389, -33.883487452067889 ], [ 151.177724882880483, -33.883395260069392 ], [ 151.177687986722646, -33.88342009742879 ], [ 151.177555777140412, -33.883388079034098 ], [ 151.177896064512794, -33.883487939512577 ], [ 151.179140128025608, -33.883764664631606 ], [ 151.178159030602643, -33.883519761613435 ] ], [ [ 151.178905112490071, -33.89003226531436 ], [ 151.178674882137216, -33.889970779253467 ], [ 151.178716209370151, -33.89006408902565 ], [ 151.178840649738959, -33.890095149845891 ], [ 151.178905112490071, -33.89003226531436 ] ], [ [ 151.178538038976654, -33.898708217733905 ], [ 151.178495399453197, -33.898763337665379 ], [ 151.178263575953935, -33.898705477848871 ], [ 151.17837086786102, -33.898764607217792 ], [ 151.178689439605563, -33.898844117669348 ], [ 151.178708848877221, -33.898750849065635 ], [ 151.178538038976654, -33.898708217733905 ] ], [ [ 151.178341298462868, -33.898971958256858 ], [ 151.178323700726509, -33.899004338505321 ], [ 151.178611051855256, -33.899076056774454 ], [ 151.178594398088194, -33.899114133587219 ], [ 151.178631330575342, -33.89912335129339 ], [ 151.178646960067368, -33.899048246480348 ], [ 151.178341298462868, -33.898971958256858 ] ], [ [ 151.178818955182237, -33.88994133363741 ], [ 151.178818149487569, -33.889937612029136 ], [ 151.178787952524146, -33.889933595244024 ], [ 151.178818955182237, -33.88994133363741 ] ], [ [ 151.178999795317452, -33.876864177730369 ], [ 151.178971450678034, -33.876857770430981 ], [ 151.179000463743279, -33.876865013128231 ], [ 151.178999795317452, -33.876864177730369 ] ], [ [ 151.178556006133903, -33.87402394438891 ], [ 151.178544037306438, -33.874046889312616 ], [ 151.179051380114259, -33.874168184315451 ], [ 151.179024541393886, -33.874096024768107 ], [ 151.178781921699454, -33.874035456331377 ], [ 151.178738573065914, -33.874068395475703 ], [ 151.178556006133903, -33.87402394438891 ] ], [ [ 151.178990453003848, -33.87685250171446 ], [ 151.178986370860628, -33.876847399854029 ], [ 151.178982049081498, -33.876850403795125 ], [ 151.178990453003848, -33.87685250171446 ] ], [ [ 151.178729310261929, -33.875712023668171 ], [ 151.178713123211338, -33.875675698370443 ], [ 151.177736598622687, -33.875431913146407 ], [ 151.177779722766189, -33.875489548930354 ], [ 151.177756616265611, -33.875533840817575 ], [ 151.177593058154429, -33.875573167825017 ], [ 151.17713580728622, -33.875473871914139 ], [ 151.177939555640876, -33.875689586769603 ], [ 151.177962286572892, -33.875719081307459 ], [ 151.177923789885597, -33.875750072706708 ], [ 151.177320087034929, -33.875600343057215 ], [ 151.177291892601687, -33.875615170807933 ], [ 151.178182041980079, -33.87583739628041 ], [ 151.178469299999989, -33.8757163 ], [ 151.178901876244652, -33.8758242888252 ], [ 151.178939305163993, -33.875803323948936 ], [ 151.178839018159692, -33.875771309815882 ], [ 151.178950837795668, -33.875796859098074 ], [ 151.178987390608086, -33.875776450761563 ], [ 151.178729310261929, -33.875712023668171 ] ], [ [ 151.178723268045559, -33.87417822859021 ], [ 151.178730407798099, -33.87414947902522 ], [ 151.178598085462767, -33.874116445353202 ], [ 151.178698548091603, -33.87416348688609 ], [ 151.178721536654422, -33.874205288198311 ], [ 151.178994738171554, -33.874273022858773 ], [ 151.178723268045559, -33.87417822859021 ] ], [ [ 151.177898560308648, -33.87453932281241 ], [ 151.177432283730383, -33.874431035215942 ], [ 151.178237728586737, -33.874635539035403 ], [ 151.178236915719566, -33.874673784451382 ], [ 151.178182622235511, -33.87468765491321 ], [ 151.178888308557958, -33.87486382596397 ], [ 151.178785114790571, -33.87482409434331 ], [ 151.178785927417863, -33.874785848916581 ], [ 151.178965698468886, -33.874816535577452 ], [ 151.1789706988136, -33.874797350380732 ], [ 151.178772254728727, -33.874737217866652 ], [ 151.178790552099116, -33.874702143091419 ], [ 151.178851195021906, -33.87470520468392 ], [ 151.178408737676733, -33.874594747655955 ], [ 151.177924031765343, -33.874513780887007 ], [ 151.177898560308648, -33.87453932281241 ] ], [ [ 151.178406092653518, -33.900249000710595 ], [ 151.178402029701374, -33.900247986672547 ], [ 151.178381715550927, -33.900253222639812 ], [ 151.178406092653518, -33.900249000710595 ] ], [ [ 151.178290387947357, -33.899348093915108 ], [ 151.178303716571122, -33.899367868159672 ], [ 151.1783761759215, -33.899369505260829 ], [ 151.178290387947357, -33.899348093915108 ] ], [ [ 151.178597831418983, -33.877665684734623 ], [ 151.17862794009082, -33.877658103881679 ], [ 151.178103813987889, -33.877534149942953 ], [ 151.178597831418983, -33.877665684734623 ] ], [ [ 151.178501203362885, -33.87767467084845 ], [ 151.178615450744161, -33.877688770871174 ], [ 151.178504604082235, -33.87766109939632 ], [ 151.178501203362885, -33.87767467084845 ] ], [ [ 151.178134255659927, -33.873597856189193 ], [ 151.178352501532743, -33.873673301050509 ], [ 151.178654686798922, -33.873739978460748 ], [ 151.178660006508011, -33.873694136278438 ], [ 151.178486371582693, -33.873639797383113 ], [ 151.178308893031272, -33.873595490015859 ], [ 151.178134255659927, -33.873597856189193 ] ], [ [ 151.178254936475014, -33.889450449837682 ], [ 151.178263319282109, -33.889445547944149 ], [ 151.178200211414691, -33.889436789885899 ], [ 151.178254936475014, -33.889450449837682 ] ], [ [ 151.178224314079245, -33.880849416639101 ], [ 151.178434283458785, -33.880892985968394 ], [ 151.178225931425061, -33.880833598000393 ], [ 151.178224314079245, -33.880849416639101 ] ], [ [ 151.17821782737883, -33.880912860493517 ], [ 151.178357262274687, -33.880940875385342 ], [ 151.178376857492282, -33.880906184010065 ], [ 151.178222450942258, -33.880867639258014 ], [ 151.17821782737883, -33.880912860493517 ] ], [ [ 151.178336039982895, -33.873316731102619 ], [ 151.178252931926551, -33.873295983106637 ], [ 151.178253186586232, -33.873311410211826 ], [ 151.178336039982895, -33.873316731102619 ] ], [ [ 151.178087359859575, -33.882730328080704 ], [ 151.177952477936799, -33.882686865516952 ], [ 151.177940357363383, -33.882693631922464 ], [ 151.178087359859575, -33.882730328080704 ] ], [ [ 151.177729333318496, -33.886535902246074 ], [ 151.177752022883396, -33.886650995627228 ], [ 151.177981225929472, -33.886598779962561 ], [ 151.177729333318496, -33.886535902246074 ] ], [ [ 151.177841164005059, -33.887073849340474 ], [ 151.17791788563909, -33.887115687947272 ], [ 151.177959815082829, -33.887103466951551 ], [ 151.177841164005059, -33.887073849340474 ] ], [ [ 151.177638844207053, -33.897267220331884 ], [ 151.177590383277845, -33.897281496965441 ], [ 151.177645292447551, -33.897321188254892 ], [ 151.177727856355915, -33.897323586028818 ], [ 151.1777059, -33.897284 ], [ 151.177740753730802, -33.89725306084754 ], [ 151.177625196519244, -33.897235198135682 ], [ 151.177638844207053, -33.897267220331884 ] ], [ [ 151.1774359, -33.8985626 ], [ 151.177612947983334, -33.89860635326329 ], [ 151.177646259789782, -33.898548290703381 ], [ 151.177366265235605, -33.89847840576239 ], [ 151.177177595517179, -33.898546743701431 ], [ 151.176890247503394, -33.898475022178523 ], [ 151.176846559387911, -33.898490823475072 ], [ 151.177399830539287, -33.898642802212663 ], [ 151.1774359, -33.8985626 ] ], [ [ 151.178066868911543, -33.877958703921834 ], [ 151.177517544553865, -33.877822246056326 ], [ 151.177511897011357, -33.87782299535511 ], [ 151.177457094808943, -33.877809314172708 ], [ 151.177452691183333, -33.87780997728855 ], [ 151.178066868911543, -33.877958703921834 ] ], [ [ 151.178084594461779, -33.875878475950543 ], [ 151.177969008822714, -33.875864605022556 ], [ 151.177167965328948, -33.875673160338756 ], [ 151.177236550900005, -33.875709479446471 ], [ 151.177158695421781, -33.875719584737453 ], [ 151.17729428911494, -33.875775168541132 ], [ 151.177261291735022, -33.875801732411709 ], [ 151.17718281124138, -33.875787991633146 ], [ 151.177599613214227, -33.875912862803702 ], [ 151.177864640277903, -33.875971198710012 ], [ 151.178084594461779, -33.875878475950543 ] ], [ [ 151.178108169506743, -33.87351868091497 ], [ 151.17809790984964, -33.873526524886074 ], [ 151.17811809895332, -33.873531565134648 ], [ 151.178108169506743, -33.87351868091497 ] ], [ [ 151.176889151442111, -33.876330782438359 ], [ 151.177937060845011, -33.876592393694892 ], [ 151.177915490337767, -33.876565753812095 ], [ 151.176565650561997, -33.876244729401549 ], [ 151.17653690164525, -33.876298905001207 ], [ 151.176808261701979, -33.876366652080435 ], [ 151.176843657126199, -33.876330109170993 ], [ 151.176889151442111, -33.876330782438359 ] ], [ [ 151.177317433424122, -33.877337833540722 ], [ 151.177802451649512, -33.877458916871454 ], [ 151.177802098097487, -33.877458290279954 ], [ 151.177317433424122, -33.877337833540722 ] ], [ [ 151.177471055548097, -33.886791773902864 ], [ 151.177496048570646, -33.886790916869955 ], [ 151.17748074299746, -33.886732508249224 ], [ 151.177287717349174, -33.886776618963992 ], [ 151.177513157492712, -33.886832894357568 ], [ 151.177471055548097, -33.886791773902864 ] ], [ [ 151.177679945237116, -33.873691006050421 ], [ 151.177347673486821, -33.873621253353612 ], [ 151.177670704555936, -33.873728177064471 ], [ 151.177679945237116, -33.873691006050421 ] ], [ [ 151.177125676043289, -33.880169994144886 ], [ 151.177125899975209, -33.880194480780666 ], [ 151.177392146063454, -33.88028410683804 ], [ 151.17739548883597, -33.880253963278882 ], [ 151.177125676043289, -33.880169994144886 ] ], [ [ 151.177420993902729, -33.875330555460444 ], [ 151.177415139868231, -33.875350890544091 ], [ 151.177460384934875, -33.875362186120867 ], [ 151.177420993902729, -33.875330555460444 ] ], [ [ 151.176994144094721, -33.895833045934005 ], [ 151.1769559, -33.8958235 ], [ 151.176916299499339, -33.895805697800903 ], [ 151.176920799826064, -33.895816136887895 ], [ 151.176994144094721, -33.895833045934005 ] ], [ [ 151.176533301657884, -33.886391440078683 ], [ 151.176474324401113, -33.886335741258797 ], [ 151.176239506438435, -33.88627712246646 ], [ 151.175940206555197, -33.886397923168573 ], [ 151.175652899999989, -33.8863262 ], [ 151.175634160659371, -33.88619194547239 ], [ 151.175590510499347, -33.88618104856193 ], [ 151.174986809209713, -33.886586211111819 ], [ 151.175231312909148, -33.886647250311142 ], [ 151.175339197490246, -33.886997070374349 ], [ 151.175381629208374, -33.887059794198443 ], [ 151.17552344017642, -33.887095196043433 ], [ 151.175560508557254, -33.887206742414556 ], [ 151.175609699643815, -33.887219022456556 ], [ 151.1755881, -33.887158 ], [ 151.1764571, -33.8869515 ], [ 151.176731986210086, -33.887020120179713 ], [ 151.176697, -33.8868988 ], [ 151.177166377650508, -33.886791191691664 ], [ 151.1766196, -33.8866547 ], [ 151.176533301657884, -33.886391440078683 ] ], [ [ 151.177408373827745, -33.875295857378177 ], [ 151.177406750982215, -33.875295452228876 ], [ 151.177408885667347, -33.875298222135562 ], [ 151.177408373827745, -33.875295857378177 ] ], [ [ 151.177150497413521, -33.880293193491241 ], [ 151.177175931016677, -33.880302595840895 ], [ 151.177176955617796, -33.880299798600284 ], [ 151.177150497413521, -33.880293193491241 ] ], [ [ 151.1767587, -33.8952339 ], [ 151.176738153444177, -33.895229177413263 ], [ 151.176787228882858, -33.895241427075632 ], [ 151.1767587, -33.8952339 ] ], [ [ 151.176746630765791, -33.895174410566021 ], [ 151.176749197732306, -33.895169595290426 ], [ 151.176698192768072, -33.895162319989034 ], [ 151.176746630765791, -33.895174410566021 ] ], [ [ 151.176416545889936, -33.898124023236235 ], [ 151.176459618854153, -33.898209698095279 ], [ 151.176520893543426, -33.898234837142809 ], [ 151.176668309850328, -33.898183498202343 ], [ 151.176416545889936, -33.898124023236235 ] ], [ [ 151.176647596020473, -33.896779708925969 ], [ 151.176619028258841, -33.896772578239563 ], [ 151.176648621948829, -33.896782108101199 ], [ 151.176647596020473, -33.896779708925969 ] ], [ [ 151.176527277422309, -33.874435264375911 ], [ 151.176004150153062, -33.874317274769453 ], [ 151.176001369443441, -33.874346851969698 ], [ 151.176815867693648, -33.874550203374227 ], [ 151.176793759087303, -33.874502909801997 ], [ 151.176834170965321, -33.874481241589265 ], [ 151.177042731273872, -33.874517560906241 ], [ 151.175921352076216, -33.874237592710323 ], [ 151.176549275459138, -33.874417555250758 ], [ 151.176527277422309, -33.874435264375911 ] ], [ [ 151.176825507183167, -33.88209566861817 ], [ 151.17684066525058, -33.882099452700793 ], [ 151.176824358527284, -33.882090361855603 ], [ 151.176825507183167, -33.88209566861817 ] ], [ [ 151.176471415502448, -33.885369449043225 ], [ 151.1764321430596, -33.885334105141659 ], [ 151.176542428976063, -33.885331094975648 ], [ 151.176493634174079, -33.885316631980793 ], [ 151.176501273133937, -33.885287330727955 ], [ 151.176596991532818, -33.88530734014568 ], [ 151.176668484350444, -33.885277221816025 ], [ 151.176609980305273, -33.885245872020725 ], [ 151.176696338612771, -33.885265487419197 ], [ 151.176740658892101, -33.885246816226427 ], [ 151.176514064523872, -33.885190250249011 ], [ 151.176538306170471, -33.885257044007403 ], [ 151.176394087033884, -33.885350145013987 ], [ 151.176471415502448, -33.885369449043225 ] ], [ [ 151.176456537640803, -33.873271497166826 ], [ 151.176969134629388, -33.873398944522727 ], [ 151.176982620573568, -33.873383463802746 ], [ 151.176459514487277, -33.873228077530683 ], [ 151.176456537640803, -33.873271497166826 ] ], [ [ 151.176412256768174, -33.885401400358923 ], [ 151.17631304763654, -33.885388710808542 ], [ 151.176312570435755, -33.885455240292544 ], [ 151.176412256768174, -33.885401400358923 ] ], [ [ 151.176263800185978, -33.885546754794582 ], [ 151.176314432705112, -33.885540472150282 ], [ 151.176294769510292, -33.885466020460406 ], [ 151.176085300905129, -33.88559287338628 ], [ 151.176280574910152, -33.885641621262693 ], [ 151.176337824688659, -33.885629042172241 ], [ 151.176262714742876, -33.885597748536007 ], [ 151.176263800185978, -33.885546754794582 ] ], [ [ 151.176527485567277, -33.875920093288023 ], [ 151.176372804121428, -33.875873929809408 ], [ 151.176342008890913, -33.875873787045613 ], [ 151.176527485567277, -33.875920093288023 ] ], [ [ 151.176055841919265, -33.898030623091685 ], [ 151.175308699999988, -33.8978159 ], [ 151.175318859155624, -33.897796310411444 ], [ 151.175114654179765, -33.897745337566825 ], [ 151.175090953706984, -33.897768783715932 ], [ 151.17520108702584, -33.897831852676717 ], [ 151.176055841919265, -33.898030623091685 ] ], [ [ 151.176264341065234, -33.88311940157525 ], [ 151.176253386754581, -33.883111922996797 ], [ 151.176248623478244, -33.88311547777375 ], [ 151.176264341065234, -33.88311940157525 ] ], [ [ 151.175873955527038, -33.898692522292073 ], [ 151.175874415626026, -33.898696509586578 ], [ 151.175886018895056, -33.898695533403604 ], [ 151.175873955527038, -33.898692522292073 ] ], [ [ 151.175781846279079, -33.898339911395553 ], [ 151.175758071786817, -33.898308016529327 ], [ 151.175621028147845, -33.898315527334518 ], [ 151.175625893894363, -33.898353106405914 ], [ 151.175781846279079, -33.898339911395553 ] ], [ [ 151.175450210530357, -33.898732617074771 ], [ 151.175387233871305, -33.898716897353175 ], [ 151.175396475381262, -33.898737244083897 ], [ 151.175450210530357, -33.898732617074771 ] ], [ [ 151.175425045748682, -33.898364925547043 ], [ 151.175302363640384, -33.898352761329512 ], [ 151.175452623512001, -33.898367932635011 ], [ 151.175425045748682, -33.898364925547043 ] ], [ [ 151.175230349402966, -33.898766341084745 ], [ 151.175299261880866, -33.898783542542276 ], [ 151.17530492047581, -33.898758241059845 ], [ 151.175255893309867, -33.89876345260933 ], [ 151.175230349402966, -33.898766341084745 ] ], [ [ 151.175255290818825, -33.898353043673708 ], [ 151.175223164133655, -33.898345024390117 ], [ 151.175126932856728, -33.898341805017061 ], [ 151.175133282012354, -33.898364283751484 ], [ 151.175255290818825, -33.898353043673708 ] ], [ [ 151.17535190000001, -33.8855185 ], [ 151.175406177043953, -33.885486036026691 ], [ 151.175139474271418, -33.885407812975444 ], [ 151.175197305056003, -33.885472450234133 ], [ 151.1751791843825, -33.885483617682809 ], [ 151.17535190000001, -33.8855185 ] ], [ [ 151.175121581319985, -33.898120963540435 ], [ 151.175084811574294, -33.898122253055881 ], [ 151.175121704428932, -33.89812242222785 ], [ 151.175121581319985, -33.898120963540435 ] ], [ [ 151.174943530952191, -33.898426548915829 ], [ 151.174946224512638, -33.898427221273799 ], [ 151.174945811345566, -33.898426266797259 ], [ 151.174943530952191, -33.898426548915829 ] ], [ [ 151.175151303431164, -33.885681124916232 ], [ 151.175119564220182, -33.885700994115041 ], [ 151.1751971, -33.8856887 ], [ 151.17510893366142, -33.885632209440367 ], [ 151.175151303431164, -33.885681124916232 ] ], [ [ 151.174858633946911, -33.898437051905461 ], [ 151.174863508689043, -33.898438268726565 ], [ 151.174873420191545, -33.898435222637197 ], [ 151.174858633946911, -33.898437051905461 ] ], [ [ 151.174953897181496, -33.883852125189343 ], [ 151.174936746171483, -33.883887940800925 ], [ 151.175064004940026, -33.883927745366769 ], [ 151.175124298751427, -33.883889525538514 ], [ 151.174880993079199, -33.883828783491829 ], [ 151.174953897181496, -33.883852125189343 ] ], [ [ 151.173859140885497, -33.902098109214066 ], [ 151.174718662993911, -33.902312657144719 ], [ 151.174646405284363, -33.902156633164644 ], [ 151.174421358016389, -33.902210483788828 ], [ 151.173851712111372, -33.902076167760548 ], [ 151.173859140885497, -33.902098109214066 ] ], [ [ 151.1745896548573, -33.902079743585908 ], [ 151.174576176889104, -33.902082967152765 ], [ 151.174593103051592, -33.902087192104595 ], [ 151.1745896548573, -33.902079743585908 ] ], [ [ 151.174452410744465, -33.898831717559709 ], [ 151.174484, -33.898828 ], [ 151.174581251658282, -33.898817318488469 ], [ 151.174428847483682, -33.898779275393501 ], [ 151.174452410744465, -33.898831717559709 ] ], [ [ 151.174506842833949, -33.897748727603506 ], [ 151.174579752870613, -33.89775873753721 ], [ 151.174526952973679, -33.897716068564016 ], [ 151.174506842833949, -33.897748727603506 ] ], [ [ 151.1742808, -33.8992935 ], [ 151.17446159488199, -33.899302694594162 ], [ 151.174458007162457, -33.899270763852279 ], [ 151.174176190370503, -33.899300100248119 ], [ 151.174189336691938, -33.899340511428726 ], [ 151.174290850872183, -33.899365851470286 ], [ 151.1742808, -33.8992935 ] ], [ [ 151.17442362172622, -33.889222849131443 ], [ 151.174400649011233, -33.889169384046909 ], [ 151.174313885378496, -33.889195453970046 ], [ 151.17442362172622, -33.889222849131443 ] ], [ [ 151.1740948, -33.898482799999982 ], [ 151.174198585633292, -33.898504904656669 ], [ 151.174170722553413, -33.898439236737254 ], [ 151.17400295082254, -33.898494730606359 ], [ 151.173786528551233, -33.898449528970652 ], [ 151.17378861918553, -33.898472785551739 ], [ 151.173990866057153, -33.898523271624612 ], [ 151.1740948, -33.898482799999982 ] ], [ [ 151.174188037119364, -33.888616265217287 ], [ 151.174187789782707, -33.888615693137908 ], [ 151.17418401213331, -33.888615260385947 ], [ 151.174188037119364, -33.888616265217287 ] ], [ [ 151.173558430623075, -33.888993918091501 ], [ 151.172994950236699, -33.888864328079997 ], [ 151.173468525049969, -33.888982558905489 ], [ 151.173455425599997, -33.889069258983177 ], [ 151.173137528575666, -33.889017077474129 ], [ 151.173133671558162, -33.889045486583434 ], [ 151.173791990760463, -33.889197129755686 ], [ 151.173820142871762, -33.889279228595065 ], [ 151.174123662534782, -33.889223582923258 ], [ 151.1736018, -33.8890933 ], [ 151.173558430623075, -33.888993918091501 ] ], [ [ 151.173788564657627, -33.898066340715147 ], [ 151.173665330582452, -33.898035577971527 ], [ 151.173795303096142, -33.898081458258247 ], [ 151.173788564657627, -33.898066340715147 ] ], [ [ 151.173931102422245, -33.888585142426969 ], [ 151.173952943439787, -33.888578574416734 ], [ 151.173933217960098, -33.888573649937868 ], [ 151.173931102422245, -33.888585142426969 ] ], [ [ 151.173581058299789, -33.898466395460225 ], [ 151.173538142416589, -33.898490543095484 ], [ 151.173701945141801, -33.898531432896391 ], [ 151.173692709035436, -33.89848937646881 ], [ 151.173581058299789, -33.898466395460225 ] ], [ [ 151.173312809431167, -33.898111801000915 ], [ 151.17331793081857, -33.89814161294224 ], [ 151.173359863833838, -33.898141135446402 ], [ 151.173341146831632, -33.898118874920819 ], [ 151.173312809431167, -33.898111801000915 ] ], [ [ 151.17329380000001, -33.8970685 ], [ 151.173239191324825, -33.897076985678787 ], [ 151.173201682900753, -33.897135458668444 ], [ 151.173339924874739, -33.897169968684942 ], [ 151.17329380000001, -33.8970685 ] ], [ [ 151.172930718308805, -33.890045121093358 ], [ 151.17339620278517, -33.88990664450457 ], [ 151.172985938614175, -33.88979258695575 ], [ 151.17298171508142, -33.889815930330613 ], [ 151.172936436872874, -33.889810304650922 ], [ 151.173020615245917, -33.889854430244739 ], [ 151.17301661532602, -33.889879730256496 ], [ 151.172943115225507, -33.889870430425056 ], [ 151.172955615775749, -33.890032830412402 ], [ 151.172870843257442, -33.890021508440043 ], [ 151.172930718308805, -33.890045121093358 ] ], [ [ 151.172662862015784, -33.897255942388171 ], [ 151.173177947852679, -33.897383234385607 ], [ 151.1728958, -33.8973128 ], [ 151.172883663840196, -33.89726973664569 ], [ 151.172788033615149, -33.897236673160009 ], [ 151.172662862015784, -33.897255942388171 ] ], [ [ 151.173267687937425, -33.888416117407637 ], [ 151.173337822347719, -33.888425007298387 ], [ 151.173269247582056, -33.888407887147537 ], [ 151.173267687937425, -33.888416117407637 ] ], [ [ 151.172933080536041, -33.899036042841658 ], [ 151.172930287868127, -33.899027194161334 ], [ 151.172907887229854, -33.899029753756018 ], [ 151.172933080536041, -33.899036042841658 ] ], [ [ 151.172907989467006, -33.887999044341043 ], [ 151.173162888098688, -33.888030315268615 ], [ 151.172911433314255, -33.887969688824974 ], [ 151.172907989467006, -33.887999044341043 ] ], [ [ 151.173102301879823, -33.888304638117077 ], [ 151.173110606419726, -33.888306711418046 ], [ 151.173110738497883, -33.888306029245754 ], [ 151.173102301879823, -33.888304638117077 ] ], [ [ 151.173047738240797, -33.88791609225958 ], [ 151.172895137580724, -33.8878779938305 ], [ 151.172901225209699, -33.887908819391647 ], [ 151.173047738240797, -33.88791609225958 ] ], [ [ 151.1730253947118, -33.888762074947955 ], [ 151.173025740812392, -33.888745533482165 ], [ 151.173019128588891, -33.888760510558186 ], [ 151.1730253947118, -33.888762074947955 ] ], [ [ 151.172678020059692, -33.902349662242365 ], [ 151.17271414450218, -33.902366456376136 ], [ 151.17272759435582, -33.902362037310432 ], [ 151.172678020059692, -33.902349662242365 ] ], [ [ 151.172972055583244, -33.889068870498953 ], [ 151.172865716140876, -33.889062361342226 ], [ 151.172968576217698, -33.889088041231297 ], [ 151.172972055583244, -33.889068870498953 ] ], [ [ 151.172649147166027, -33.898198029941476 ], [ 151.172727763867016, -33.89818997984851 ], [ 151.17263369572504, -33.898166496913838 ], [ 151.172649147166027, -33.898198029941476 ] ], [ [ 151.172617199772731, -33.899029689582314 ], [ 151.17270528041422, -33.899014774606663 ], [ 151.172598079881624, -33.89898801353111 ], [ 151.172617199772731, -33.899029689582314 ] ], [ [ 151.172883690913608, -33.889555742241875 ], [ 151.172889638558814, -33.889522972100515 ], [ 151.172705712326376, -33.889479611380473 ], [ 151.172692320254612, -33.88951141003227 ], [ 151.172883690913608, -33.889555742241875 ] ], [ [ 151.172804647154805, -33.888817302662261 ], [ 151.172755046021081, -33.888821084619309 ], [ 151.17288985134843, -33.888838574716694 ], [ 151.172804647154805, -33.888817302662261 ] ], [ [ 151.172584217594874, -33.897096968444309 ], [ 151.172593964835926, -33.897119091456346 ], [ 151.172690407756079, -33.897151911192474 ], [ 151.172670500000038, -33.8971352 ], [ 151.172584217594874, -33.897096968444309 ] ], [ [ 151.172774987549019, -33.890143255428043 ], [ 151.17275110097566, -33.890140454801482 ], [ 151.172774439736514, -33.890146281489429 ], [ 151.172774987549019, -33.890143255428043 ] ], [ [ 151.172751726456369, -33.888920758698475 ], [ 151.172749273330083, -33.888926394669397 ], [ 151.17279561999149, -33.888931717163466 ], [ 151.172751726456369, -33.888920758698475 ] ], [ [ 151.172495414219156, -33.902947461267246 ], [ 151.172485599242179, -33.902928546186232 ], [ 151.172405373156124, -33.902908519544638 ], [ 151.17241444801374, -33.902927249882097 ], [ 151.172495414219156, -33.902947461267246 ] ], [ [ 151.172759735669075, -33.890227505191604 ], [ 151.172753096624177, -33.890228231701315 ], [ 151.172759322752228, -33.890229786097578 ], [ 151.172759735669075, -33.890227505191604 ] ], [ [ 151.172735956288989, -33.890358859578534 ], [ 151.172692933282264, -33.89035262493379 ], [ 151.172735175769105, -33.890363171066902 ], [ 151.172735956288989, -33.890358859578534 ] ], [ [ 151.172535939326337, -33.89708435390952 ], [ 151.172565100000014, -33.8970885 ], [ 151.172531404366225, -33.89707358984996 ], [ 151.172535939326337, -33.89708435390952 ] ], [ [ 151.172696989284589, -33.888825511268152 ], [ 151.172689390057599, -33.888826090683928 ], [ 151.172696601029543, -33.888827890982974 ], [ 151.172696989284589, -33.888825511268152 ] ], [ [ 151.172513064012037, -33.897065474142991 ], [ 151.172381700410455, -33.897007249907865 ], [ 151.172392705830873, -33.897032893792442 ], [ 151.172513064012037, -33.897065474142991 ] ], [ [ 151.172637645961743, -33.889365845922114 ], [ 151.172636880722933, -33.889370431934125 ], [ 151.17267200019873, -33.889374422802341 ], [ 151.172637645961743, -33.889365845922114 ] ], [ [ 151.172288899271166, -33.897560922678672 ], [ 151.172387478703143, -33.897550651999239 ], [ 151.172281613300981, -33.89752422352985 ], [ 151.172288899271166, -33.897560922678672 ] ], [ [ 151.172334206153266, -33.889905728107706 ], [ 151.172403914888861, -33.889923131673633 ], [ 151.172400575515923, -33.889943824278802 ], [ 151.172509562956037, -33.889952154884746 ], [ 151.172405567963835, -33.889914116145945 ], [ 151.172334206153266, -33.889905728107706 ] ], [ [ 151.1723757, -33.890007 ], [ 151.172464091217506, -33.890014044729817 ], [ 151.1723814, -33.8899934 ], [ 151.172385856567075, -33.889970290181296 ], [ 151.172327147399784, -33.889964505212482 ], [ 151.1723725150338, -33.889975831751308 ], [ 151.172362115198325, -33.890028431780522 ], [ 151.172296187483312, -33.890019694589299 ], [ 151.172369406376561, -33.890037974507635 ], [ 151.1723757, -33.890007 ] ], [ [ 151.172438775526302, -33.889826365939143 ], [ 151.172438602754056, -33.889827954874967 ], [ 151.172450521535069, -33.889829298456405 ], [ 151.172438775526302, -33.889826365939143 ] ], [ [ 151.172427107473766, -33.889879421134211 ], [ 151.172426860905944, -33.889881481793296 ], [ 151.172442383927972, -33.889883235064346 ], [ 151.172427107473766, -33.889879421134211 ] ], [ [ 151.172435211195506, -33.889797115942038 ], [ 151.17237423798116, -33.889796659792083 ], [ 151.172432549908791, -33.889811218015971 ], [ 151.172435211195506, -33.889797115942038 ] ], [ [ 151.172423090418079, -33.890298623335681 ], [ 151.172278, -33.8902624 ], [ 151.172286835951297, -33.890223047295429 ], [ 151.172219205504433, -33.890213949467871 ], [ 151.17227841578304, -33.890228731993496 ], [ 151.172272115909351, -33.890268632011988 ], [ 151.172191281863491, -33.89026624641415 ], [ 151.172423090418079, -33.890298623335681 ] ], [ [ 151.172418481982561, -33.890230480137085 ], [ 151.172301751550037, -33.890201337158274 ], [ 151.172299821484842, -33.890215675132055 ], [ 151.172418481982561, -33.890230480137085 ] ], [ [ 151.172408491738537, -33.890159125464869 ], [ 151.172376830750608, -33.890154564173713 ], [ 151.172323105899153, -33.890141151186036 ], [ 151.172322110194187, -33.890147478860627 ], [ 151.172408491738537, -33.890159125464869 ] ], [ [ 151.172412508161642, -33.8898615983396 ], [ 151.172378831098399, -33.889856977477415 ], [ 151.172411891640678, -33.889865231408528 ], [ 151.172412508161642, -33.8898615983396 ] ], [ [ 151.172221886541223, -33.897248128918399 ], [ 151.172225068162703, -33.89724445783704 ], [ 151.172219315257792, -33.897243021659321 ], [ 151.172221886541223, -33.897248128918399 ] ], [ [ 151.172260265176277, -33.890165182552984 ], [ 151.172301331782279, -33.890191996778782 ], [ 151.17230601524156, -33.890168189198285 ], [ 151.172260265176277, -33.890165182552984 ] ], [ [ 151.172234507132629, -33.890333555641838 ], [ 151.172231716060992, -33.890325932110869 ], [ 151.172168255350272, -33.890317015113645 ], [ 151.172234507132629, -33.890333555641838 ] ], [ [ 151.172078140304734, -33.890464544606779 ], [ 151.172165286140341, -33.890486301606728 ], [ 151.17216720679798, -33.890475652410856 ], [ 151.172078140304734, -33.890464544606779 ] ], [ [ 151.172066199999989, -33.8907786 ], [ 151.17205175414793, -33.890803093549977 ], [ 151.172129475955501, -33.890813500537362 ], [ 151.172075, -33.8907999 ], [ 151.172066199999989, -33.8907786 ] ], [ [ 151.172130334694032, -33.890637849004698 ], [ 151.172122517092333, -33.890668232396784 ], [ 151.172032096194471, -33.890656817736222 ], [ 151.172122749691056, -33.890679450456958 ], [ 151.172130334694032, -33.890637849004698 ] ], [ [ 151.17188761509243, -33.887340925326079 ], [ 151.172173713964412, -33.887424052857682 ], [ 151.17217151055047, -33.887365221716799 ], [ 151.171883091153632, -33.887293211825138 ], [ 151.17188761509243, -33.887340925326079 ] ], [ [ 151.172038764934797, -33.89081249881076 ], [ 151.172040550736114, -33.890801892587966 ], [ 151.171948990898557, -33.890790085621653 ], [ 151.172038764934797, -33.89081249881076 ] ], [ [ 151.171725418842357, -33.896516969971465 ], [ 151.171847958840601, -33.896527867703099 ], [ 151.171853190180855, -33.896519739276236 ], [ 151.171742406745381, -33.896492082242347 ], [ 151.171725418842357, -33.896516969971465 ] ], [ [ 151.170421481639522, -33.89091494164483 ], [ 151.170706357179768, -33.890964467976801 ], [ 151.170720263095774, -33.890933581446895 ], [ 151.170414866825666, -33.890865886406068 ], [ 151.170421481639522, -33.89091494164483 ] ], [ [ 151.170315577068635, -33.890923202146311 ], [ 151.170146358858091, -33.890880952147953 ], [ 151.170153754308444, -33.890935824057784 ], [ 151.170315577068635, -33.890923202146311 ] ] ], [ [ [ 151.206595583948285, -33.903526459763135 ], [ 151.207268181934637, -33.9036846918154 ], [ 151.207279390586535, -33.903708418537761 ], [ 151.206601982774572, -33.90355596739527 ], [ 151.206595583948285, -33.903526459763135 ] ] ], [ [ [ 151.203492704385297, -33.888175201194692 ], [ 151.204432015834215, -33.888406538286496 ], [ 151.204440420371952, -33.888424333496353 ], [ 151.203492180446574, -33.888200186510787 ], [ 151.203492704385297, -33.888175201194692 ] ] ], [ [ [ 151.203411867141313, -33.888017843455373 ], [ 151.203470970405107, -33.888008931878289 ], [ 151.204119799936791, -33.888170742005492 ], [ 151.20414781478658, -33.88823005943339 ], [ 151.204076689236132, -33.888253423312754 ], [ 151.203427859177367, -33.88809161294278 ], [ 151.203399121432625, -33.88806679288907 ], [ 151.203411867141313, -33.888017843455373 ] ] ], [ [ [ 151.2028804, -33.8759264 ], [ 151.203561730749044, -33.876058746887196 ], [ 151.203553030864867, -33.87609734691025 ], [ 151.2028716, -33.8759649 ], [ 151.2028804, -33.8759264 ] ] ], [ [ [ 151.203035699999987, -33.8660136 ], [ 151.2030206, -33.8659015 ], [ 151.2031045, -33.8658938 ], [ 151.203382498214495, -33.865963146331296 ], [ 151.203397598587713, -33.86607524630822 ], [ 151.203313698535624, -33.866082946496114 ], [ 151.203035699999987, -33.8660136 ] ] ], [ [ [ 151.1981211, -33.8657006 ], [ 151.20017070795285, -33.866213833122444 ], [ 151.20019050875689, -33.866256732915275 ], [ 151.199879023851821, -33.867257036995845 ], [ 151.199827423813332, -33.86726943759664 ], [ 151.199620922060461, -33.867222539953652 ], [ 151.197690099999988, -33.866738499999983 ], [ 151.198074200000036, -33.8657374 ], [ 151.1981211, -33.8657006 ] ] ], [ [ [ 151.195833400000026, -33.8938697 ], [ 151.1958055, -33.8938308 ], [ 151.1958894, -33.8937895 ], [ 151.196167481093084, -33.893858865078208 ], [ 151.196195281243405, -33.893897765019851 ], [ 151.196111481299283, -33.893939065210837 ], [ 151.195833400000026, -33.8938697 ] ] ], [ [ [ 151.192630799999989, -33.8948273 ], [ 151.192612, -33.8947861 ], [ 151.192698, -33.894759099999987 ], [ 151.19297608128187, -33.894828472294414 ], [ 151.192994881431645, -33.894869772256392 ], [ 151.192908881439195, -33.894896672450919 ], [ 151.192630799999989, -33.8948273 ] ] ], [ [ [ 151.1905065, -33.8712699 ], [ 151.1899828, -33.871134 ], [ 151.1899228, -33.87110460000001 ], [ 151.18994260859796, -33.871076758784753 ], [ 151.18954020000001, -33.8709515 ], [ 151.1889761, -33.870724899999978 ], [ 151.1892348, -33.8703174 ], [ 151.189809333245677, -33.870460779886358 ], [ 151.190649937306517, -33.870833576084564 ], [ 151.190425010646294, -33.87118788864521 ], [ 151.191465218178934, -33.871455428033691 ], [ 151.1917345, -33.8713038 ], [ 151.192568245308195, -33.871493367370597 ], [ 151.19265774589303, -33.871556066970314 ], [ 151.192551646384061, -33.871660467480019 ], [ 151.19238006084214, -33.871617651792462 ], [ 151.192339559262308, -33.871657352948915 ], [ 151.192640873719938, -33.871717483212358 ], [ 151.192821874141003, -33.871792882802545 ], [ 151.193099575301261, -33.872063782189038 ], [ 151.193186276038631, -33.872261582008655 ], [ 151.19300647615276, -33.872347382431592 ], [ 151.1927192, -33.8722757 ], [ 151.192223, -33.8717694 ], [ 151.192336364254714, -33.871659981852787 ], [ 151.192078693250721, -33.871595684690135 ], [ 151.191668273161895, -33.871826785465188 ], [ 151.191381, -33.8717551 ], [ 151.1912399, -33.8715823 ], [ 151.1912672440194, -33.871566903196054 ], [ 151.1905375, -33.8713848 ], [ 151.1902265, -33.8712857 ], [ 151.19013590000003, -33.8712138 ], [ 151.190164800000019, -33.8711981 ], [ 151.1905065, -33.8712699 ] ] ], [ [ [ 151.190821781707257, -33.895575977174545 ], [ 151.1905437, -33.8955066 ], [ 151.190519, -33.8954553 ], [ 151.190600100000012, -33.8954284 ], [ 151.190878181507941, -33.895497777041193 ], [ 151.190902881695223, -33.895549076990953 ], [ 151.190821781707257, -33.895575977174545 ] ] ], [ [ [ 151.18887935483616, -33.897781874791932 ], [ 151.187839700000012, -33.8975156 ], [ 151.1877699, -33.8973886 ], [ 151.1879006, -33.8973391 ], [ 151.188827552414722, -33.897570375110057 ], [ 151.188897353986988, -33.897697374631115 ], [ 151.188825523331587, -33.897724579644141 ], [ 151.188914754768859, -33.897765474523325 ], [ 151.18887935483616, -33.897781874791932 ] ] ], [ [ [ 151.184624083229039, -33.882866765741696 ], [ 151.184781226559608, -33.882930283113225 ], [ 151.184780416358137, -33.882968528616786 ], [ 151.18445095727219, -33.882920360624503 ], [ 151.183987565439992, -33.882804709977997 ], [ 151.183968078447066, -33.882779429815407 ], [ 151.184115615113029, -33.882679438057778 ], [ 151.184546227634598, -33.882781929279822 ], [ 151.184524288799565, -33.88275440722861 ], [ 151.184217394274242, -33.882677814570208 ], [ 151.184194659400731, -33.882648321087295 ], [ 151.184233157129853, -33.882617327787933 ], [ 151.184507446818401, -33.882684797972523 ], [ 151.1845952, -33.8826366 ], [ 151.184991164976452, -33.882735420809233 ], [ 151.18478162452331, -33.882679367316513 ], [ 151.184763527950196, -33.882636035994743 ], [ 151.184590281998737, -33.882571865445477 ], [ 151.184917660590514, -33.882637127956855 ], [ 151.1848756, -33.8825173 ], [ 151.18492214692796, -33.882458130183601 ], [ 151.184853878171907, -33.882417273003888 ], [ 151.184892375564431, -33.882386279486113 ], [ 151.185484203980451, -33.882513948634625 ], [ 151.185425716338329, -33.882492444276075 ], [ 151.185420728107545, -33.882442530434588 ], [ 151.185360304964945, -33.882399269152799 ], [ 151.18526283922148, -33.882370951542207 ], [ 151.185255367103423, -33.882336446827175 ], [ 151.185290729055083, -33.882317484779676 ], [ 151.185953902863361, -33.882482003175738 ], [ 151.185976638316475, -33.882511496353032 ], [ 151.185940946652494, -33.88254206759936 ], [ 151.186314228674007, -33.882635223118093 ], [ 151.18634241275825, -33.882677162529269 ], [ 151.186669906015823, -33.882763453874524 ], [ 151.1866784462689, -33.88280288775659 ], [ 151.186627185540374, -33.882869516075871 ], [ 151.186676227429729, -33.882908976645531 ], [ 151.186629536498458, -33.882957991042417 ], [ 151.187145176044879, -33.883086668988568 ], [ 151.187291176977084, -33.883190268356813 ], [ 151.187276759333287, -33.883210827572569 ], [ 151.187335407719701, -33.883269698777191 ], [ 151.187248565189861, -33.883370968563753 ], [ 151.187443447183057, -33.883419600426834 ], [ 151.187465848558134, -33.883467057097398 ], [ 151.187306801984107, -33.883482500211635 ], [ 151.187081333851665, -33.883427079928936 ], [ 151.187351275673649, -33.883507499092033 ], [ 151.187325652190395, -33.883538292452641 ], [ 151.187079364200713, -33.883477535955983 ], [ 151.187156553081337, -33.883547555993303 ], [ 151.18753817145523, -33.883644525831102 ], [ 151.187505605574557, -33.883676255826039 ], [ 151.187646310603526, -33.883711367695753 ], [ 151.187655810801743, -33.883746436978612 ], [ 151.187923828806333, -33.883813318267343 ], [ 151.18794228104008, -33.88385622396671 ], [ 151.188129385407365, -33.883931147511852 ], [ 151.188139037360571, -33.883975344337507 ], [ 151.188658044584884, -33.884120554313689 ], [ 151.1865813, -33.8836384 ], [ 151.1863215, -33.8834608 ], [ 151.1864182, -33.8833633 ], [ 151.18654675927786, -33.883380282941388 ], [ 151.186478183750609, -33.883360317247686 ], [ 151.18648268085596, -33.883326396179392 ], [ 151.186382160494787, -33.883297887983701 ], [ 151.186393520156031, -33.88325398509344 ], [ 151.186266036749942, -33.883201754477788 ], [ 151.186299034410212, -33.883175188226559 ], [ 151.186551556208201, -33.883233481612365 ], [ 151.186167005237451, -33.883137515207302 ], [ 151.186176011863608, -33.883102951167743 ], [ 151.18644786182719, -33.883168343604744 ], [ 151.186107097502344, -33.88307877925898 ], [ 151.186360131653799, -33.883132581720062 ], [ 151.186361184697034, -33.883103813029962 ], [ 151.186023046643697, -33.883015123879929 ], [ 151.186192424222952, -33.883051452337611 ], [ 151.186177947784415, -33.883003536642555 ], [ 151.185961438891042, -33.882949505215819 ], [ 151.185922087382693, -33.882971792072198 ], [ 151.185155294946043, -33.882780429440444 ], [ 151.185186618170491, -33.882819746282905 ], [ 151.185614480948686, -33.882940136365278 ], [ 151.185584239124296, -33.882956352844126 ], [ 151.185223783674502, -33.88286639628631 ], [ 151.185271171578421, -33.882925877321057 ], [ 151.185225744986639, -33.882977823164779 ], [ 151.185741821698059, -33.883106616588627 ], [ 151.185735066598539, -33.883132539590243 ], [ 151.184624083229039, -33.882866765741696 ] ], [ [ 151.186493259930728, -33.882963151598311 ], [ 151.186506435214653, -33.882975356266712 ], [ 151.18652176413471, -33.882970264927614 ], [ 151.186493259930728, -33.882963151598311 ] ], [ [ 151.186003384922685, -33.882925748915376 ], [ 151.185995794330296, -33.88293004787942 ], [ 151.186195537372498, -33.882973701970435 ], [ 151.186003384922685, -33.882925748915376 ] ], [ [ 151.186099825628219, -33.882921785427868 ], [ 151.186052016223613, -33.882898206351165 ], [ 151.18603774034321, -33.882906291566556 ], [ 151.186099825628219, -33.882921785427868 ] ] ], [ [ [ 151.188311313409173, -33.884136371373707 ], [ 151.187962274814822, -33.884049836513654 ], [ 151.188121259056118, -33.884103658450513 ], [ 151.188091034190137, -33.884139981884793 ], [ 151.18734958856615, -33.883954961380908 ], [ 151.187350469500075, -33.883913319529476 ], [ 151.187554443559463, -33.883945522542341 ], [ 151.187562091877396, -33.883916671476463 ], [ 151.187014140827245, -33.883764233309194 ], [ 151.187869602417351, -33.883965376916827 ], [ 151.187870546718784, -33.883989572299512 ], [ 151.188320319301368, -33.884101807157741 ], [ 151.188311313409173, -33.884136371373707 ] ] ], [ [ [ 151.18763580000001, -33.8967839 ], [ 151.1876158, -33.8967582 ], [ 151.187691199999989, -33.8967178 ], [ 151.187969282980731, -33.896787183657587 ], [ 151.187989283081578, -33.896812883615404 ], [ 151.187913883142159, -33.896853283787564 ], [ 151.18763580000001, -33.8967839 ] ] ], [ [ [ 151.187385739786066, -33.893539224889025 ], [ 151.187966705517368, -33.893678357514055 ], [ 151.187983508579379, -33.893713949962503 ], [ 151.187940828095179, -33.893727962505196 ], [ 151.187384682302508, -33.893589195033535 ], [ 151.187385739786066, -33.893539224889025 ] ] ], [ [ [ 151.187251621421211, -33.875748150442284 ], [ 151.188316507615696, -33.876003219479053 ], [ 151.18834730778724, -33.876068472190937 ], [ 151.18826907668867, -33.876094162673205 ], [ 151.187249683854446, -33.875839762631578 ], [ 151.187213958626927, -33.875793416598604 ], [ 151.187251621421211, -33.875748150442284 ] ] ], [ [ [ 151.187891, -33.869335899999989 ], [ 151.1879429, -33.8693067 ], [ 151.188220895279954, -33.869376080476854 ], [ 151.188372595830202, -33.869504380150715 ], [ 151.188330996193145, -33.869629480255462 ], [ 151.187954600000012, -33.8695325 ], [ 151.187891, -33.869335899999989 ] ] ], [ [ [ 151.187979995636255, -33.88128462763644 ], [ 151.187309915036224, -33.881129741267699 ], [ 151.187148654782646, -33.881075012248694 ], [ 151.187134654383954, -33.881045351799401 ], [ 151.187170216205942, -33.881033674722701 ], [ 151.187726281035225, -33.881172440751953 ], [ 151.187735453848347, -33.88120790324863 ], [ 151.187979995636255, -33.88128462763644 ] ] ], [ [ [ 151.18779226133438, -33.86936369415676 ], [ 151.187505, -33.869292 ], [ 151.1873306, -33.8691398 ], [ 151.1873324, -33.8689464 ], [ 151.1875379, -33.868876399999984 ], [ 151.187825159988847, -33.868948094039844 ], [ 151.188041760719869, -33.869106893556285 ], [ 151.188111961069836, -33.869192493402927 ], [ 151.18779226133438, -33.86936369415676 ] ] ], [ [ [ 151.185121836478231, -33.9023132334571 ], [ 151.185278252649027, -33.902328258391364 ], [ 151.186576051046671, -33.902652071179006 ], [ 151.186604057822052, -33.902711392223964 ], [ 151.186532915743243, -33.902734745366828 ], [ 151.185821197718042, -33.902557166946217 ], [ 151.185817301766548, -33.902591410446256 ], [ 151.185781832862773, -33.902596752065747 ], [ 151.185225634087203, -33.902457973259061 ], [ 151.185211221100502, -33.902419508523856 ], [ 151.185103392244372, -33.902382395161325 ], [ 151.185210352367449, -33.902391260689811 ], [ 151.185214205633031, -33.902343086612923 ], [ 151.185121836478231, -33.9023132334571 ] ] ], [ [ [ 151.186448180251574, -33.875546236566933 ], [ 151.187121695173289, -33.875708497732241 ], [ 151.187138494705209, -33.875744090267837 ], [ 151.187095823188571, -33.87575810284519 ], [ 151.186447122937864, -33.875596206831567 ], [ 151.186448180251574, -33.875546236566933 ] ] ], [ [ [ 151.186311520735586, -33.881466908985608 ], [ 151.186896539641623, -33.881606105077736 ], [ 151.186916140200651, -33.881647629741067 ], [ 151.1868663532413, -33.881663977527893 ], [ 151.186310286834612, -33.88152520756713 ], [ 151.186287551509508, -33.881495714451759 ], [ 151.186311520735586, -33.881466908985608 ] ] ], [ [ [ 151.186589734456788, -33.86847378248229 ], [ 151.1856631, -33.868242499999987 ], [ 151.1856382, -33.8682345 ], [ 151.185658, -33.8681919 ], [ 151.186584633900509, -33.868423182504102 ], [ 151.186609534062029, -33.868431182321494 ], [ 151.186589734456788, -33.86847378248229 ] ] ], [ [ [ 151.18527383142461, -33.8832423156095 ], [ 151.186143406326607, -33.883445135071227 ], [ 151.186160206811621, -33.883480727734195 ], [ 151.186117531237443, -33.883494739824258 ], [ 151.185283416784415, -33.883286578424347 ], [ 151.18527383142461, -33.8832423156095 ] ] ], [ [ [ 151.18516558051536, -33.883092021562462 ], [ 151.18602450999731, -33.883300549156296 ], [ 151.186041310406608, -33.883336141833716 ], [ 151.185998634888051, -33.883350153884614 ], [ 151.185164522153428, -33.883141991730277 ], [ 151.18516558051536, -33.883092021562462 ] ] ], [ [ [ 151.185292277952897, -33.88204356268227 ], [ 151.18584834581921, -33.882182337285236 ], [ 151.186051254823695, -33.882253608364678 ], [ 151.185270715361725, -33.882084899834943 ], [ 151.185256715474736, -33.882055239192653 ], [ 151.185292277952897, -33.88204356268227 ] ] ], [ [ [ 151.185981322902535, -33.882274763177158 ], [ 151.18577961060933, -33.882241970006021 ], [ 151.185771611849759, -33.882283988287675 ], [ 151.185724331268403, -33.882291110816745 ], [ 151.185168262931626, -33.882152335639518 ], [ 151.185145863158738, -33.882104878594326 ], [ 151.185202763174516, -33.882086196225856 ], [ 151.185981322902535, -33.882274763177158 ] ] ], [ [ [ 151.185338634569575, -33.882007274375816 ], [ 151.185915383029339, -33.882146353324615 ], [ 151.185929383161323, -33.88217601389956 ], [ 151.185893820705502, -33.882187690594762 ], [ 151.18533775272158, -33.882048916193689 ], [ 151.185338634569575, -33.882007274375816 ] ] ], [ [ [ 151.1850656387399, -33.883004363324439 ], [ 151.185115426799769, -33.882988016305852 ], [ 151.185764179520163, -33.88314992090227 ], [ 151.185783779839795, -33.883191445729551 ], [ 151.185733991774697, -33.883207793018158 ], [ 151.185085238685673, -33.88304588825163 ], [ 151.1850656387399, -33.883004363324439 ] ] ], [ [ [ 151.185896519964984, -33.871224644060298 ], [ 151.185567455469482, -33.871174094370829 ], [ 151.184640795280046, -33.870942803425955 ], [ 151.184621198045051, -33.870901278448329 ], [ 151.18477334516345, -33.870895456993566 ], [ 151.185885337905546, -33.871173004108599 ], [ 151.185896519964984, -33.871224644060298 ] ] ], [ [ [ 151.1842448535036, -33.883332978182153 ], [ 151.184303955073489, -33.883324075758061 ], [ 151.185138067194316, -33.883532243725462 ], [ 151.18516606732868, -33.883591565035182 ], [ 151.185094941026819, -33.883614917923637 ], [ 151.184260828228986, -33.883406749643783 ], [ 151.184232097757018, -33.883381925331861 ], [ 151.1842448535036, -33.883332978182153 ] ] ], [ [ [ 151.184307692472146, -33.883254784599437 ], [ 151.184977126499064, -33.883416998188096 ], [ 151.184991126488029, -33.883446658860045 ], [ 151.184955563381408, -33.883458335260471 ], [ 151.184306810081836, -33.883296426385058 ], [ 151.184307692472146, -33.883254784599437 ] ] ], [ [ [ 151.18359969862226, -33.900210009986594 ], [ 151.18367083929067, -33.900186658487179 ], [ 151.184597809250249, -33.90041796597891 ], [ 151.184625813975401, -33.900477287425559 ], [ 151.184554673296219, -33.900500639476377 ], [ 151.183627702583806, -33.900269331637283 ], [ 151.18359969862226, -33.900210009986594 ] ] ], [ [ [ 151.184300631644533, -33.8830120709572 ], [ 151.184151282363615, -33.882986623568115 ], [ 151.184131614947574, -33.883018294169148 ], [ 151.183760901347142, -33.882925772825757 ], [ 151.183749701762594, -33.882902044187929 ], [ 151.18380527220188, -33.882899471902711 ], [ 151.183793689405206, -33.882871210052372 ], [ 151.183829252406866, -33.882859533983634 ], [ 151.184292644290309, -33.882975185227615 ], [ 151.184300631644533, -33.8830120709572 ] ] ], [ [ [ 151.182818371744304, -33.868467904488618 ], [ 151.1820456, -33.868275 ], [ 151.181943700000033, -33.86813930000001 ], [ 151.182754, -33.8677197 ], [ 151.182903, -33.8677168 ], [ 151.183216773545979, -33.867795125012627 ], [ 151.1832434, -33.8677769 ], [ 151.1835103, -33.86781 ], [ 151.184375274511666, -33.868046178468326 ], [ 151.184272676100051, -33.868323278979112 ], [ 151.183746078286731, -33.868814881422473 ], [ 151.1827829, -33.8685722 ], [ 151.182818371744304, -33.868467904488618 ] ] ], [ [ [ 151.182932301272814, -33.896616616300385 ], [ 151.183694528700954, -33.896801971372007 ], [ 151.183708530208662, -33.896831632185695 ], [ 151.183672961299351, -33.896843308003504 ], [ 151.182931417769964, -33.896658257963786 ], [ 151.182932301272814, -33.896616616300385 ] ] ], [ [ [ 151.183583813807786, -33.902078301747544 ], [ 151.182371684574179, -33.901789972230041 ], [ 151.182357682806867, -33.901760311275623 ], [ 151.182393253952426, -33.901748635919567 ], [ 151.183227538206552, -33.90195682197426 ], [ 151.183592199621529, -33.90205662673138 ], [ 151.183583813807786, -33.902078301747544 ] ] ], [ [ [ 151.18340457939081, -33.878367079827683 ], [ 151.183993707959388, -33.878506349917608 ], [ 151.184016106237266, -33.878553807146915 ], [ 151.183959208371022, -33.878572489045773 ], [ 151.183403167123487, -33.878433706704051 ], [ 151.18337718594907, -33.878399999724984 ], [ 151.18340457939081, -33.878367079827683 ] ] ], [ [ [ 151.18312523680811, -33.900420942122302 ], [ 151.182190366404996, -33.900176278700918 ], [ 151.182097825914525, -33.900119828960086 ], [ 151.182133396399706, -33.900108153654998 ], [ 151.182599458785859, -33.900225307677992 ], [ 151.1825882, -33.9001488 ], [ 151.182790486180664, -33.900184046480859 ], [ 151.182848769990301, -33.900108248461052 ], [ 151.183320497545083, -33.90022540053937 ], [ 151.183318629440919, -33.900258888739934 ], [ 151.183497702334591, -33.900303574090458 ], [ 151.183523689797113, -33.90033728114971 ], [ 151.183479682657151, -33.900372701403477 ], [ 151.183348086096515, -33.900340989171383 ], [ 151.183329320803722, -33.900401722553163 ], [ 151.18344011677695, -33.900431652266448 ], [ 151.183424175408078, -33.900462204245933 ], [ 151.18312523680811, -33.900420942122302 ] ] ], [ [ [ 151.182894503453866, -33.881896037364399 ], [ 151.183035133720068, -33.881892257730243 ], [ 151.182961422921835, -33.881855454437584 ], [ 151.18359508704296, -33.882007687854063 ], [ 151.18334203852487, -33.881953874960729 ], [ 151.183813320859741, -33.88207997284654 ], [ 151.183846919394739, -33.882151158740157 ], [ 151.183761568897097, -33.882179181325974 ], [ 151.182811505010591, -33.881951957009854 ], [ 151.182998593618862, -33.881981105610656 ], [ 151.182985018435062, -33.881928837171635 ], [ 151.182894503453866, -33.881896037364399 ] ] ], [ [ [ 151.1814348, -33.8821587 ], [ 151.1812423, -33.8819294 ], [ 151.1813249, -33.8818818 ], [ 151.18177510000001, -33.8818124 ], [ 151.182516513672027, -33.881997453126985 ], [ 151.18258714180007, -33.882074079690405 ], [ 151.182697313908307, -33.882101577560029 ], [ 151.182716128835722, -33.882055340487867 ], [ 151.18265900689093, -33.882039371920754 ], [ 151.182664734284174, -33.882017395624025 ], [ 151.182794177607633, -33.882042304944008 ], [ 151.183720950800193, -33.882273613164806 ], [ 151.183763172236382, -33.882328386922538 ], [ 151.183741717156352, -33.882369516140898 ], [ 151.183664885916244, -33.882381088963101 ], [ 151.182620698611743, -33.882110486416032 ], [ 151.18266783991524, -33.882161631271657 ], [ 151.183291909689359, -33.882317390816496 ], [ 151.183334130864495, -33.882372164712649 ], [ 151.183262634692596, -33.882429723153813 ], [ 151.182793963202869, -33.882314579031032 ], [ 151.182579017613165, -33.882440352868315 ], [ 151.1814348, -33.8821587 ] ] ], [ [ [ 151.182803943310574, -33.86871170658484 ], [ 151.182598399999989, -33.8686587 ], [ 151.1826235, -33.8685915 ], [ 151.18394973123651, -33.868926902255538 ], [ 151.183908232248768, -33.869033502598128 ], [ 151.1827882, -33.8687527 ], [ 151.182803943310574, -33.86871170658484 ] ] ], [ [ [ 151.182497827925175, -33.869433123393705 ], [ 151.182202477532314, -33.869509441825585 ], [ 151.181927076342618, -33.869516345002801 ], [ 151.1803243, -33.8691138 ], [ 151.18030250000001, -33.8690539 ], [ 151.180351699999989, -33.8689927 ], [ 151.1811936, -33.8688155 ], [ 151.181615233182811, -33.868920754217704 ], [ 151.181567300000012, -33.8687942 ], [ 151.1821559, -33.8686405 ], [ 151.183545843986877, -33.868987460472496 ], [ 151.183839047950642, -33.86915095728093 ], [ 151.183926352048076, -33.86938165641785 ], [ 151.183127351730946, -33.869590265428769 ], [ 151.182497827925175, -33.869433123393705 ] ] ], [ [ [ 151.183123230729677, -33.900064914080808 ], [ 151.182977453053439, -33.900032646946023 ], [ 151.182950066740261, -33.900054331134008 ], [ 151.182690456036681, -33.899990250816977 ], [ 151.18266146991806, -33.900012295721417 ], [ 151.182197989405239, -33.899896635689025 ], [ 151.182186788262555, -33.899872906912591 ], [ 151.182277216891691, -33.899879031750146 ], [ 151.182312456278652, -33.899849203656785 ], [ 151.183123230729677, -33.900064914080808 ] ] ], [ [ [ 151.182988396466072, -33.902703736987363 ], [ 151.182339503257253, -33.902541813565364 ], [ 151.182244105191131, -33.902491125128961 ], [ 151.183009965802654, -33.902662400572446 ], [ 151.183023967932343, -33.902692061460826 ], [ 151.182988396466072, -33.902703736987363 ] ] ], [ [ [ 151.182218832346706, -33.903031351697557 ], [ 151.182984074894762, -33.903212847080709 ], [ 151.182995276655305, -33.903236575793983 ], [ 151.182225222680614, -33.903060860323166 ], [ 151.182218832346706, -33.903031351697557 ] ] ], [ [ [ 151.181338, -33.8662346 ], [ 151.1818672, -33.865987 ], [ 151.182608478589799, -33.866172048532249 ], [ 151.182642544449806, -33.866251412077098 ], [ 151.182825852286214, -33.86629717109787 ], [ 151.1826178, -33.866005199999989 ], [ 151.1826901, -33.8659579 ], [ 151.183431380351607, -33.866142943630585 ], [ 151.183672683894031, -33.866488442283739 ], [ 151.183634564722155, -33.866513849614449 ], [ 151.183685484338127, -33.866536742219949 ], [ 151.183659259266932, -33.866582568314179 ], [ 151.183696385030515, -33.866614642175037 ], [ 151.183652585090215, -33.866634142440525 ], [ 151.18321577087778, -33.866525103823989 ], [ 151.183134860425184, -33.866629313337363 ], [ 151.183334484697639, -33.866679144343969 ], [ 151.183581788723217, -33.867079442975438 ], [ 151.182013090598957, -33.867747352476435 ], [ 151.180967, -33.8674771 ], [ 151.1808451, -33.8672934 ], [ 151.181384834501387, -33.867046589003166 ], [ 151.180960307116209, -33.86694060940588 ], [ 151.180837501117651, -33.866997624777071 ], [ 151.180466520784108, -33.866905010990912 ], [ 151.180554480987581, -33.86703986097055 ], [ 151.180479681091953, -33.867073461424056 ], [ 151.180378179039764, -33.867048121662421 ], [ 151.18039608089876, -33.867074761921579 ], [ 151.180216281171312, -33.86715806301229 ], [ 151.179475, -33.866973 ], [ 151.1794248, -33.866848 ], [ 151.1795788, -33.8667766 ], [ 151.179682287316268, -33.866802436180443 ], [ 151.1796493, -33.8667519 ], [ 151.179724099999987, -33.8667182 ], [ 151.179909715531608, -33.866764539659883 ], [ 151.179838499999988, -33.8666587 ], [ 151.179983302916753, -33.866591446973452 ], [ 151.179318200000012, -33.8664254 ], [ 151.179182, -33.866357 ], [ 151.1799632, -33.8653613 ], [ 151.180889786267528, -33.865592623938639 ], [ 151.181043287385961, -33.865653422816926 ], [ 151.18048055713686, -33.866360497471774 ], [ 151.1806444, -33.8662844 ], [ 151.18152549249632, -33.866504359156657 ], [ 151.181729260958718, -33.866411021211384 ], [ 151.1813991, -33.8663286 ], [ 151.181338, -33.8662346 ] ], [ [ 151.181146466168684, -33.866854180607717 ], [ 151.18111325116837, -33.866869601501115 ], [ 151.181165345891912, -33.866882606529998 ], [ 151.181146466168684, -33.866854180607717 ] ] ], [ [ [ 151.182234678555318, -33.902976440227071 ], [ 151.182904260570155, -33.903138669522697 ], [ 151.182918262732755, -33.903168330422254 ], [ 151.182882691052498, -33.903180005910436 ], [ 151.182233794501713, -33.903018081831263 ], [ 151.182234678555318, -33.902976440227071 ] ] ], [ [ [ 151.183306546025904, -33.882907489429464 ], [ 151.182611985905965, -33.882749508211532 ], [ 151.182597986856109, -33.882719847296677 ], [ 151.182633549940675, -33.882708171576269 ], [ 151.18328229525855, -33.882870089032018 ], [ 151.183306546025904, -33.882907489429464 ] ] ], [ [ [ 151.182137978166111, -33.899966119504803 ], [ 151.182741445962193, -33.90009779060523 ], [ 151.182763848618805, -33.900145248066707 ], [ 151.182706935936864, -33.90016392884484 ], [ 151.182150758423774, -33.90002513677522 ], [ 151.182137978166111, -33.899966119504803 ] ] ], [ [ [ 151.181427836778738, -33.899547085706757 ], [ 151.182156149378301, -33.899721067858032 ], [ 151.182178551616687, -33.899768525414892 ], [ 151.182121639074097, -33.899787205927574 ], [ 151.181426421847135, -33.899613712280612 ], [ 151.181400435437581, -33.899580004809202 ], [ 151.181427836778738, -33.899547085706757 ] ] ], [ [ [ 151.1814062414511, -33.899632809702311 ], [ 151.182084069809861, -33.899795164814385 ], [ 151.182103671746887, -33.899836690187243 ], [ 151.182053873220298, -33.899853035605084 ], [ 151.181405003367502, -33.899691107952975 ], [ 151.181382265246299, -33.899661613911697 ], [ 151.1814062414511, -33.899632809702311 ] ] ], [ [ [ 151.18138783245692, -33.899772173279267 ], [ 151.181388893684897, -33.899722203351303 ], [ 151.181491865413136, -33.899725181450499 ], [ 151.181959466354158, -33.899841591343886 ], [ 151.181881795224314, -33.899840895934879 ], [ 151.181893995565162, -33.899873826021036 ], [ 151.181865623248655, -33.899889785249862 ], [ 151.18204351863281, -33.899936461241104 ], [ 151.182039231933345, -33.899994083412444 ], [ 151.182003861820476, -33.900013044211136 ], [ 151.181914435347721, -33.899991713 ], [ 151.181901715209563, -33.900013636130268 ], [ 151.181432052217502, -33.899896852353017 ], [ 151.181433588381026, -33.899871715982478 ], [ 151.181320447987332, -33.899831123219542 ], [ 151.181341800543606, -33.899790202530362 ], [ 151.181450295718349, -33.899810478934057 ], [ 151.181469519195247, -33.899792558694614 ], [ 151.18138783245692, -33.899772173279267 ] ] ], [ [ [ 151.18240063620857, -33.879381092842415 ], [ 151.181929023542693, -33.879263940672899 ], [ 151.181779211215257, -33.879194972899775 ], [ 151.182271029730657, -33.879301290647717 ], [ 151.182416573657548, -33.879350540779221 ], [ 151.18240063620857, -33.879381092842415 ] ] ], [ [ [ 151.181339698516751, -33.892793249731916 ], [ 151.182012159945714, -33.892951615743378 ], [ 151.182023360224264, -33.892975344529773 ], [ 151.181346087947844, -33.892822758414788 ], [ 151.181339698516751, -33.892793249731916 ] ] ], [ [ [ 151.181828180791172, -33.892852850856038 ], [ 151.181758890092084, -33.892845019030986 ], [ 151.181742673503692, -33.892867924437937 ], [ 151.181178144586227, -33.892711332821946 ], [ 151.181245132255128, -33.892715720163956 ], [ 151.181265662425687, -33.892684547579492 ], [ 151.181821791191027, -33.892823342192784 ], [ 151.181828180791172, -33.892852850856038 ] ] ], [ [ [ 151.180727400316385, -33.899274885089142 ], [ 151.180756149701068, -33.899251746346309 ], [ 151.181405014873889, -33.899413677279746 ], [ 151.181412918156042, -33.89944136774205 ], [ 151.181651391207168, -33.899500880091672 ], [ 151.181662592155362, -33.89952460891174 ], [ 151.181297685585434, -33.899449985718455 ], [ 151.181253417238452, -33.899470071698808 ], [ 151.180789941779551, -33.899354406514497 ], [ 151.180791976312491, -33.899298062529354 ], [ 151.180727400316385, -33.899274885089142 ] ] ], [ [ [ 151.181017546984833, -33.871381089727848 ], [ 151.182206310729356, -33.871657674964254 ], [ 151.182225906931734, -33.871699200288518 ], [ 151.182176125037216, -33.87171554636469 ], [ 151.18152746554847, -33.87155362564652 ], [ 151.181505043383964, -33.871525559030502 ], [ 151.181028744445712, -33.871404818581993 ], [ 151.181017546984833, -33.871381089727848 ] ] ], [ [ [ 151.181123611441649, -33.882678127915739 ], [ 151.181902535665699, -33.882852864666617 ], [ 151.181919334256634, -33.882888457849788 ], [ 151.181876658357709, -33.88290246845829 ], [ 151.181505948008862, -33.882809940421012 ], [ 151.181123611441649, -33.882678127915739 ] ] ], [ [ [ 151.180813184364411, -33.901667643510294 ], [ 151.181485713620503, -33.90182601443707 ], [ 151.181496914795872, -33.901849743272194 ], [ 151.180819574130652, -33.901697152195844 ], [ 151.180813184364411, -33.901667643510294 ] ] ], [ [ [ 151.180741642835557, -33.892246753768802 ], [ 151.181596514223003, -33.892455253516225 ], [ 151.181610514352883, -33.892484914541235 ], [ 151.181574947019783, -33.892496589810634 ], [ 151.180740758413407, -33.892288395411057 ], [ 151.180741642835557, -33.892246753768802 ] ] ], [ [ [ 151.181365131548887, -33.902263852549737 ], [ 151.180674864669982, -33.902108150940315 ], [ 151.180597224499962, -33.902036485779469 ], [ 151.18063279597817, -33.902024810944276 ], [ 151.181353949071166, -33.902212212390644 ], [ 151.181365131548887, -33.902263852549737 ] ] ], [ [ [ 151.18111028743175, -33.894096109834308 ], [ 151.18109932152808, -33.894139269550806 ], [ 151.181431083032777, -33.894252056629227 ], [ 151.181440667356128, -33.894296319643253 ], [ 151.180478306944906, -33.894070330820533 ], [ 151.180450883400255, -33.894001198752662 ], [ 151.180472237520235, -33.893983586744255 ], [ 151.180425894630872, -33.89394585346637 ], [ 151.180461462716323, -33.893934178556464 ], [ 151.18111028743175, -33.894096109834308 ] ] ], [ [ [ 151.181428963158851, -33.893885658399128 ], [ 151.181416022556078, -33.893910460144568 ], [ 151.18027556847602, -33.893609848037677 ], [ 151.180250368796266, -33.893556457944136 ], [ 151.180314391086512, -33.893535443180504 ], [ 151.18114859052605, -33.89374364079378 ], [ 151.181177823252966, -33.893781561723671 ], [ 151.181151209009926, -33.893816338667513 ], [ 151.181428963158851, -33.893885658399128 ] ] ], [ [ [ 151.180738072616322, -33.893515188437618 ], [ 151.181403441563987, -33.893677362507134 ], [ 151.181414641756675, -33.893701091343836 ], [ 151.180737365043569, -33.893548501744519 ], [ 151.180738072616322, -33.893515188437618 ] ] ], [ [ [ 151.181205113588447, -33.902118668844658 ], [ 151.180638619995051, -33.901978001424894 ], [ 151.180624618809901, -33.901948340292911 ], [ 151.180660190247551, -33.901936665448304 ], [ 151.181232619201808, -33.902096531739922 ], [ 151.181205113588447, -33.902118668844658 ] ] ], [ [ [ 151.180284608021367, -33.903126651504763 ], [ 151.181135448386812, -33.903335096501003 ], [ 151.181146649641306, -33.90335882536575 ], [ 151.18028390001615, -33.903159964751232 ], [ 151.180284608021367, -33.903126651504763 ] ] ], [ [ [ 151.180411281022202, -33.893877547156428 ], [ 151.181169341437794, -33.894062855845156 ], [ 151.18118054160999, -33.894086584701292 ], [ 151.180410573312713, -33.893910860455328 ], [ 151.180411281022202, -33.893877547156428 ] ] ], [ [ [ 151.181623418687366, -33.868417419388479 ], [ 151.1805976, -33.8681621 ], [ 151.1806123, -33.8681248 ], [ 151.181637518337254, -33.868380619271889 ], [ 151.181623418687366, -33.868417419388479 ] ] ], [ [ [ 151.180038822397904, -33.892986831616916 ], [ 151.180998797589098, -33.893218652588992 ], [ 151.181021197644696, -33.893266110327154 ], [ 151.180964289264267, -33.893284790457209 ], [ 151.180037406735664, -33.893053458210353 ], [ 151.180011422755996, -33.893019750494965 ], [ 151.180038822397904, -33.892986831616916 ] ] ], [ [ [ 151.18009723180478, -33.893181971418898 ], [ 151.180154140285993, -33.893163291693334 ], [ 151.180988335701528, -33.893371490272465 ], [ 151.181010735787197, -33.893418948012538 ], [ 151.180953827301579, -33.893437628133881 ], [ 151.18011963134424, -33.893229429304654 ], [ 151.18009723180478, -33.893181971418898 ] ] ], [ [ [ 151.180775225410031, -33.90117376114712 ], [ 151.180753020723074, -33.901192470489505 ], [ 151.180104143621122, -33.901030535761784 ], [ 151.180104570967842, -33.90099964361773 ], [ 151.180775225410031, -33.90117376114712 ] ] ], [ [ [ 151.180240615198898, -33.89348098933872 ], [ 151.180917890369301, -33.893633581625629 ], [ 151.180929090420193, -33.893657310502057 ], [ 151.180251815041231, -33.893504718270485 ], [ 151.180240615198898, -33.89348098933872 ] ] ], [ [ [ 151.179922782825059, -33.892731380606214 ], [ 151.180687928796715, -33.892912887367515 ], [ 151.180699128698052, -33.892936616262304 ], [ 151.179929171760733, -33.892760889346704 ], [ 151.179922782825059, -33.892731380606214 ] ] ], [ [ [ 151.180666369080285, -33.892692246689457 ], [ 151.179826490210871, -33.892509591512415 ], [ 151.179776688840974, -33.892436099151745 ], [ 151.179833596881707, -33.892417419558178 ], [ 151.180690770132287, -33.892645480210163 ], [ 151.180666369080285, -33.892692246689457 ] ] ], [ [ [ 151.179575069039856, -33.869529931700797 ], [ 151.178852124102178, -33.869716640408463 ], [ 151.177925499999986, -33.8694853 ], [ 151.177853699999986, -33.8694195 ], [ 151.177717800000039, -33.8690565 ], [ 151.178774800000014, -33.8687339 ], [ 151.179701418668714, -33.868965233853402 ], [ 151.17977861447568, -33.869145464151522 ], [ 151.180082700000014, -33.8690655 ], [ 151.181009326207487, -33.869296824235555 ], [ 151.181105529193928, -33.869548823600944 ], [ 151.180400229038412, -33.869735928904689 ], [ 151.179575069039856, -33.869529931700797 ] ] ], [ [ [ 151.178940222391731, -33.890400603277833 ], [ 151.178997129222893, -33.890381924026521 ], [ 151.180480093004718, -33.890752063362001 ], [ 151.180502492187628, -33.890799521181954 ], [ 151.180445585370137, -33.890818201129484 ], [ 151.178962620625271, -33.890448061349424 ], [ 151.178940222391731, -33.890400603277833 ] ] ], [ [ [ 151.179443877220052, -33.880624699306324 ], [ 151.180029475328411, -33.880759049522091 ], [ 151.180043473186686, -33.880788710698162 ], [ 151.180007910593702, -33.880800385688602 ], [ 151.179451862300169, -33.880661585287967 ], [ 151.179443877220052, -33.880624699306324 ] ] ], [ [ [ 151.1789018, -33.8922991 ], [ 151.178852799999987, -33.8922 ], [ 151.1789822, -33.8921621 ], [ 151.179538321223305, -33.892300904705614 ], [ 151.179591321956593, -33.892400004488081 ], [ 151.179457921955105, -33.892437905090794 ], [ 151.1789018, -33.8922991 ] ] ], [ [ [ 151.179171868176184, -33.882601850434675 ], [ 151.179763389319191, -33.882735312307894 ], [ 151.179780186986704, -33.882770905753553 ], [ 151.179737510832382, -33.88278491561136 ], [ 151.179181450304355, -33.882646113622876 ], [ 151.179171868176184, -33.882601850434675 ] ] ], [ [ [ 151.1754669, -33.8665045 ], [ 151.1753008, -33.8662821 ], [ 151.1755492, -33.8661502 ], [ 151.176197806289792, -33.866312150619315 ], [ 151.17624094741484, -33.866366405158303 ], [ 151.176411800000039, -33.8662215 ], [ 151.177216671424048, -33.866376597754112 ], [ 151.176530500000013, -33.8661993 ], [ 151.176555799999988, -33.866137 ], [ 151.17752828442346, -33.866381349181076 ], [ 151.177516847778662, -33.866409246372697 ], [ 151.178095488030323, -33.866556745020702 ], [ 151.178085718927235, -33.866580445742997 ], [ 151.178515690892112, -33.866704441944194 ], [ 151.178513391635022, -33.866774641983788 ], [ 151.178325394252767, -33.867073443477182 ], [ 151.178034218263889, -33.867299354443411 ], [ 151.1783835, -33.8672387 ], [ 151.17881351243139, -33.867346058358201 ], [ 151.178973500000012, -33.8669384 ], [ 151.179726780308272, -33.867133099207855 ], [ 151.179476582003304, -33.867733499823572 ], [ 151.179369776845732, -33.867706835381568 ], [ 151.179407905943549, -33.867858135680883 ], [ 151.178589604962639, -33.868000341810081 ], [ 151.177663, -33.867769 ], [ 151.177624721832188, -33.867617061895423 ], [ 151.177249399883493, -33.867908251744169 ], [ 151.1760362, -33.8675978 ], [ 151.1759227, -33.86744310000001 ], [ 151.175849716018121, -33.867204726748596 ], [ 151.17583518890595, -33.867285262057791 ], [ 151.175720197909413, -33.867270045515696 ], [ 151.175711088936879, -33.867323662992682 ], [ 151.175515388261886, -33.867316464445231 ], [ 151.175320587410141, -33.867292465885697 ], [ 151.174394, -33.8670611 ], [ 151.174410200000011, -33.8669657 ], [ 151.174603400000024, -33.866993 ], [ 151.1746263, -33.8668632 ], [ 151.174826356159258, -33.866906170474167 ], [ 151.1749362, -33.8669009 ], [ 151.175824610587426, -33.867122729516034 ], [ 151.175790799999987, -33.8670123 ], [ 151.17582920000001, -33.8668013 ], [ 151.1758811, -33.866671599999989 ], [ 151.175939104626252, -33.866622405171618 ], [ 151.1754669, -33.8665045 ] ] ], [ [ [ 151.178975587597421, -33.894327047375633 ], [ 151.1780487, -33.8940957 ], [ 151.1780475, -33.8940638 ], [ 151.1781297, -33.8940625 ], [ 151.179056587489981, -33.89429384676238 ], [ 151.179057087826294, -33.894325146768686 ], [ 151.178975587597421, -33.894327047375633 ] ] ], [ [ [ 151.1780326, -33.8934605 ], [ 151.1779757, -33.8934074 ], [ 151.178118399999988, -33.8933659 ], [ 151.178674527364905, -33.893504708792577 ], [ 151.178700727810906, -33.893566708687558 ], [ 151.178588727814713, -33.893599309193753 ], [ 151.1780326, -33.8934605 ] ] ], [ [ [ 151.178035907620682, -33.890155868802495 ], [ 151.17807858775555, -33.890141859680369 ], [ 151.178727378974713, -33.890303802517437 ], [ 151.178744177540722, -33.890339396097531 ], [ 151.178701497403864, -33.89035340545027 ], [ 151.178052705868708, -33.8901914624673 ], [ 151.178035907620682, -33.890155868802495 ] ] ], [ [ [ 151.178464526312069, -33.893400709709972 ], [ 151.1779084, -33.8932619 ], [ 151.1778837, -33.8931914 ], [ 151.1780771, -33.8931391 ], [ 151.178633225833408, -33.893277908933371 ], [ 151.17866632631646, -33.893343708798241 ], [ 151.178464526312069, -33.893400709709972 ] ] ], [ [ [ 151.1777577, -33.8928899 ], [ 151.177682, -33.8927297 ], [ 151.17781, -33.892693099999981 ], [ 151.178366122480782, -33.89283191003986 ], [ 151.17849642363251, -33.892974109485586 ], [ 151.178313823647926, -33.893028710311128 ], [ 151.1777577, -33.8928899 ] ] ], [ [ [ 151.178165121280813, -33.89270241091215 ], [ 151.177609, -33.8925636 ], [ 151.1775724, -33.8924849 ], [ 151.177698600000014, -33.8924483 ], [ 151.178254720705183, -33.892587110490048 ], [ 151.17829542125483, -33.892661110322599 ], [ 151.178165121280813, -33.89270241091215 ] ] ], [ [ [ 151.1784854896311, -33.866595042133646 ], [ 151.1775589, -33.8663637 ], [ 151.1774259, -33.866315299999982 ], [ 151.1775065, -33.866162299999985 ], [ 151.178433087319434, -33.866393642458632 ], [ 151.178566188244218, -33.866442141484683 ], [ 151.1784854896311, -33.866595042133646 ] ] ], [ [ [ 151.176829605538813, -33.869927171624624 ], [ 151.1761989, -33.8697697 ], [ 151.1761316, -33.8695908 ], [ 151.1764527, -33.8695075 ], [ 151.177379319838906, -33.86973885136549 ], [ 151.177395123341711, -33.869780859614707 ], [ 151.178257825273732, -33.869996244916585 ], [ 151.178277325885745, -33.870047944788162 ], [ 151.178151325850081, -33.870080645735435 ], [ 151.177442856912677, -33.869907742867625 ], [ 151.178072225503627, -33.870070846320388 ], [ 151.178122527077363, -33.870203745989002 ], [ 151.177805126991075, -33.870286448375353 ], [ 151.176878499999987, -33.8700551 ], [ 151.1768341, -33.870015899999984 ], [ 151.176829605538813, -33.869927171624624 ] ] ], [ [ [ 151.1766441, -33.89457 ], [ 151.177200232388316, -33.894708815604972 ], [ 151.177219232697297, -33.89475151552837 ], [ 151.177026332722647, -33.894810616400775 ], [ 151.176470200000011, -33.8946718 ], [ 151.17644820000001, -33.8946223 ], [ 151.1766441, -33.89457 ] ] ], [ [ [ 151.177511263812335, -33.876954735341464 ], [ 151.176442266648024, -33.876699512356467 ], [ 151.176408676285263, -33.876628324655563 ], [ 151.176475476155645, -33.876583816033076 ], [ 151.177462392291687, -33.876824786340592 ], [ 151.177547860585378, -33.876884586251499 ], [ 151.177511263812335, -33.876954735341464 ] ] ], [ [ [ 151.17696746911659, -33.894626843891409 ], [ 151.1763928, -33.8944834 ], [ 151.176331299999987, -33.8943451 ], [ 151.176486899999986, -33.8942981 ], [ 151.177061568065994, -33.894441543420555 ], [ 151.177121269100496, -33.894580443172792 ], [ 151.17696746911659, -33.894626843891409 ] ] ], [ [ [ 151.177541874965755, -33.8660910039806 ], [ 151.177263900000014, -33.8660216 ], [ 151.1772474, -33.8659606 ], [ 151.1773016, -33.8659505 ], [ 151.177579574772437, -33.866019903889686 ], [ 151.177596074983086, -33.866080903858759 ], [ 151.177541874965755, -33.8660910039806 ] ] ], [ [ [ 151.177077126660777, -33.870463753844781 ], [ 151.1761505, -33.8702324 ], [ 151.176108199999987, -33.8701218 ], [ 151.1764082, -33.8700428 ], [ 151.177334825422435, -33.870274151868024 ], [ 151.177377126733461, -33.870384751588979 ], [ 151.177077126660777, -33.870463753844781 ] ] ], [ [ [ 151.1749347, -33.8702218 ], [ 151.175486327583798, -33.870359533553433 ], [ 151.175910499999986, -33.8702492 ], [ 151.177300441149157, -33.870596230896133 ], [ 151.177341143065121, -33.870704130494126 ], [ 151.176834542855175, -33.870835936207314 ], [ 151.175834676327611, -33.870586294780104 ], [ 151.175283624709408, -33.870794167285133 ], [ 151.174357, -33.870562799999981 ], [ 151.1743155, -33.8705121 ], [ 151.1746216, -33.8702995 ], [ 151.1749347, -33.8702218 ] ] ], [ [ [ 151.176558911641621, -33.897265366297169 ], [ 151.176513412470712, -33.897355866664732 ], [ 151.176443012206136, -33.897351267187013 ], [ 151.17551610000001, -33.8971199 ], [ 151.1751146, -33.8969915 ], [ 151.174831899999987, -33.8968548 ], [ 151.1749681, -33.8968132 ], [ 151.1750735, -33.8968226 ], [ 151.176421710114511, -33.897161867284737 ], [ 151.176526110821214, -33.897198066519607 ], [ 151.176558911641621, -33.897265366297169 ] ] ], [ [ [ 151.1747192, -33.8912269 ], [ 151.174857527143786, -33.891261431491642 ], [ 151.1751434, -33.8911545 ], [ 151.175718044669651, -33.891297948992019 ], [ 151.17582264655843, -33.891552848560316 ], [ 151.175600604248075, -33.891533904012178 ], [ 151.175632246559417, -33.891607449449303 ], [ 151.17558884429468, -33.891621661772135 ], [ 151.175610923739015, -33.891675124452831 ], [ 151.1758982479883, -33.891746848250222 ], [ 151.175937848681457, -33.891840048086138 ], [ 151.176290053720862, -33.89192796658493 ], [ 151.176342455179679, -33.892049366234055 ], [ 151.176033553767439, -33.892005668517932 ], [ 151.175285604212235, -33.891818960109191 ], [ 151.175243725479078, -33.891844786318323 ], [ 151.174949024819796, -33.891805787408202 ], [ 151.1744856, -33.8916901 ], [ 151.1743495, -33.8913369 ], [ 151.174424849190189, -33.891314480826196 ], [ 151.1742679, -33.8912753 ], [ 151.1742303, -33.8911861 ], [ 151.17427570000001, -33.891172900000015 ], [ 151.174615550041807, -33.891257740000185 ], [ 151.1747192, -33.8912269 ] ] ], [ [ [ 151.1742203, -33.891879 ], [ 151.175506798506262, -33.892203402914795 ], [ 151.175470595925646, -33.892343803863412 ], [ 151.175919029240447, -33.892455744235662 ], [ 151.176045033304717, -33.892736343218928 ], [ 151.175817133325666, -33.892803145279096 ], [ 151.1747049, -33.8925255 ], [ 151.174772998406496, -33.892293337579076 ], [ 151.173852789478218, -33.892051748639169 ], [ 151.173847309380932, -33.89208293006515 ], [ 151.17363430883529, -33.892058831011177 ], [ 151.1730782, -33.89192 ], [ 151.1731144, -33.8917146 ], [ 151.173676600971902, -33.891825901741015 ], [ 151.1736821, -33.8917947 ], [ 151.173800500000027, -33.891806 ], [ 151.1742203, -33.891879 ] ] ], [ [ [ 151.175737162710732, -33.875955011031238 ], [ 151.1746503, -33.8756583 ], [ 151.1746722, -33.8756091 ], [ 151.175807880924651, -33.875904665028209 ], [ 151.175785881383177, -33.875953865207592 ], [ 151.175737162710732, -33.875955011031238 ] ] ], [ [ [ 151.172607, -33.8920416 ], [ 151.1726153, -33.8919961 ], [ 151.172749593654231, -33.89201285221354 ], [ 151.17261640000001, -33.891979599999978 ], [ 151.1726246, -33.8919341 ], [ 151.1728675, -33.8919644 ], [ 151.173423608733458, -33.892103231960157 ], [ 151.17341540901046, -33.892148732005523 ], [ 151.173281114926084, -33.892131980501709 ], [ 151.173414309114321, -33.892165232013618 ], [ 151.173406109391266, -33.892210732058984 ], [ 151.173338084722815, -33.892202250345257 ], [ 151.1741226, -33.892312899999986 ], [ 151.174678713273863, -33.892451726425371 ], [ 151.174642614525823, -33.892657126626077 ], [ 151.173813839541424, -33.892548037386234 ], [ 151.173789696728932, -33.892546360859122 ], [ 151.173779353235233, -33.892600585477837 ], [ 151.173512952044774, -33.892565487448309 ], [ 151.1725861, -33.892334100000014 ], [ 151.172604299999989, -33.8922386 ], [ 151.172731557808845, -33.892252608259177 ], [ 151.1725697, -33.8922122 ], [ 151.1725779, -33.892166699999976 ], [ 151.172716780721714, -33.892184024416117 ], [ 151.1725849, -33.8921511 ], [ 151.1725931, -33.8921056 ], [ 151.172684546782477, -33.892117007376292 ], [ 151.1726, -33.8920959 ], [ 151.1726083, -33.8920504 ], [ 151.172676152493835, -33.892058864152887 ], [ 151.172607, -33.8920416 ] ] ], [ [ [ 151.172550141934494, -33.892763331925771 ], [ 151.172467900000015, -33.892742799999986 ], [ 151.1724762, -33.8926973 ], [ 151.172541227956827, -33.892705411811214 ], [ 151.1724831, -33.8926909 ], [ 151.172491400000013, -33.8926454 ], [ 151.1727343, -33.8926757 ], [ 151.173156832772918, -33.892781184866166 ], [ 151.1731845, -33.8926242 ], [ 151.1740863, -33.8927447 ], [ 151.174642415978497, -33.892883526670587 ], [ 151.174606217230377, -33.893088926871741 ], [ 151.174022010524027, -33.892977250249253 ], [ 151.174016515631308, -33.893008429488326 ], [ 151.173704414801676, -33.892968430873623 ], [ 151.173217012154709, -33.892851903073769 ], [ 151.173275213359176, -33.892866432769672 ], [ 151.173267013636149, -33.892911932815032 ], [ 151.17317600901157, -33.892900585817067 ], [ 151.173258313679213, -33.892921132855648 ], [ 151.173250113956186, -33.892966632901022 ], [ 151.17309984807676, -33.892947896819713 ], [ 151.173256614099046, -33.892987032875951 ], [ 151.17324841437599, -33.893032532921318 ], [ 151.173177787659199, -33.893023726768199 ], [ 151.173249914437804, -33.893041732916387 ], [ 151.173245748465774, -33.893064849791479 ], [ 151.173494596341584, -33.893104618199878 ], [ 151.1735041, -33.8930576 ], [ 151.1739533688324, -33.893150867975969 ], [ 151.1739591, -33.8931225 ], [ 151.174083, -33.89313760000001 ], [ 151.174639118494127, -33.893276426761012 ], [ 151.174585119665807, -33.893474427040204 ], [ 151.17356961701941, -33.893352531549361 ], [ 151.173228543903264, -33.893277681406651 ], [ 151.173221416153694, -33.893317233096731 ], [ 151.172978415513114, -33.893286934175485 ], [ 151.1724223, -33.8931481 ], [ 151.172430600000013, -33.8931026 ], [ 151.172523472183883, -33.893114185185048 ], [ 151.172429, -33.8930906 ], [ 151.172437300000013, -33.893045100000016 ], [ 151.172494364637998, -33.893052218441348 ], [ 151.172429, -33.8930359 ], [ 151.172433627118238, -33.89301053447916 ], [ 151.171934, -33.8928858 ], [ 151.171964524360561, -33.892843072347262 ], [ 151.171939, -33.892836699999989 ], [ 151.1719473, -33.8927912 ], [ 151.172521355599201, -33.892881388872389 ], [ 151.172449300000011, -33.8928634 ], [ 151.1724576, -33.8928179 ], [ 151.172607727246174, -33.892836627335669 ], [ 151.172451, -33.8927975 ], [ 151.172459300000014, -33.892752 ], [ 151.172550141934494, -33.892763331925771 ] ] ], [ [ [ 151.170974520609064, -33.894654143383633 ], [ 151.1702242, -33.89448070000001 ], [ 151.170232687720585, -33.894436738041165 ], [ 151.1693381, -33.8941758 ], [ 151.169371500000011, -33.8939928 ], [ 151.170333516661259, -33.894222446161343 ], [ 151.170327525464955, -33.894255273370412 ], [ 151.170472434502784, -33.894291452457921 ], [ 151.1709739, -33.894332 ], [ 151.171450811446107, -33.89445106575063 ], [ 151.171467799999988, -33.8943599 ], [ 151.172149836607872, -33.894525201486637 ], [ 151.1721547, -33.8944944 ], [ 151.172289913988664, -33.894509234254663 ], [ 151.171553608472209, -33.894321213998623 ], [ 151.171547019758464, -33.894357840771086 ], [ 151.171098327107103, -33.894277037289633 ], [ 151.171093218586378, -33.894305042786421 ], [ 151.170850317945906, -33.894274743864734 ], [ 151.1702942, -33.8941359 ], [ 151.1703025, -33.8940904 ], [ 151.170366926385299, -33.894098436769291 ], [ 151.1703071, -33.8940835 ], [ 151.170313584272662, -33.894047520199059 ], [ 151.170182624452764, -33.894014823522525 ], [ 151.170179015181219, -33.894036046814925 ], [ 151.169961914618256, -33.894010447778982 ], [ 151.169405800000021, -33.8938716 ], [ 151.1694134, -33.8938275 ], [ 151.169533527994076, -33.893841671830671 ], [ 151.1694247, -33.8938145 ], [ 151.16943950000001, -33.8937362 ], [ 151.169541332264117, -33.893749523882171 ], [ 151.1694355, -33.8937231 ], [ 151.1694491, -33.8936411 ], [ 151.169551543430259, -33.893653179974791 ], [ 151.1694559, -33.8936293 ], [ 151.1694635, -33.8935852 ], [ 151.169505250413806, -33.89359012542517 ], [ 151.1694675, -33.8935807 ], [ 151.1694858, -33.8934906 ], [ 151.169548075335285, -33.893497946808147 ], [ 151.1694798, -33.893480899999986 ], [ 151.169487299999986, -33.8934369 ], [ 151.169528465638109, -33.893441754200559 ], [ 151.1690269, -33.8933057 ], [ 151.169034399999987, -33.893261699999982 ], [ 151.169085052515584, -33.893267672879261 ], [ 151.1690371, -33.8932557 ], [ 151.1690446, -33.8932117 ], [ 151.169601918546221, -33.893304126186834 ], [ 151.1690515, -33.893158 ], [ 151.1690591, -33.893114 ], [ 151.169119439552361, -33.893121118438515 ], [ 151.1690677, -33.8931082 ], [ 151.1690752, -33.8930641 ], [ 151.169099325549439, -33.893066944856351 ], [ 151.168984200000011, -33.8930382 ], [ 151.1689941, -33.8929852 ], [ 151.16952801753331, -33.893081157141502 ], [ 151.1690916, -33.8929598 ], [ 151.169099100000011, -33.8929158 ], [ 151.1693162, -33.8929414 ], [ 151.170779011670277, -33.893317343998099 ], [ 151.170771411939342, -33.893361444040544 ], [ 151.170705736900288, -33.893353696555316 ], [ 151.170769611988732, -33.893369644050146 ], [ 151.170762012257768, -33.893413744092591 ], [ 151.170714390777135, -33.893408126334521 ], [ 151.170752112263983, -33.89341754413752 ], [ 151.170747210387987, -33.893446368236518 ], [ 151.171200113997259, -33.893559442165333 ], [ 151.171192514266352, -33.893603542207757 ], [ 151.170741150144551, -33.893519430711152 ], [ 151.170734513132743, -33.89355794424317 ], [ 151.170283989654905, -33.893473941653689 ], [ 151.170266575095098, -33.893500761557043 ], [ 151.17072471348186, -33.893615144297975 ], [ 151.170717113750953, -33.893659244340412 ], [ 151.170686643011578, -33.893655635762407 ], [ 151.17071391376561, -33.893662444355307 ], [ 151.170706414034868, -33.893706544397304 ], [ 151.170661069152175, -33.893701197666914 ], [ 151.170704514066728, -33.893712044406847 ], [ 151.170697014335303, -33.893756044448821 ], [ 151.170666466246473, -33.893752442447905 ], [ 151.170696514359435, -33.893759944451794 ], [ 151.170688914627874, -33.893803944494223 ], [ 151.17063482051671, -33.89379756317858 ], [ 151.170686414664999, -33.89381044450662 ], [ 151.170678914933603, -33.893854444548609 ], [ 151.170652162772882, -33.89385129013543 ], [ 151.170678014953154, -33.893857744553252 ], [ 151.170670415222219, -33.893901844595696 ], [ 151.170631737991584, -33.893897264140897 ], [ 151.170673315264736, -33.893907644583877 ], [ 151.170665815533425, -33.893951644625858 ], [ 151.170620284059851, -33.893946275894017 ], [ 151.170662615560929, -33.893956844641117 ], [ 151.170655015830022, -33.894000944683569 ], [ 151.170608545649372, -33.893995441326275 ], [ 151.170651015855384, -33.894006044702387 ], [ 151.170643516124613, -33.894050144744391 ], [ 151.170604120308127, -33.894045481338175 ], [ 151.170635616130681, -33.894053344780268 ], [ 151.170629951799128, -33.89408621400981 ], [ 151.170754735971457, -33.894117368302396 ], [ 151.1707625, -33.8940749 ], [ 151.170945021625187, -33.894097668285454 ], [ 151.1707601, -33.89405150000001 ], [ 151.1707683, -33.8940061 ], [ 151.170950990194825, -33.894028889313191 ], [ 151.1707776, -33.8939856 ], [ 151.170785800000033, -33.8939402 ], [ 151.1710287, -33.8939705 ], [ 151.17158481823293, -33.894109340554408 ], [ 151.171576618509903, -33.894154840599775 ], [ 151.17139412689491, -33.894132001890974 ], [ 151.171687957866453, -33.89423644172507 ], [ 151.1716951, -33.8942006 ], [ 151.171726440664258, -33.894204899699027 ], [ 151.171696, -33.8941973 ], [ 151.1717069, -33.894142599999988 ], [ 151.171754922760528, -33.894149188351399 ], [ 151.1717045, -33.894136599999975 ], [ 151.171712229042328, -33.89409774207077 ], [ 151.1713019, -33.893995299999986 ], [ 151.1712766, -33.8939038 ], [ 151.171728952465969, -33.893991642270358 ], [ 151.171759871562784, -33.893969033761586 ], [ 151.1717333, -33.8939624 ], [ 151.1717442, -33.893907600000013 ], [ 151.171822457938759, -33.893918368044574 ], [ 151.1717601, -33.8939028 ], [ 151.171771, -33.8938481 ], [ 151.171820774026429, -33.893854948754473 ], [ 151.1717633, -33.8938406 ], [ 151.171772299999986, -33.893791 ], [ 151.17181476594979, -33.893796301761377 ], [ 151.17177190000001, -33.8937856 ], [ 151.171780899999987, -33.893736 ], [ 151.171824384994636, -33.893741431209385 ], [ 151.1717806, -33.8937305 ], [ 151.171789600000011, -33.8936809 ], [ 151.171820846587309, -33.893684801055151 ], [ 151.17179, -33.8936771 ], [ 151.171799, -33.8936275 ], [ 151.171855262504181, -33.893634524221369 ], [ 151.1718075, -33.8936226 ], [ 151.171811651220366, -33.893599616421 ], [ 151.1708978, -33.8933751 ], [ 151.1709061, -33.8933296 ], [ 151.171023783309948, -33.893344280195116 ], [ 151.170902500000011, -33.893314 ], [ 151.1709107, -33.893268599999985 ], [ 151.171022945289394, -33.893282601841484 ], [ 151.17092, -33.8932569 ], [ 151.1709282, -33.8932114 ], [ 151.171017025474384, -33.893222475826818 ], [ 151.1709258, -33.8931997 ], [ 151.170934100000011, -33.8931542 ], [ 151.17142943925802, -33.893247524554816 ], [ 151.1714355, -33.8932143 ], [ 151.171866329066802, -33.893291517989844 ], [ 151.171871, -33.8932656 ], [ 151.1721139, -33.8932959 ], [ 151.172363577513607, -33.893358232913968 ], [ 151.1723686, -33.8933307 ], [ 151.172611499999988, -33.893361 ], [ 151.172904714595177, -33.893434200707127 ], [ 151.1733026, -33.8934597 ], [ 151.173815960272691, -33.893541487917851 ], [ 151.173821, -33.893514 ], [ 151.1738823, -33.893518899999968 ], [ 151.174522020856784, -33.893678027361055 ], [ 151.174459121816369, -33.89384552767411 ], [ 151.173431619095908, -33.893715532235305 ], [ 151.172656252732082, -33.893515331606139 ], [ 151.172646416766185, -33.893577135713315 ], [ 151.172598855888651, -33.893571183527023 ], [ 151.173139418499204, -33.893706133537705 ], [ 151.173129218956035, -33.893780233597539 ], [ 151.173045160422959, -33.89376974836695 ], [ 151.173321, -33.8938105 ], [ 151.17436862316822, -33.894082028123606 ], [ 151.174320024238199, -33.894262628375344 ], [ 151.174208481637493, -33.894249844386181 ], [ 151.174202072532523, -33.894283682874004 ], [ 151.174153072473501, -33.894292183241255 ], [ 151.174046071997424, -33.894278284032779 ], [ 151.173584734543965, -33.894163116914882 ], [ 151.173212221359961, -33.894131033294713 ], [ 151.172656100000012, -33.8939922 ], [ 151.172689344760812, -33.893813953314101 ], [ 151.172552120476183, -33.893785028138062 ], [ 151.172599418090016, -33.893796835965468 ], [ 151.172590318391599, -33.893846436015664 ], [ 151.172559258996415, -33.893842556947021 ], [ 151.172590018415463, -33.893850236017748 ], [ 151.172581018717921, -33.893899936067484 ], [ 151.172538011512529, -33.893894549405822 ], [ 151.172581218752953, -33.89390533606764 ], [ 151.172572219055411, -33.893955036117404 ], [ 151.172530600595195, -33.893949821261913 ], [ 151.17257271909034, -33.893960336116194 ], [ 151.172563719392144, -33.894009936165936 ], [ 151.172496587548494, -33.894001555360504 ], [ 151.172574219482044, -33.894020936121187 ], [ 151.172563319813122, -33.894075636180389 ], [ 151.172485061801211, -33.894064868614741 ], [ 151.172547419814748, -33.894080436252295 ], [ 151.172536520145798, -33.89413513631149 ], [ 151.172509842392941, -33.894131476506033 ], [ 151.172537320167805, -33.894138336308551 ], [ 151.172526420498883, -33.894193036367746 ], [ 151.17249084235408, -33.894188155554666 ], [ 151.172608792506679, -33.894217971164423 ], [ 151.172615900000011, -33.8941842 ], [ 151.1727942, -33.8942081 ], [ 151.173687199999989, -33.894352 ], [ 151.17424332556206, -33.894490828761676 ], [ 151.174214026520502, -33.894648528922836 ], [ 151.173854640633834, -33.894593514061931 ], [ 151.173846725779526, -33.894638130560317 ], [ 151.17379842565299, -33.894632230774803 ], [ 151.172825715985198, -33.894454697240732 ], [ 151.172936823109779, -33.89448243459173 ], [ 151.172930723342517, -33.894520434626294 ], [ 151.172782291681614, -33.894504151018829 ], [ 151.172921223443183, -33.894538834672218 ], [ 151.172915223676057, -33.894576834706342 ], [ 151.172747493162376, -33.894558433916124 ], [ 151.172907723800932, -33.89459843474399 ], [ 151.172901624033642, -33.89463643477854 ], [ 151.172766409692741, -33.894621601176837 ], [ 151.172893124125864, -33.894653234819721 ], [ 151.172889391923263, -33.894676873046272 ], [ 151.173071973785113, -33.894705760635802 ], [ 151.173077799999987, -33.894672 ], [ 151.173136199999988, -33.8946771 ], [ 151.174112528135907, -33.894929229429991 ], [ 151.174081329053678, -33.89508112959853 ], [ 151.173141126688364, -33.894981533776054 ], [ 151.1724848, -33.89482 ], [ 151.172489376397124, -33.894794839043307 ], [ 151.172437534373358, -33.894781896785574 ], [ 151.172433124271748, -33.894807536902725 ], [ 151.17216322354065, -33.894770838100371 ], [ 151.171890401592748, -33.894702727555853 ], [ 151.171884622790969, -33.894733739336736 ], [ 151.171790222631159, -33.894735839758496 ], [ 151.171491914551325, -33.894670967183977 ], [ 151.171485121883563, -33.894706641114695 ], [ 151.170974520609064, -33.894654143383633 ] ], [ [ 151.170420350602114, -33.893433510462515 ], [ 151.170424318222388, -33.893410180858275 ], [ 151.170301246213882, -33.893379453454322 ], [ 151.170279934432671, -33.893398452731539 ], [ 151.170420350602114, -33.893433510462515 ] ] ], [ [ [ 151.1738662, -33.8793098 ], [ 151.174440763723169, -33.879453252523959 ], [ 151.174636764515611, -33.879516751632927 ], [ 151.174604864905149, -33.879584651793543 ], [ 151.1740303, -33.8794412 ], [ 151.173834300000038, -33.8793776 ], [ 151.1738662, -33.8793098 ] ] ], [ [ [ 151.17450036589139, -33.879763352310945 ], [ 151.1738445, -33.8795937 ], [ 151.1739202, -33.8794319 ], [ 151.174576164962701, -33.879601551929213 ], [ 151.17450036589139, -33.879763352310945 ] ] ], [ [ [ 151.17442334744581, -33.882523777449947 ], [ 151.173429199999987, -33.8822715 ], [ 151.1735057, -33.8821017 ], [ 151.174499845864375, -33.882353976826479 ], [ 151.17442334744581, -33.882523777449947 ] ] ], [ [ [ 151.173943401311504, -33.895330987953386 ], [ 151.174097005701384, -33.895728287009341 ], [ 151.174050905717507, -33.895743087332711 ], [ 151.1731412, -33.8955225 ], [ 151.173028710586038, -33.895325823957556 ], [ 151.1729083118652, -33.895326883199026 ], [ 151.172826281338899, -33.895500393500015 ], [ 151.172586767406443, -33.895440600254346 ], [ 151.172560730810744, -33.895481431397108 ], [ 151.171411400000011, -33.8951945 ], [ 151.171215600000011, -33.8951084 ], [ 151.171248866099234, -33.895056262302234 ], [ 151.170481700000011, -33.8948379 ], [ 151.1705299, -33.8947196 ], [ 151.171347285576019, -33.894902009779564 ], [ 151.1714058, -33.894810299999982 ], [ 151.171901824833839, -33.894899740909914 ], [ 151.1719229, -33.8948679 ], [ 151.173943401311504, -33.895330987953386 ] ] ], [ [ [ 151.174127136160877, -33.890904782345864 ], [ 151.173968036588633, -33.890990283556796 ], [ 151.1730412, -33.8907589 ], [ 151.17304, -33.890708 ], [ 151.173094099999986, -33.890641 ], [ 151.173196, -33.8906251 ], [ 151.174138335717089, -33.890860082248189 ], [ 151.174127136160877, -33.890904782345864 ] ] ], [ [ [ 151.1731222, -33.874373499999976 ], [ 151.173176500000011, -33.8742513 ], [ 151.173367057039655, -33.874298880725206 ], [ 151.173510799008739, -33.874285339465871 ], [ 151.1731968, -33.874205599999989 ], [ 151.173215400000032, -33.87416360000001 ], [ 151.173530297422815, -33.874244513713329 ], [ 151.173512074111471, -33.874285219343648 ], [ 151.173583400000012, -33.8742785 ], [ 151.174368729440545, -33.874477299671298 ], [ 151.174303730531534, -33.874623500095517 ], [ 151.17348710413205, -33.874414877867352 ], [ 151.173465398064138, -33.874463113879173 ], [ 151.1731222, -33.874373499999976 ] ] ], [ [ [ 151.173966077662129, -33.866599452151434 ], [ 151.174093978189291, -33.866642451570506 ], [ 151.174063109928682, -33.866819685939149 ], [ 151.174222779618134, -33.866877173913373 ], [ 151.174266789090723, -33.86694741497989 ], [ 151.174337520416998, -33.866965076750652 ], [ 151.174297522525762, -33.867188777094036 ], [ 151.174001581848813, -33.86714927564519 ], [ 151.173075, -33.8669179 ], [ 151.173100140402653, -33.866821620546197 ], [ 151.1729619, -33.8667871 ], [ 151.172991700000011, -33.8666079 ], [ 151.1730432, -33.8665611 ], [ 151.173318144725329, -33.86662739141093 ], [ 151.173312, -33.8665715 ], [ 151.173352953023937, -33.866528464235103 ], [ 151.172476499999988, -33.8663096 ], [ 151.1725257, -33.8660982 ], [ 151.1730796199775, -33.86622473288287 ], [ 151.1730827, -33.866149 ], [ 151.173572, -33.8661981 ], [ 151.174498575678484, -33.866429471719258 ], [ 151.174452578442498, -33.866701372148555 ], [ 151.173966077662129, -33.866599452151434 ] ] ], [ [ [ 151.1724916, -33.8690884 ], [ 151.172692399999988, -33.8690765 ], [ 151.173619003740612, -33.869307879183268 ], [ 151.174152407182163, -33.869477375272211 ], [ 151.174161307658096, -33.869519375219561 ], [ 151.174115907741538, -33.869540175563777 ], [ 151.172500899999989, -33.8691534 ], [ 151.1724697, -33.8691214 ], [ 151.1724916, -33.8690884 ] ] ], [ [ [ 151.173941118204709, -33.870569477194067 ], [ 151.1730145, -33.8703381 ], [ 151.1729679, -33.870284 ], [ 151.1731155, -33.8701963 ], [ 151.174042116998379, -33.870427676397611 ], [ 151.174088717717837, -33.870481676068508 ], [ 151.173941118204709, -33.870569477194067 ] ] ], [ [ [ 151.173912381187392, -33.869070512362249 ], [ 151.173829381250414, -33.869113912551569 ], [ 151.173695169521068, -33.86908039966842 ], [ 151.173700601946251, -33.869116578515126 ], [ 151.173419801435045, -33.869149080613134 ], [ 151.1724932, -33.8689177 ], [ 151.1724707, -33.868827399999979 ], [ 151.172627900000037, -33.8687255 ], [ 151.1727304, -33.8687063 ], [ 151.173674400001772, -33.868942078653838 ], [ 151.173679492465169, -33.868975993518454 ], [ 151.17388028102593, -33.86902931242988 ], [ 151.173912381187392, -33.869070512362249 ] ] ], [ [ [ 151.1717514, -33.8774102 ], [ 151.172319373864383, -33.877569730637013 ], [ 151.172279645683801, -33.877657313941299 ], [ 151.172718070486326, -33.877766784649687 ], [ 151.172582799999986, -33.8777192 ], [ 151.1726229, -33.8776408 ], [ 151.173549595048968, -33.877872182452663 ], [ 151.173703996101494, -33.877926481322 ], [ 151.173693096587641, -33.877975081418676 ], [ 151.173675796898181, -33.87800908155824 ], [ 151.17303087764742, -33.877848056283199 ], [ 151.173091425218615, -33.87786748862618 ], [ 151.17294082800106, -33.878190489764215 ], [ 151.17207320792761, -33.877973435739513 ], [ 151.172031275128006, -33.878033531347356 ], [ 151.1715457920983, -33.877899860045567 ], [ 151.171524074354551, -33.87794523250772 ], [ 151.171354578052643, -33.877902909315928 ], [ 151.171496674342507, -33.877949432571292 ], [ 151.171472374488786, -33.87800053263242 ], [ 151.1708812, -33.8778293 ], [ 151.1709055, -33.8777782 ], [ 151.171078552026842, -33.877821411794912 ], [ 151.170909599999987, -33.877765799999978 ], [ 151.17095470000001, -33.8776712 ], [ 151.17155378891141, -33.87784553697751 ], [ 151.1717514, -33.8774102 ] ] ], [ [ [ 151.173682733395424, -33.872065079595885 ], [ 151.1726539, -33.8718241 ], [ 151.1726579, -33.871794599999973 ], [ 151.173686733092438, -33.872035579556659 ], [ 151.173682733395424, -33.872065079595885 ] ] ], [ [ [ 151.173664134434915, -33.872167679767159 ], [ 151.172657, -33.8719263 ], [ 151.1726619, -33.8718992 ], [ 151.173669034159246, -33.872140479721978 ], [ 151.173664134434915, -33.872167679767159 ] ] ], [ [ [ 151.173447520521961, -33.870927580978929 ], [ 151.1725209, -33.8706962 ], [ 151.1724782, -33.8706152 ], [ 151.1725758, -33.8705798 ], [ 151.173502419446066, -33.870811180533352 ], [ 151.173545020441793, -33.870892180242656 ], [ 151.173447520521961, -33.870927580978929 ] ] ], [ [ [ 151.17294370680716, -33.891940334070696 ], [ 151.172700806166773, -33.891910035148967 ], [ 151.1721447, -33.8917712 ], [ 151.172152899999986, -33.8917257 ], [ 151.172246732814415, -33.891737400200114 ], [ 151.1721502, -33.8917133 ], [ 151.172158500000023, -33.891667799999979 ], [ 151.172183307058674, -33.8916708945221 ], [ 151.1721704, -33.8916201 ], [ 151.172203831771299, -33.891624270398715 ], [ 151.1721671, -33.8916151 ], [ 151.172175399999986, -33.8915696 ], [ 151.1724183, -33.8915999 ], [ 151.172974405569704, -33.891738733894783 ], [ 151.172966205846649, -33.89178423394015 ], [ 151.172932587849033, -33.89178004225635 ], [ 151.172969405884572, -33.891789233926836 ], [ 151.172961206161546, -33.89183473397221 ], [ 151.172936209474187, -33.891831617243497 ], [ 151.172949306445787, -33.891882434034535 ], [ 151.172855473273103, -33.891870734355216 ], [ 151.17295200653038, -33.891894834024853 ], [ 151.17294370680716, -33.891940334070696 ] ] ], [ [ [ 151.172095399999989, -33.881625 ], [ 151.173087236468291, -33.88187918717928 ], [ 151.173005438128541, -33.882057887845036 ], [ 151.172020300000014, -33.8818065 ], [ 151.172095399999989, -33.881625 ] ] ], [ [ [ 151.1729685484502, -33.882467554695225 ], [ 151.1713665, -33.8820573 ], [ 151.171382988451285, -33.882023919126034 ], [ 151.170087599999988, -33.8816811 ], [ 151.169984699999986, -33.881579799999976 ], [ 151.1698654, -33.88154 ], [ 151.1698888, -33.8814891 ], [ 151.170012846865376, -33.881520074985652 ], [ 151.17003613636885, -33.881470656766886 ], [ 151.1699036, -33.8814292 ], [ 151.169952200000012, -33.8813223 ], [ 151.17143207473535, -33.881698780134236 ], [ 151.171517575425042, -33.881728079382555 ], [ 151.171519976130696, -33.881854329315274 ], [ 151.172909043753634, -33.882201155248332 ], [ 151.173056545591322, -33.882269853582329 ], [ 151.1729685484502, -33.882467554695225 ] ] ], [ [ [ 151.172135200000014, -33.870874799999974 ], [ 151.1721401, -33.8708194 ], [ 151.172200299999986, -33.870795200000011 ], [ 151.173149420719653, -33.871031383228583 ], [ 151.173186821521085, -33.871095682971188 ], [ 151.173117121753535, -33.871137383502798 ], [ 151.172135200000014, -33.870874799999974 ] ] ], [ [ [ 151.171659799999986, -33.871442 ], [ 151.1715955, -33.871355 ], [ 151.171941800000013, -33.8711785 ], [ 151.172868423904845, -33.871409885439412 ], [ 151.172932725032098, -33.871496984989378 ], [ 151.172586425858128, -33.871673387620753 ], [ 151.171659799999986, -33.871442 ] ] ], [ [ [ 151.172769222769176, -33.871331986151915 ], [ 151.1718215, -33.8710988 ], [ 151.171785943606295, -33.871042278846375 ], [ 151.1712253, -33.8708924 ], [ 151.1718535, -33.8710128 ], [ 151.172780121864378, -33.871244186042631 ], [ 151.172818122395114, -33.871282985772581 ], [ 151.172769222769176, -33.871331986151915 ] ] ], [ [ [ 151.172462953577991, -33.878488261450308 ], [ 151.1715132, -33.8782366 ], [ 151.1715320755319, -33.87819142331206 ], [ 151.17137268930685, -33.878151624722719 ], [ 151.171403874958941, -33.878162032806443 ], [ 151.171380175098165, -33.878210832865918 ], [ 151.1707733, -33.8780324 ], [ 151.1707969, -33.8779836 ], [ 151.170846091205902, -33.877995883294723 ], [ 151.1708169, -33.8779861 ], [ 151.1708391, -33.8779403 ], [ 151.171569717404424, -33.878136120658979 ], [ 151.1719008, -33.8780166 ], [ 151.172586851850639, -33.878192160820049 ], [ 151.172462953577991, -33.878488261450308 ] ] ], [ [ [ 151.171536751825414, -33.878540764111136 ], [ 151.1712236, -33.8784547 ], [ 151.1712535, -33.878398299999986 ], [ 151.17204287714867, -33.878640031381103 ], [ 151.172016777303526, -33.878694231446651 ], [ 151.171951934259226, -33.878705631561772 ], [ 151.172015377419456, -33.878729631453425 ], [ 151.171992377554403, -33.878776931511162 ], [ 151.171939548358552, -33.878763740431218 ], [ 151.171995977599579, -33.878789531504111 ], [ 151.17197677798103, -33.878910131560417 ], [ 151.17189295523724, -33.878889201613191 ], [ 151.171943877951122, -33.878910531636279 ], [ 151.171917678102886, -33.878963831701988 ], [ 151.171874466632744, -33.878953042094622 ], [ 151.172059256266607, -33.87900946341545 ], [ 151.172146357016942, -33.879097763031488 ], [ 151.172118357348864, -33.879155863172166 ], [ 151.1715438, -33.879012399999986 ], [ 151.1710491, -33.878853 ], [ 151.171071899999987, -33.8788047 ], [ 151.171371925191636, -33.878880571263061 ], [ 151.1714078, -33.8788404 ], [ 151.171579841717175, -33.878874998998299 ], [ 151.1711014, -33.8787253 ], [ 151.1711271, -33.8786701 ], [ 151.171221363958978, -33.878693637731367 ], [ 151.1711272, -33.8786623 ], [ 151.171156200000013, -33.87860220000001 ], [ 151.171219068169677, -33.878617898199835 ], [ 151.17115720000001, -33.8785989 ], [ 151.1712109, -33.8784782 ], [ 151.171534018438109, -33.878560957046794 ], [ 151.171536751825414, -33.878540764111136 ] ] ], [ [ [ 151.17182411013178, -33.892778639229476 ], [ 151.171581209491393, -33.89274834030779 ], [ 151.1710251, -33.8926095 ], [ 151.1710333, -33.892564 ], [ 151.1712762, -33.8925943 ], [ 151.171832309854807, -33.892733139184109 ], [ 151.17182411013178, -33.892778639229476 ] ] ], [ [ [ 151.1709971, -33.8927986 ], [ 151.171128162386026, -33.892814895179399 ], [ 151.170992399999989, -33.892781 ], [ 151.171000600000013, -33.8927356 ], [ 151.1712435, -33.8927659 ], [ 151.171799610896073, -33.892904739363196 ], [ 151.171791411173047, -33.892950239408563 ], [ 151.17166108789678, -33.892933929562638 ], [ 151.171796111293361, -33.892967639390946 ], [ 151.171787911570931, -33.893013239436335 ], [ 151.17168349587817, -33.893000171913606 ], [ 151.171790311662647, -33.893026839428245 ], [ 151.171782111939592, -33.89307233947364 ], [ 151.171539111298358, -33.893041940552344 ], [ 151.170983, -33.8929031 ], [ 151.1709913, -33.8928577 ], [ 151.171096171697002, -33.892870782038919 ], [ 151.1709889, -33.892844 ], [ 151.1709971, -33.8927986 ] ] ], [ [ [ 151.170885700000014, -33.881379 ], [ 151.170898861782547, -33.881351266251151 ], [ 151.170571, -33.8812694 ], [ 151.170363643904579, -33.881175291201657 ], [ 151.1700913, -33.8810986 ], [ 151.1701802, -33.8809076 ], [ 151.171194723068226, -33.881167201024113 ], [ 151.171180607455938, -33.881282454509702 ], [ 151.171556126515895, -33.881386298407037 ], [ 151.171507578032816, -33.881481485481437 ], [ 151.171976430187584, -33.881609495353246 ], [ 151.172005130707248, -33.881649895152812 ], [ 151.171987331054794, -33.881687495297271 ], [ 151.1710606, -33.8814561 ], [ 151.170885700000014, -33.881379 ] ] ], [ [ [ 151.1711866074981, -33.892550642030827 ], [ 151.1701562, -33.892290699999982 ], [ 151.170163699999989, -33.89224669999998 ], [ 151.170240534582888, -33.892255760226412 ], [ 151.170168600000011, -33.8922378 ], [ 151.1701761, -33.8921938 ], [ 151.170777650427226, -33.892307573623 ], [ 151.1706596, -33.8922781 ], [ 151.170667900000012, -33.8922326 ], [ 151.170895830927748, -33.892261032732023 ], [ 151.170669, -33.8922044 ], [ 151.1706772, -33.8921589 ], [ 151.170920099999989, -33.8921892 ], [ 151.171476206601199, -33.892328040695297 ], [ 151.171468006878172, -33.892373540740678 ], [ 151.171240075330843, -33.892345109046957 ], [ 151.171466907057123, -33.892401740751033 ], [ 151.171458707334068, -33.892447240796407 ], [ 151.171331309060804, -33.892431356002263 ], [ 151.171449407404282, -33.892460840840563 ], [ 151.171441207681227, -33.892506340885916 ], [ 151.1712013737951, -33.892476436819678 ], [ 151.171437707861543, -33.892535440907167 ], [ 151.171429508138544, -33.892580940952534 ], [ 151.1711866074981, -33.892550642030827 ] ], [ [ 151.17087571689629, -33.892395866131679 ], [ 151.170868106335718, -33.892393626835286 ], [ 151.170865521897838, -33.892393320765109 ], [ 151.17087571689629, -33.892395866131679 ] ] ], [ [ [ 151.1705135, -33.8807109 ], [ 151.171549922110756, -33.880975998321148 ], [ 151.171475123640505, -33.881140498930321 ], [ 151.1704406, -33.8808747 ], [ 151.1705135, -33.8807109 ] ] ], [ [ [ 151.1711556, -33.8699532 ], [ 151.171134200000012, -33.8698962 ], [ 151.171199, -33.8698395 ], [ 151.171484981655396, -33.869911117857235 ], [ 151.171513981890996, -33.869976317798837 ], [ 151.171457982018467, -33.870032117929128 ], [ 151.1711556, -33.8699532 ] ] ], [ [ [ 151.169150200000018, -33.8926389 ], [ 151.1691577, -33.8925948 ], [ 151.169202279868074, -33.892600056801641 ], [ 151.169160799999986, -33.8925897 ], [ 151.1691683, -33.8925456 ], [ 151.169202640519103, -33.892549649392059 ], [ 151.1691688, -33.892541199999989 ], [ 151.1691763, -33.8924971 ], [ 151.169228852969098, -33.892503296977871 ], [ 151.16917760000004, -33.8924905 ], [ 151.169185199999987, -33.8924465 ], [ 151.169225053174017, -33.892451201602256 ], [ 151.1691882, -33.892442 ], [ 151.169195800000011, -33.892398 ], [ 151.169226356500388, -33.8924016048461 ], [ 151.1691971, -33.8923943 ], [ 151.1692046, -33.8923502 ], [ 151.169252006117631, -33.892355811904956 ], [ 151.1692059, -33.8923443 ], [ 151.169213500000012, -33.8923003 ], [ 151.169255445154988, -33.892305248399367 ], [ 151.1692148, -33.8922951 ], [ 151.1692223, -33.8922511 ], [ 151.169245825915624, -33.892253874148274 ], [ 151.1692303, -33.8922041 ], [ 151.169265420585134, -33.892208243284799 ], [ 151.169228, -33.8921989 ], [ 151.1692356, -33.892154899999987 ], [ 151.169279251236105, -33.8921600496707 ], [ 151.169237800000019, -33.8921497 ], [ 151.1692453, -33.8921057 ], [ 151.169324227826394, -33.892115007058052 ], [ 151.1692457, -33.8920954 ], [ 151.1692533, -33.8920513 ], [ 151.169362423209606, -33.892064173570965 ], [ 151.169260799999989, -33.8920388 ], [ 151.1692683, -33.8919948 ], [ 151.169360317165484, -33.892005650529399 ], [ 151.1692696, -33.891983 ], [ 151.16927720000001, -33.8919389 ], [ 151.169412422893686, -33.891954914923744 ], [ 151.169283799999988, -33.8919228 ], [ 151.1692913, -33.8918787 ], [ 151.1694240925261, -33.891894358677476 ], [ 151.16929970000001, -33.8918633 ], [ 151.169307300000014, -33.8918192 ], [ 151.1695243, -33.89184479999998 ], [ 151.170542303369444, -33.892091644817846 ], [ 151.170534703638509, -33.892135744860298 ], [ 151.17036633826163, -33.892115805647109 ], [ 151.170525503748678, -33.892155544905172 ], [ 151.170517904017743, -33.892199644947617 ], [ 151.17004900604158, -33.892111053434078 ], [ 151.170042802810372, -33.892147447057972 ], [ 151.169950785352455, -33.892136597027516 ], [ 151.170041502883748, -33.892159247066054 ], [ 151.170033903152785, -33.892203347108506 ], [ 151.169925158417101, -33.892190468689435 ], [ 151.170026403218571, -33.892215747144355 ], [ 151.170018903487829, -33.892259847186352 ], [ 151.169939975398847, -33.892250540563595 ], [ 151.170015522190539, -33.892287447574716 ], [ 151.170469705220455, -33.892400845201614 ], [ 151.170462205489684, -33.892444945243582 ], [ 151.170424510657369, -33.892440483188459 ], [ 151.170460005513917, -33.892449345254263 ], [ 151.170452405782981, -33.89249344529668 ], [ 151.170414498141042, -33.892488955982628 ], [ 151.170452905816632, -33.892498545295446 ], [ 151.170445306085696, -33.892542645337898 ], [ 151.169988354618226, -33.892457036636458 ], [ 151.169946574062294, -33.89245475266965 ], [ 151.169986604743485, -33.89246474737012 ], [ 151.169979105012743, -33.892508847412095 ], [ 151.169931698741891, -33.892503235781703 ], [ 151.170104745974754, -33.892568260152316 ], [ 151.1701098, -33.892539 ], [ 151.1703268, -33.8925646 ], [ 151.17088290792114, -33.892703443415826 ], [ 151.170875408190369, -33.892747543457808 ], [ 151.170422966379306, -33.892663086694334 ], [ 151.170871408366565, -33.892776143481179 ], [ 151.170863908635823, -33.89282024352319 ], [ 151.170413265310856, -33.892736335809488 ], [ 151.17085190880249, -33.892849643582416 ], [ 151.170844409071123, -33.892893643624383 ], [ 151.170627308508216, -33.892868044588418 ], [ 151.1700712, -33.8927292 ], [ 151.170078769715047, -33.892685375334132 ], [ 151.169950961980504, -33.892653464932401 ], [ 151.169898320646666, -33.892648767840711 ], [ 151.169949505938348, -33.892661547573717 ], [ 151.169941906207413, -33.892705647616161 ], [ 151.16990774097215, -33.892701617251461 ], [ 151.170836909529072, -33.892967143672053 ], [ 151.170829409798301, -33.893011243714049 ], [ 151.170612309234741, -33.892985544678055 ], [ 151.169924169510892, -33.892798341546992 ], [ 151.169895601465242, -33.892800079408104 ], [ 151.169920306813367, -33.89280624773199 ], [ 151.16991270708246, -33.892850347774441 ], [ 151.169864885991757, -33.892844706468949 ], [ 151.169907907106364, -33.892855447796862 ], [ 151.169900307375457, -33.892899547839292 ], [ 151.169683306812658, -33.892873948802865 ], [ 151.1691272, -33.8927351 ], [ 151.1691347, -33.892691 ], [ 151.169182690748158, -33.892696659007647 ], [ 151.1691396, -33.8926859 ], [ 151.1691471, -33.8926418 ], [ 151.169174983339701, -33.892645087970095 ], [ 151.169150200000018, -33.8926389 ] ] ], [ [ [ 151.171178417855856, -33.871327397977467 ], [ 151.171076418282297, -33.871396498758045 ], [ 151.170127900000011, -33.8711468 ], [ 151.1702335, -33.871067800000013 ], [ 151.171160117498601, -33.871299198104467 ], [ 151.171178417855856, -33.871327397977467 ] ] ], [ [ [ 151.170920480837594, -33.869817519107187 ], [ 151.170642500000014, -33.8697481 ], [ 151.1705811, -33.869707 ], [ 151.170623799999987, -33.869663 ], [ 151.170901780547638, -33.869732419140675 ], [ 151.170963180735725, -33.869773519007701 ], [ 151.170920480837594, -33.869817519107187 ] ] ], [ [ [ 151.170164474858097, -33.899345823645859 ], [ 151.1697647, -33.8992326 ], [ 151.169795, -33.8991745 ], [ 151.17019487469949, -33.899287723572392 ], [ 151.170164474858097, -33.899345823645859 ] ] ], [ [ [ 151.170057433773451, -33.873137906894783 ], [ 151.1691308, -33.8729065 ], [ 151.1688465, -33.872797299999988 ], [ 151.168892699999986, -33.872711 ], [ 151.169819330956159, -33.87294240860205 ], [ 151.170137133225381, -33.87306380627836 ], [ 151.170057433773451, -33.873137906894783 ] ] ], [ [ [ 151.169791280575794, -33.888754447524832 ], [ 151.169173699999988, -33.8886209 ], [ 151.169145500000013, -33.8883941 ], [ 151.169763079068758, -33.888527647606857 ], [ 151.169791280575794, -33.888754447524832 ] ] ], [ [ [ 151.16971099783666, -33.891467348407438 ], [ 151.1690934, -33.8913333 ], [ 151.1690678, -33.891106199999982 ], [ 151.169685496333102, -33.891240348477375 ], [ 151.16971099783666, -33.891467348407438 ] ] ], [ [ [ 151.16961364954247, -33.89161522412838 ], [ 151.169601749745254, -33.89168182416136 ], [ 151.169527049647456, -33.891672724327151 ], [ 151.169249, -33.8916033 ], [ 151.169260900000012, -33.8915366 ], [ 151.16961364954247, -33.89161522412838 ] ] ] ] } }
]
}
