{
"type": "FeatureCollection",
"name": "shadows_07",
"crs": { "type": "name", "properties": { "name": "urn:ogc:def:crs:OGC:1.3:CRS84" } },
"features": [
{ "type": "Feature", "properties": { }, "geometry": { "type": "MultiPolygon", "coordinates": [ [ [ [ 151.169910634666394, -33.899300183967675 ], [ 151.170064491358801, -33.898975933241665 ], [ 151.170983, -33.8987588 ], [ 151.171164051552097, -33.898824696258934 ], [ 151.172417700000011, -33.898542 ], [ 151.172422, -33.8985691 ], [ 151.1730538, -33.898474899999989 ], [ 151.173063454870231, -33.89851409330096 ], [ 151.1733557, -33.898445 ], [ 151.173371538142192, -33.898544190467966 ], [ 151.173737, -33.8984599 ], [ 151.1737494828065, -33.898519091325184 ], [ 151.174513100000013, -33.8983508 ], [ 151.174538088192122, -33.898412108240244 ], [ 151.174555304148384, -33.898408037796329 ], [ 151.174519191489168, -33.89832070949867 ], [ 151.173956393594494, -33.89841878365602 ], [ 151.173906186067228, -33.898367671801914 ], [ 151.173465851581312, -33.898471778672679 ], [ 151.173412492616706, -33.898364011114055 ], [ 151.172987551098885, -33.898464476869833 ], [ 151.172976551212173, -33.8984413768328 ], [ 151.173067927010493, -33.898393664316472 ], [ 151.172380049991517, -33.898546374562336 ], [ 151.172153849624237, -33.898568573704758 ], [ 151.172146222867042, -33.898515536872381 ], [ 151.171647948857867, -33.898608071788694 ], [ 151.171612749527412, -33.898477571681198 ], [ 151.17189104369055, -33.898411780230369 ], [ 151.171886097945986, -33.898376427548769 ], [ 151.171553349729493, -33.898428371466657 ], [ 151.171543750080843, -33.898361671443368 ], [ 151.172003, -33.8982531 ], [ 151.17220420000001, -33.8982292 ], [ 151.17221243145832, -33.898280665163028 ], [ 151.1725763, -33.8982041 ], [ 151.172993493264187, -33.898158270605848 ], [ 151.173377530732267, -33.898033573899035 ], [ 151.173280653632077, -33.898056478054471 ], [ 151.17323401518999, -33.897966834024373 ], [ 151.172854853167394, -33.898056476448268 ], [ 151.172839458505337, -33.898014069657364 ], [ 151.172803047707816, -33.89800946755323 ], [ 151.172165451865993, -33.898157673828109 ], [ 151.17216128753023, -33.898134354949299 ], [ 151.17196505155016, -33.898175573068684 ], [ 151.171962525336255, -33.898153449628253 ], [ 151.17187910458631, -33.898156360965935 ], [ 151.171457050665964, -33.898236371140605 ], [ 151.171418750622593, -33.898236670996084 ], [ 151.171395750891492, -33.898182470919814 ], [ 151.171740361276591, -33.898094948908053 ], [ 151.171390450911758, -33.898177670900743 ], [ 151.171326473678391, -33.898022922453634 ], [ 151.171076321257374, -33.898082694143717 ], [ 151.171032021532085, -33.897975794068081 ], [ 151.171285063430616, -33.897903595968366 ], [ 151.171206253002737, -33.897755170287802 ], [ 151.17125333975622, -33.897741294888242 ], [ 151.171203953012167, -33.897752970279534 ], [ 151.171200853249644, -33.897708570276436 ], [ 151.1716601, -33.8976 ], [ 151.1717621, -33.897589600000011 ], [ 151.171773702240927, -33.897611614508456 ], [ 151.1719658, -33.8975662 ], [ 151.171984132302981, -33.897612814228353 ], [ 151.172758791701739, -33.897478829057732 ], [ 151.172687972538228, -33.897468193443054 ], [ 151.17265509203915, -33.897396840198567 ], [ 151.172163955458245, -33.897495173950794 ], [ 151.171609805382957, -33.897520949483379 ], [ 151.170998107779781, -33.897650240799301 ], [ 151.170971009660462, -33.897471440664191 ], [ 151.17108619114876, -33.897444211004157 ], [ 151.170840857153166, -33.896916569071998 ], [ 151.171206712569273, -33.896816193901408 ], [ 151.171229720070414, -33.896774582172149 ], [ 151.17108544995753, -33.896808689046267 ], [ 151.170867649824061, -33.896788688201312 ], [ 151.171007851216416, -33.896568488791893 ], [ 151.171177856169294, -33.896514126019824 ], [ 151.171078059591025, -33.896514870044605 ], [ 151.171097619950501, -33.896473286053855 ], [ 151.171043659854519, -33.896459369925587 ], [ 151.171079369574443, -33.896404896675492 ], [ 151.170682959250485, -33.896498168557478 ], [ 151.170598259696192, -33.896398968257223 ], [ 151.170753361070155, -33.896176868885327 ], [ 151.1712126, -33.8960683 ], [ 151.1714462, -33.8961769 ], [ 151.171275290865168, -33.896255289106911 ], [ 151.171270746838474, -33.896301915552179 ], [ 151.1715834, -33.896228 ], [ 151.1718701, -33.896358499999984 ], [ 151.171826942076848, -33.896427391847922 ], [ 151.171928, -33.896403499999984 ], [ 151.172194682740212, -33.896522903335658 ], [ 151.172304426585384, -33.896482047710315 ], [ 151.172237253252831, -33.896452493607114 ], [ 151.172328854189033, -33.896303893993888 ], [ 151.1728034, -33.8961917 ], [ 151.1728469, -33.8962108 ], [ 151.173117600000012, -33.8963999 ], [ 151.173100299999987, -33.8964294 ], [ 151.17314780000001, -33.8964503 ], [ 151.173135949458413, -33.896539316868761 ], [ 151.1732288, -33.8965468 ], [ 151.1733288, -33.8966085 ], [ 151.17326030000001, -33.8967151 ], [ 151.173214346969331, -33.896725964597742 ], [ 151.1731939, -33.8967586 ], [ 151.173223900000011, -33.89677219999998 ], [ 151.1731821, -33.8968403 ], [ 151.172799336292826, -33.896930915812753 ], [ 151.172688433684499, -33.897106764230116 ], [ 151.172893, -33.8970584 ], [ 151.172903047825741, -33.897118253157956 ], [ 151.173365, -33.8970165 ], [ 151.173851, -33.8972449 ], [ 151.173273200601443, -33.897426608328821 ], [ 151.1736852, -33.8973292 ], [ 151.173696835391041, -33.897354688791928 ], [ 151.17387020000001, -33.8973137 ], [ 151.174211584629461, -33.897507270793007 ], [ 151.1748877, -33.897370299999984 ], [ 151.175410699999986, -33.89755 ], [ 151.175401458257511, -33.897592063471045 ], [ 151.1759965, -33.8977821 ], [ 151.1760521, -33.8978921 ], [ 151.175133611827277, -33.898109271821077 ], [ 151.174802384247556, -33.898137045571993 ], [ 151.174599610346576, -33.898184988730065 ], [ 151.174622158007992, -33.89823240347971 ], [ 151.174692044616393, -33.898215879773424 ], [ 151.174681922981733, -33.898192901159916 ], [ 151.1749192, -33.8981368 ], [ 151.1760889, -33.8980277 ], [ 151.1761292, -33.8980523 ], [ 151.1762185, -33.8982363 ], [ 151.175968735895509, -33.898307269684125 ], [ 151.175972653957331, -33.898339682739703 ], [ 151.17607258196341, -33.898333872204326 ], [ 151.176451102596928, -33.898213769988217 ], [ 151.176271548593263, -33.898095609003427 ], [ 151.176175049476541, -33.897918608662664 ], [ 151.1766496, -33.8978064 ], [ 151.1771398, -33.8978666 ], [ 151.177165709138478, -33.897914563888811 ], [ 151.177323300000012, -33.8978773 ], [ 151.177474919267894, -33.89790380675403 ], [ 151.1782708, -33.8977265 ], [ 151.177514331992853, -33.897926110434391 ], [ 151.1775094, -33.8979547 ], [ 151.177235885609576, -33.89804447670236 ], [ 151.1772944, -33.8981528 ], [ 151.1765006, -33.8984403 ], [ 151.175850245297795, -33.898598707260739 ], [ 151.175518644773405, -33.898625505962855 ], [ 151.175514998739629, -33.89859670967752 ], [ 151.175401795439598, -33.898602796568859 ], [ 151.175090466444146, -33.898676407127596 ], [ 151.174644965225326, -33.898731704506247 ], [ 151.174602864606953, -33.898697023717155 ], [ 151.174425666521074, -33.898699194425753 ], [ 151.1737623419138, -33.898782199085581 ], [ 151.173525062434095, -33.898838297926282 ], [ 151.173471662293252, -33.898844297612236 ], [ 151.173455739534802, -33.898809728950653 ], [ 151.172782540184244, -33.898893595244026 ], [ 151.172545259839723, -33.898949692163932 ], [ 151.172038258497707, -33.899007289182173 ], [ 151.172033631397369, -33.898978578683533 ], [ 151.171822090192705, -33.899002645084792 ], [ 151.171394498966293, -33.899118172590782 ], [ 151.1709065, -33.8993503 ], [ 151.170522807777246, -33.899441003913196 ], [ 151.170686849445104, -33.899500981771737 ], [ 151.171618336982078, -33.89923059063846 ], [ 151.1720929, -33.8991184 ], [ 151.1727903, -33.8990004 ], [ 151.172796904320137, -33.899019606414939 ], [ 151.173522400000024, -33.898913500000013 ], [ 151.173536627658052, -33.89895723642892 ], [ 151.1737047, -33.8989175 ], [ 151.1751753, -33.8987526 ], [ 151.175179114067021, -33.898777365648314 ], [ 151.1753215, -33.8987437 ], [ 151.175972909882631, -33.898703905989059 ], [ 151.1768277, -33.8985 ], [ 151.176836482869618, -33.898517499232149 ], [ 151.176814247125407, -33.898466711044662 ], [ 151.177404243823418, -33.898224225012541 ], [ 151.177386074390597, -33.89819342069417 ], [ 151.177523475099918, -33.898136721514497 ], [ 151.178300210469445, -33.897943713501093 ], [ 151.17833806102081, -33.897813056960004 ], [ 151.178455101375249, -33.897785380412458 ], [ 151.17853173244805, -33.897697210709573 ], [ 151.178391780601345, -33.897657226734673 ], [ 151.178464181580694, -33.897555327188471 ], [ 151.178701454678276, -33.897499218593651 ], [ 151.178790655377554, -33.897392418962653 ], [ 151.179005082470155, -33.897331986684428 ], [ 151.178995013239472, -33.897315841420841 ], [ 151.180249800000013, -33.8970068 ], [ 151.180356488834121, -33.897022707042893 ], [ 151.180946196306593, -33.896901955622162 ], [ 151.18099791722085, -33.896946640877765 ], [ 151.180996598349822, -33.897008735557847 ], [ 151.180886771828909, -33.897065165975953 ], [ 151.180917071706574, -33.897115370900501 ], [ 151.180893960436748, -33.897159663090129 ], [ 151.18075487308127, -33.897199997918008 ], [ 151.180800871572472, -33.897262148838166 ], [ 151.181609821514456, -33.897029692420496 ], [ 151.181686815042127, -33.896985035842732 ], [ 151.181614869322772, -33.896841709725642 ], [ 151.181691469538265, -33.896817410019267 ], [ 151.1821507, -33.8967088 ], [ 151.1822015, -33.8967341 ], [ 151.182273868844163, -33.896846195024992 ], [ 151.182797072092029, -33.896736112866002 ], [ 151.183000955922267, -33.896685145529482 ], [ 151.182961410019743, -33.896653282464314 ], [ 151.182339795985911, -33.896803380147752 ], [ 151.182302870515144, -33.89678200782236 ], [ 151.183095830557136, -33.896568531458492 ], [ 151.18273543069887, -33.89661869217781 ], [ 151.182257306470831, -33.896730346377069 ], [ 151.182214831436937, -33.896693650092672 ], [ 151.182242231497241, -33.896660730753716 ], [ 151.182706368762069, -33.896550957766074 ], [ 151.18275018557901, -33.896509203580457 ], [ 151.183974790176592, -33.896219562159899 ], [ 151.184056964874003, -33.896234456832303 ], [ 151.18407818211611, -33.896279403261602 ], [ 151.184055072699806, -33.89632369611143 ], [ 151.183968596542798, -33.896357730209033 ], [ 151.184932530481348, -33.896129732596272 ], [ 151.18432566422473, -33.896263599809437 ], [ 151.184269581919523, -33.896243252390505 ], [ 151.184293982140588, -33.896196485191354 ], [ 151.18505935528438, -33.896015450959496 ], [ 151.185146995866887, -33.896032332226795 ], [ 151.185207439772739, -33.896006876463993 ], [ 151.185190065483113, -33.895973487871032 ], [ 151.185224313859749, -33.89593233780765 ], [ 151.185794702371965, -33.89579741881294 ], [ 151.185817188274541, -33.895785363202705 ], [ 151.185290462284087, -33.895908706066109 ], [ 151.185236409185848, -33.895852935965451 ], [ 151.1848089, -33.8959948 ], [ 151.184039413961585, -33.896162732321464 ], [ 151.184010500179738, -33.896208588118867 ], [ 151.182862433843155, -33.896480127657867 ], [ 151.182809607255905, -33.896470552004722 ], [ 151.182799212616175, -33.89642921044905 ], [ 151.182715930768154, -33.896424385627682 ], [ 151.182700776088723, -33.896392280884584 ], [ 151.18273502580621, -33.896351131561069 ], [ 151.183796786116034, -33.89610000622406 ], [ 151.183498323900807, -33.89615133960227 ], [ 151.183481544758735, -33.896111773923103 ], [ 151.182738935933259, -33.896285808079661 ], [ 151.182694525010675, -33.896260103268872 ], [ 151.18272197621468, -33.89620749055269 ], [ 151.183870039238201, -33.895935952206777 ], [ 151.183933131494427, -33.89595884324622 ], [ 151.183913037777387, -33.896007512222461 ], [ 151.184483690288999, -33.895883476657517 ], [ 151.184513989987693, -33.895848452587181 ], [ 151.186007133028568, -33.895457288768576 ], [ 151.185242955585551, -33.895628813106526 ], [ 151.185184657787573, -33.895591613092748 ], [ 151.184316204266935, -33.895810485584114 ], [ 151.184281662233246, -33.895790493390102 ], [ 151.184283203120231, -33.895713862226359 ], [ 151.184570796461713, -33.895641102860885 ], [ 151.184048466652996, -33.895751688206289 ], [ 151.183942221834684, -33.895725689105994 ], [ 151.183333001588693, -33.89587695802777 ], [ 151.183947175091731, -33.895741881564504 ], [ 151.183969577401029, -33.895789338823029 ], [ 151.183879490687019, -33.895844897846658 ], [ 151.182961041822068, -33.896062129506248 ], [ 151.182818062628968, -33.896041161030112 ], [ 151.182580318259539, -33.896076383137832 ], [ 151.182684992654572, -33.896014755657987 ], [ 151.183355042727328, -33.895860654860286 ], [ 151.183319869542288, -33.89581987755286 ], [ 151.182706325999106, -33.895989304721397 ], [ 151.182456083968702, -33.896109138807105 ], [ 151.182135514962056, -33.896195151680274 ], [ 151.182509222714458, -33.896108014581202 ], [ 151.182546388237881, -33.896140123740103 ], [ 151.182522413439841, -33.896168928231759 ], [ 151.181534250462676, -33.896440059319929 ], [ 151.181372675037011, -33.896510054860649 ], [ 151.180438514635426, -33.896714993743807 ], [ 151.180863507527562, -33.89660872353047 ], [ 151.180881982104694, -33.896571237939682 ], [ 151.180216200939725, -33.896758094153547 ], [ 151.180236618259698, -33.896780487576478 ], [ 151.18083351450602, -33.896651625241667 ], [ 151.180224427773624, -33.89682067415702 ], [ 151.180155400000018, -33.8968679 ], [ 151.179618400319896, -33.897053457499155 ], [ 151.179023726791257, -33.897204738795281 ], [ 151.1789111, -33.8973167 ], [ 151.177881321551183, -33.897580194921204 ], [ 151.177109860331711, -33.897592092588397 ], [ 151.177096892376227, -33.897564067723316 ], [ 151.176848252006266, -33.897602811349714 ], [ 151.176784056667657, -33.897568876627624 ], [ 151.176664651831032, -33.897597110635246 ], [ 151.176456451713278, -33.897576209827918 ], [ 151.176444051856805, -33.897548109785184 ], [ 151.176671197490009, -33.89748160768162 ], [ 151.176647312706535, -33.897427031534349 ], [ 151.176192351648467, -33.897534608806808 ], [ 151.176126952627982, -33.897346708589438 ], [ 151.176564347893787, -33.897238128097321 ], [ 151.176323953184237, -33.897287109369216 ], [ 151.176307153381686, -33.897248509311439 ], [ 151.176882713249768, -33.897100299887619 ], [ 151.176865245455303, -33.897061470925401 ], [ 151.176541826971942, -33.897143504889527 ], [ 151.176471627137801, -33.897070204760055 ], [ 151.176449035118225, -33.896978410291297 ], [ 151.176213054476705, -33.897034208987463 ], [ 151.176201354612033, -33.89700770894715 ], [ 151.176262654786029, -33.896989009189809 ], [ 151.176220554732907, -33.896990009025536 ], [ 151.176228495273648, -33.896932041751256 ], [ 151.175956682036428, -33.896996312695677 ], [ 151.175919482699896, -33.896909912504078 ], [ 151.1771755, -33.8965851 ], [ 151.177188300000012, -33.8966647 ], [ 151.177052800000013, -33.8967107 ], [ 151.1771489, -33.8966882 ], [ 151.177163525869503, -33.896722166658058 ], [ 151.1772006, -33.8967134 ], [ 151.1772167, -33.8967513 ], [ 151.177130608608962, -33.896781901224955 ], [ 151.1771636, -33.8967741 ], [ 151.177199699999989, -33.8968564 ], [ 151.177051922807863, -33.896900944032573 ], [ 151.1772096, -33.896869 ], [ 151.1772212, -33.8968946 ], [ 151.177151445565016, -33.89692780475027 ], [ 151.177235700000011, -33.896912199999981 ], [ 151.177249, -33.8969418 ], [ 151.177159987947903, -33.896969393306321 ], [ 151.1772475, -33.8969487 ], [ 151.177296, -33.8970201 ], [ 151.177137474867266, -33.89706920413105 ], [ 151.1772669, -33.8970386 ], [ 151.177294495110658, -33.897103573107557 ], [ 151.177396300000026, -33.8970795 ], [ 151.1774293, -33.8971567 ], [ 151.177348651209797, -33.897188815690583 ], [ 151.1777492, -33.8970941 ], [ 151.1777823, -33.897166199999987 ], [ 151.17709872581392, -33.897372039579544 ], [ 151.177120724757174, -33.89739750453878 ], [ 151.17747847973169, -33.897331360549053 ], [ 151.177567827211135, -33.897264706876967 ], [ 151.1778051, -33.8972086 ], [ 151.1778498, -33.8973114 ], [ 151.177746449536187, -33.89734327971896 ], [ 151.177819199999988, -33.897340399999976 ], [ 151.177827289986453, -33.897362909937129 ], [ 151.178291355090238, -33.897242739079935 ], [ 151.178274724439518, -33.897202996737427 ], [ 151.178325594513979, -33.897188111757167 ], [ 151.178305321614317, -33.897141265103144 ], [ 151.177898805801362, -33.897237393695349 ], [ 151.177611811113621, -33.896591992098934 ], [ 151.178524054811675, -33.896364710994384 ], [ 151.178494184298131, -33.896296898810931 ], [ 151.178900585292695, -33.89601199960488 ], [ 151.179275394204637, -33.895848941064848 ], [ 151.179168498954596, -33.895630631882099 ], [ 151.181146188262659, -33.895067516522047 ], [ 151.181114171427936, -33.894996628496266 ], [ 151.181191319440074, -33.894971384325181 ], [ 151.181170971895057, -33.894924728731965 ], [ 151.181347472502267, -33.894851929434374 ], [ 151.181360873285172, -33.894714929513874 ], [ 151.181478873611724, -33.894680429980639 ], [ 151.181446574070151, -33.894592129872358 ], [ 151.181587601808332, -33.894556160213412 ], [ 151.181567918347696, -33.894512986461343 ], [ 151.181533875730054, -33.894552658289648 ], [ 151.1809981196092, -33.894679367579279 ], [ 151.180956498884569, -33.89464340768783 ], [ 151.181650252131959, -33.894451558112742 ], [ 151.181642375183372, -33.894432930667158 ], [ 151.181738075455598, -33.894403631045968 ], [ 151.181698675951907, -33.894307130911649 ], [ 151.181792576193516, -33.894282931282433 ], [ 151.18178234411721, -33.894258717162074 ], [ 151.180587942685833, -33.894541199696981 ], [ 151.1806137, -33.8946013 ], [ 151.179787231268932, -33.894800406350711 ], [ 151.179684631359692, -33.894769705715625 ], [ 151.179669317807736, -33.894733955851436 ], [ 151.179227656251697, -33.894838403969473 ], [ 151.178980755584405, -33.894850202102454 ], [ 151.178932056610478, -33.894745801775422 ], [ 151.17920725856527, -33.894621003899509 ], [ 151.1801257, -33.8944038 ], [ 151.1801884, -33.8944186 ], [ 151.180216437879807, -33.894478614997219 ], [ 151.180397823800064, -33.894408970016677 ], [ 151.18166210057359, -33.89410996272845 ], [ 151.18163289750143, -33.894032395437677 ], [ 151.181265004231648, -33.894112764122177 ], [ 151.181229954148847, -33.894100046156503 ], [ 151.181245204893912, -33.894070817046099 ], [ 151.18161130699221, -33.893975048049676 ], [ 151.181059145580377, -33.894104390167961 ], [ 151.180967300470797, -33.894111180462119 ], [ 151.180950500300355, -33.894075587151406 ], [ 151.181194256589123, -33.893997513280198 ], [ 151.181064999050506, -33.894027370088125 ], [ 151.181046201024344, -33.894001370066391 ], [ 151.180424104651166, -33.894148497487379 ], [ 151.180382029535735, -33.894133165610711 ], [ 151.180192951633074, -33.894165840114653 ], [ 151.181165707208521, -33.893917150419107 ], [ 151.181218049102995, -33.893954582378555 ], [ 151.182008533353297, -33.89373398557418 ], [ 151.181996121548082, -33.893704020811668 ], [ 151.18189258905241, -33.893715903175291 ], [ 151.181982850788131, -33.893671982324733 ], [ 151.181797093286605, -33.893699110494225 ], [ 151.181968345149585, -33.89363696254604 ], [ 151.18177428082987, -33.8936812562795 ], [ 151.181728159969083, -33.893647646805711 ], [ 151.181260736334508, -33.893760656856806 ], [ 151.181218676407298, -33.893745395300229 ], [ 151.181236977221914, -33.89371032036491 ], [ 151.181936680828898, -33.893560517862568 ], [ 151.181923155745721, -33.893527851107791 ], [ 151.180990288169454, -33.893763484922864 ], [ 151.180840591695301, -33.893763019980412 ], [ 151.180977098831676, -33.893702571133481 ], [ 151.18161570508363, -33.893541665246033 ], [ 151.180879178446162, -33.893714076562951 ], [ 151.180826087220055, -33.893668205675326 ], [ 151.18086033666242, -33.893627056849837 ], [ 151.181601221506241, -33.893451831147324 ], [ 151.18160713705845, -33.893404671190325 ], [ 151.182222825767809, -33.893249079333415 ], [ 151.182320774769806, -33.893242121295089 ], [ 151.182336878740699, -33.893278551430313 ], [ 151.182587679083326, -33.893219232025743 ], [ 151.182561383290789, -33.893171334500025 ], [ 151.182791913112197, -33.893090675950987 ], [ 151.183251122159703, -33.892982061062959 ], [ 151.183502433592707, -33.892959274631046 ], [ 151.184550102741468, -33.892677891623606 ], [ 151.184532088550242, -33.892629842287739 ], [ 151.184677055278826, -33.892592956900224 ], [ 151.184593935450351, -33.892381964568912 ], [ 151.18478033621497, -33.892328565674411 ], [ 151.1859373, -33.8920567 ], [ 151.1859883, -33.8921981 ], [ 151.185748331744293, -33.892266691131766 ], [ 151.1857657, -33.8923127 ], [ 151.185573166979736, -33.892366776101142 ], [ 151.185599790006819, -33.892434617084454 ], [ 151.18565052277998, -33.892443976735606 ], [ 151.186524563744086, -33.892228572185509 ], [ 151.186491293480486, -33.892144850019065 ], [ 151.186737614129896, -33.892024817822843 ], [ 151.186486536946802, -33.892068128548338 ], [ 151.186408248014885, -33.891850564812962 ], [ 151.185961668306248, -33.891946646077535 ], [ 151.185937068795567, -33.891887545941898 ], [ 151.186194927276006, -33.891802779933698 ], [ 151.185930269076948, -33.89185504590958 ], [ 151.185878099938549, -33.891718203551562 ], [ 151.185470226912628, -33.891810076283186 ], [ 151.185496300000011, -33.8918797 ], [ 151.183358188947295, -33.892453536851924 ], [ 151.183378955499421, -33.892505480573917 ], [ 151.184846599999986, -33.8921261 ], [ 151.184867895925976, -33.8921802047985 ], [ 151.185115726820953, -33.892121581353337 ], [ 151.185207770518616, -33.892079564194063 ], [ 151.185195846161861, -33.892038222262094 ], [ 151.185270146290918, -33.892007122409957 ], [ 151.1855993, -33.8919304 ], [ 151.185616348469296, -33.891982914987175 ], [ 151.185853721047096, -33.891946008165519 ], [ 151.18587332322312, -33.891987532989539 ], [ 151.185798287299065, -33.892033137713248 ], [ 151.184849691577341, -33.892259119444276 ], [ 151.184794952813235, -33.892240511911019 ], [ 151.18457391433796, -33.892300516304651 ], [ 151.184549357243213, -33.89236668235953 ], [ 151.184143281171544, -33.892462735448312 ], [ 151.184119336827166, -33.892491673505788 ], [ 151.183857583182942, -33.892553587706416 ], [ 151.183825296887932, -33.892587212561388 ], [ 151.182812848334748, -33.892836480357225 ], [ 151.182211384092057, -33.892957833178563 ], [ 151.182199827994623, -33.892928862081739 ], [ 151.182173532611472, -33.892966877266119 ], [ 151.181561252179222, -33.893111691312505 ], [ 151.181505172619637, -33.89309134271376 ], [ 151.18152957334533, -33.893044576059808 ], [ 151.182141853338436, -33.892899762155473 ], [ 151.182194626032839, -33.892915820774967 ], [ 151.182170553986225, -33.892855472155304 ], [ 151.180672136146086, -33.89320875231607 ], [ 151.18063266173192, -33.893185902987284 ], [ 151.180657062955419, -33.89313913652348 ], [ 151.181066705492071, -33.893042253239955 ], [ 151.18111040955614, -33.892984973879749 ], [ 151.181427018601568, -33.892910092382195 ], [ 151.181455491600644, -33.892861992072241 ], [ 151.18164694871524, -33.892816709832168 ], [ 151.181506767467624, -33.892831664466833 ], [ 151.181519297572606, -33.892789597403464 ], [ 151.182091375120024, -33.892656970143818 ], [ 151.182083963726114, -33.892602571890237 ], [ 151.181495347404194, -33.892734415604224 ], [ 151.181483478914231, -33.892712236428679 ], [ 151.181363956859627, -33.892722295383642 ], [ 151.181338031764142, -33.892674897551593 ], [ 151.181273776726357, -33.892690094645573 ], [ 151.181264955080195, -33.892717860900667 ], [ 151.180722136595648, -33.892834727760388 ], [ 151.180727865334489, -33.892812751630451 ], [ 151.181319964984482, -33.892641866736327 ], [ 151.181098131167403, -33.892686086697175 ], [ 151.181045040430917, -33.89264021591373 ], [ 151.181079289336424, -33.892599067003871 ], [ 151.181236617027025, -33.892561857253916 ], [ 151.181196746752619, -33.89252563244218 ], [ 151.181236752263629, -33.892489731693324 ], [ 151.181164402951538, -33.892449030828629 ], [ 151.181193862064561, -33.892411316748941 ], [ 151.181165639862883, -33.892359718808606 ], [ 151.181110747598439, -33.892355536105804 ], [ 151.181102493569739, -33.892306925698406 ], [ 151.18104290149131, -33.892319593070795 ], [ 151.181003427371309, -33.892296743867959 ], [ 151.18101363468827, -33.892257586553193 ], [ 151.181096705234665, -33.892233687087767 ], [ 151.181060003833579, -33.892166586533307 ], [ 151.180970920840366, -33.892175051127204 ], [ 151.181046453902951, -33.892141813394829 ], [ 151.180958568367203, -33.891956091102109 ], [ 151.181198853356335, -33.891896369530897 ], [ 151.179755521549168, -33.892218242749159 ], [ 151.17981275059654, -33.892241706145775 ], [ 151.179841541151234, -33.892302705757309 ], [ 151.179776467340957, -33.892380887996445 ], [ 151.178818610438498, -33.892604027760335 ], [ 151.178724860625266, -33.892549759228707 ], [ 151.178749105524616, -33.892456761139876 ], [ 151.179540924737722, -33.892256376070456 ], [ 151.17953258854692, -33.89223689366608 ], [ 151.179077585629244, -33.89232407282131 ], [ 151.179047980451401, -33.892306935460624 ], [ 151.179066281804751, -33.892271860859282 ], [ 151.179502294975805, -33.892166094875094 ], [ 151.178442589905643, -33.892407698616609 ], [ 151.178425790137851, -33.892361498562181 ], [ 151.178545874074985, -33.892325277082016 ], [ 151.17836108120855, -33.892362998388556 ], [ 151.178188357476557, -33.891974608111717 ], [ 151.177816291093308, -33.892062596321225 ], [ 151.177778691535423, -33.891973496196641 ], [ 151.178144156568123, -33.891872173645488 ], [ 151.178052333426535, -33.891659157268002 ], [ 151.177858924348413, -33.891704895791008 ], [ 151.177782704488493, -33.89152686143813 ], [ 151.177678382416019, -33.891526309767009 ], [ 151.17758577005992, -33.891478834771938 ], [ 151.177566562465643, -33.891390107481989 ], [ 151.17765469880456, -33.891338807921372 ], [ 151.177612075460843, -33.891315286907592 ], [ 151.176379185046756, -33.891610083730242 ], [ 151.176275287580182, -33.891355583044948 ], [ 151.177696235387714, -33.890976535328868 ], [ 151.177716595341593, -33.890933185596893 ], [ 151.177483994203754, -33.890988192303936 ], [ 151.177453244380757, -33.890963049962778 ], [ 151.175668685816618, -33.891396078453766 ], [ 151.175462987180964, -33.891228876966878 ], [ 151.175411904132801, -33.89110743942593 ], [ 151.175152497343475, -33.891176669399144 ], [ 151.175248, -33.8914094 ], [ 151.174844579435842, -33.891522551884634 ], [ 151.174844571905624, -33.891624869964417 ], [ 151.1752856, -33.8915119 ], [ 151.1754156, -33.891818 ], [ 151.174650247242596, -33.891998974961822 ], [ 151.174347285194415, -33.891956113142534 ], [ 151.174303400000014, -33.8921263 ], [ 151.173728865558104, -33.892262148496684 ], [ 151.1741226, -33.892312899999986 ], [ 151.174117652286554, -33.892341051323307 ], [ 151.1748068, -33.892178099999974 ], [ 151.1749328, -33.8924587 ], [ 151.173881940896962, -33.892720089302266 ], [ 151.1740863, -33.8927447 ], [ 151.174050099999988, -33.892950099999979 ], [ 151.173590881079036, -33.893058680192155 ], [ 151.173208480994248, -33.892997378761734 ], [ 151.173220984246257, -33.892926437345366 ], [ 151.173001180872149, -33.892978177983586 ], [ 151.17268908074854, -33.89293817681417 ], [ 151.17272528190199, -33.892732776990506 ], [ 151.1731845, -33.8926242 ], [ 151.173799644629156, -33.892697740640209 ], [ 151.17383482500162, -33.892577808069255 ], [ 151.173627283460576, -33.892626880413033 ], [ 151.172595283054164, -33.8924941765464 ], [ 151.172535483050183, -33.892482876323037 ], [ 151.172542604406402, -33.892442470923811 ], [ 151.172087137599021, -33.892550158672229 ], [ 151.17182073743183, -33.892515057008957 ], [ 151.171838938328165, -33.892419557154206 ], [ 151.172206227073701, -33.892332718480247 ], [ 151.172110483465588, -33.892320774751489 ], [ 151.172118683721322, -33.892275274791224 ], [ 151.172164293115742, -33.892264491224942 ], [ 151.172125683813562, -33.892259674820657 ], [ 151.172163123559812, -33.892207261672368 ], [ 151.172140784129368, -33.892204474888295 ], [ 151.17217300351615, -33.892153319643505 ], [ 151.17214778443153, -33.892150174925249 ], [ 151.172156084687288, -33.892104674965346 ], [ 151.172202148076281, -33.892093784019274 ], [ 151.172157184778001, -33.892088174972677 ], [ 151.172165385033736, -33.892042675012412 ], [ 151.172635399458784, -33.891935447164116 ], [ 151.172655186758476, -33.891823176902285 ], [ 151.1731144, -33.8917146 ], [ 151.173327300000011, -33.8917387 ], [ 151.173301647478695, -33.891884656567989 ], [ 151.1736821, -33.8917947 ], [ 151.1739923, -33.8918368 ], [ 151.173985772238439, -33.891874255672079 ], [ 151.1740486, -33.8918594 ], [ 151.1743037, -33.8918939 ], [ 151.174357500000042, -33.891916499999979 ], [ 151.174348023315389, -33.891953250701626 ], [ 151.174625405028337, -33.891871058705995 ], [ 151.174591882046769, -33.891788603717323 ], [ 151.174824999408116, -33.891722440121974 ], [ 151.174397623823751, -33.891819586107189 ], [ 151.174102923731994, -33.891780585187256 ], [ 151.173997924844059, -33.89151338490035 ], [ 151.173668823604544, -33.891591200941029 ], [ 151.173637724274812, -33.891505200785026 ], [ 151.174490932647302, -33.891280875616673 ], [ 151.174330956057958, -33.890959373290045 ], [ 151.174418249982637, -33.890930351731704 ], [ 151.174327656120681, -33.89095177327178 ], [ 151.174309156474692, -33.890908873169316 ], [ 151.174624601080836, -33.890822211228098 ], [ 151.174615283016266, -33.89080069316018 ], [ 151.174314256818406, -33.890871873213307 ], [ 151.174271657632971, -33.890773172977376 ], [ 151.174565258962303, -33.890685174851249 ], [ 151.174548044286638, -33.89064558945843 ], [ 151.174246158094547, -33.890716972835193 ], [ 151.174202258933803, -33.890615272592072 ], [ 151.174520875356734, -33.890529434192814 ], [ 151.174194159162226, -33.890588372549843 ], [ 151.174139260212883, -33.89046107224582 ], [ 151.174484748511873, -33.890350410539646 ], [ 151.174111060363117, -33.890438772075761 ], [ 151.174088560793962, -33.890386571951147 ], [ 151.175412200000011, -33.8900424 ], [ 151.175624351077346, -33.890531869700048 ], [ 151.176119657510384, -33.890410723722368 ], [ 151.176029272952292, -33.89019778589541 ], [ 151.176836187076958, -33.889940105070956 ], [ 151.177306397107714, -33.889828138463059 ], [ 151.176300080313922, -33.890046572328288 ], [ 151.176239184326846, -33.889891071296951 ], [ 151.176281887307596, -33.889793272226619 ], [ 151.176943815878047, -33.889595050894236 ], [ 151.17697054296849, -33.88955902580259 ], [ 151.177090537416944, -33.889530648955514 ], [ 151.17707276734572, -33.88948586911183 ], [ 151.177139587766902, -33.889456530734329 ], [ 151.176542843561293, -33.889592732907289 ], [ 151.176479045656237, -33.8894303323668 ], [ 151.176847774083086, -33.889322581622295 ], [ 151.176845742781325, -33.889300339876144 ], [ 151.176265544971301, -33.889437545671662 ], [ 151.176127050999867, -33.88910224401706 ], [ 151.1762088249219, -33.889078488655777 ], [ 151.17619517670957, -33.889049485623353 ], [ 151.176243777160323, -33.889009385941755 ], [ 151.177351287601056, -33.888773608598804 ], [ 151.17730747239213, -33.888727750334311 ], [ 151.176038400988659, -33.889024635335424 ], [ 151.175935304843648, -33.888774534280032 ], [ 151.176239007392411, -33.888684037884708 ], [ 151.176224241313662, -33.888649092730347 ], [ 151.176114880012875, -33.888667785241637 ], [ 151.176100880294655, -33.8886337851646 ], [ 151.176202745542639, -33.888598221147745 ], [ 151.176174969465706, -33.888532486593462 ], [ 151.176024433637309, -33.888567015157932 ], [ 151.175994830368523, -33.888549877116063 ], [ 151.176013132075184, -33.888514802962959 ], [ 151.176153473750389, -33.888481615003251 ], [ 151.176143510867917, -33.888458036903735 ], [ 151.177516731665719, -33.888118457495835 ], [ 151.177509294171244, -33.888101127816171 ], [ 151.176772404171658, -33.888278912916256 ], [ 151.176764755296205, -33.888261274952335 ], [ 151.176430924344118, -33.888338615765228 ], [ 151.176386212845273, -33.888311492469711 ], [ 151.175780281329054, -33.888454783207237 ], [ 151.175695682990636, -33.888253882740258 ], [ 151.175946274255836, -33.888183798818268 ], [ 151.175920162381999, -33.888123727574502 ], [ 151.176908860723557, -33.887883011468894 ], [ 151.176390358378853, -33.888001517926163 ], [ 151.176357741979473, -33.88797956756234 ], [ 151.176349059107338, -33.887906517713212 ], [ 151.176745464882544, -33.887798889026278 ], [ 151.176747974052006, -33.887756122434105 ], [ 151.176307061502143, -33.887855141033825 ], [ 151.176262656872836, -33.887829434076934 ], [ 151.176274141813735, -33.887785382570037 ], [ 151.176760864577119, -33.887649681782072 ], [ 151.176350738328694, -33.887734750351449 ], [ 151.176326436278288, -33.887703220216657 ], [ 151.176739075823434, -33.887597176397414 ], [ 151.176709162946878, -33.887525093826454 ], [ 151.176299098125156, -33.88762099846889 ], [ 151.176277151718892, -33.887574492826232 ], [ 151.176450425230229, -33.887530326988369 ], [ 151.176424741193443, -33.887470659584061 ], [ 151.176094529494634, -33.887547322709537 ], [ 151.176052061571284, -33.887510624483838 ], [ 151.176079460830636, -33.88747770645098 ], [ 151.176831914273947, -33.887296523500247 ], [ 151.17708423922997, -33.887227210282596 ], [ 151.177078172291516, -33.887208865230058 ], [ 151.176876754986381, -33.887250936145556 ], [ 151.176832853327596, -33.887152465991356 ], [ 151.176638553015152, -33.887186255486611 ], [ 151.176384640480336, -33.887246302651299 ], [ 151.1763925, -33.8872669 ], [ 151.176320800000013, -33.8872874 ], [ 151.174852400825756, -33.887631402280491 ], [ 151.1749208, -33.887791 ], [ 151.17472472076085, -33.887837367025291 ], [ 151.1747973, -33.8878205 ], [ 151.174811800502198, -33.887863703551183 ], [ 151.1749393, -33.8878342 ], [ 151.1749726, -33.887912 ], [ 151.174924877804358, -33.887967675900555 ], [ 151.174989900000014, -33.8879523 ], [ 151.1751482, -33.8883301 ], [ 151.174724382590938, -33.888440111221584 ], [ 151.1751143, -33.8883535 ], [ 151.175147399999986, -33.8884332 ], [ 151.174764637792975, -33.888533476280891 ], [ 151.175038796140001, -33.889170295708098 ], [ 151.17576360000001, -33.8889989 ], [ 151.175855, -33.88904260000001 ], [ 151.1756557, -33.889329599999989 ], [ 151.175183072125492, -33.889441362805265 ], [ 151.1752898, -33.8896921 ], [ 151.174398518729674, -33.889936742935603 ], [ 151.1727179, -33.8904586 ], [ 151.172480643256961, -33.890514697638132 ], [ 151.172498589385441, -33.890415567363441 ], [ 151.172473, -33.8904696 ], [ 151.172360521951475, -33.890496194440964 ], [ 151.1724217, -33.8905043 ], [ 151.172432500000014, -33.8905675 ], [ 151.172319359075459, -33.890594251095983 ], [ 151.1724413, -33.8906101 ], [ 151.1724318, -33.8906655 ], [ 151.172385573430347, -33.890676429832823 ], [ 151.172369800000013, -33.8907708 ], [ 151.172337538570304, -33.890778427881941 ], [ 151.172346544191242, -33.890814153039521 ], [ 151.173132399999986, -33.890627 ], [ 151.1732249, -33.890633399999984 ], [ 151.1730938, -33.8907468 ], [ 151.17256586042879, -33.890871628007794 ], [ 151.1725118, -33.89105 ], [ 151.172062697341886, -33.891156184950646 ], [ 151.1723864, -33.8910935 ], [ 151.1724692, -33.8911045 ], [ 151.172454749527475, -33.891176406749601 ], [ 151.172509, -33.8911838 ], [ 151.1724664, -33.891403 ], [ 151.172229140469057, -33.891459097053513 ], [ 151.171883864516417, -33.891410150725704 ], [ 151.17162188047169, -33.891472092205703 ], [ 151.171564980449034, -33.891464691985448 ], [ 151.171570503268498, -33.891432278879655 ], [ 151.171198445468264, -33.891500753424722 ], [ 151.171077145602965, -33.891461452674932 ], [ 151.171096685628896, -33.891358705699062 ], [ 151.170966480195744, -33.89138948966793 ], [ 151.170905980272209, -33.891363689437341 ], [ 151.170938222988326, -33.891191217990723 ], [ 151.170423079960983, -33.89132208756363 ], [ 151.170114979498862, -33.891342586358746 ], [ 151.170132917405624, -33.891301616507349 ], [ 151.169864879091449, -33.891364985379518 ], [ 151.169774178952821, -33.891371485024735 ], [ 151.16977024939419, -33.891338000356036 ], [ 151.169286678179247, -33.89141148311672 ], [ 151.169251679980164, -33.891083083046155 ], [ 151.169726200000014, -33.8909709 ], [ 151.17030039446513, -33.890924386373854 ], [ 151.17030928950129, -33.890904629774987 ], [ 151.170161240820022, -33.890917893078083 ], [ 151.17014864773094, -33.890821092763524 ], [ 151.169704481519261, -33.890899484847701 ], [ 151.169646281426225, -33.890904384619887 ], [ 151.169627299886969, -33.890841360869153 ], [ 151.169374681138635, -33.890901083562035 ], [ 151.169319981053462, -33.890905283347998 ], [ 151.169315945014915, -33.890876599112673 ], [ 151.169052780613924, -33.890929982301671 ], [ 151.169047868859366, -33.890895074326629 ], [ 151.168842014787003, -33.890903848439315 ], [ 151.168475479724691, -33.89097258004319 ], [ 151.168449180816339, -33.890772479980804 ], [ 151.1689237, -33.8906603 ], [ 151.170152306624431, -33.890567179255484 ], [ 151.170482933465934, -33.890518950327454 ], [ 151.170558869942454, -33.890344101640771 ], [ 151.17006488456758, -33.890427986346793 ], [ 151.170040228031297, -33.890386778660819 ], [ 151.169119383575094, -33.890457262106011 ], [ 151.168621182283943, -33.890545180696733 ], [ 151.168594783375454, -33.890345080633992 ], [ 151.168706433843965, -33.8903186855025 ], [ 151.168703241745163, -33.890294490299425 ], [ 151.1689405, -33.8902384 ], [ 151.170363989744487, -33.890129179784303 ], [ 151.170392437195602, -33.890124398821776 ], [ 151.170384043364692, -33.890054493598761 ], [ 151.170711599995713, -33.889991331704579 ], [ 151.170723303304214, -33.889964299721889 ], [ 151.170131030244789, -33.890089480710515 ], [ 151.170110096856178, -33.889931292584059 ], [ 151.169780143292513, -33.889958792431585 ], [ 151.169776649054228, -33.889929776066033 ], [ 151.169713583486441, -33.889935813396043 ], [ 151.169278885863832, -33.890038583361587 ], [ 151.169150385666939, -33.89004788285893 ], [ 151.169147758010723, -33.890026062146269 ], [ 151.168955385364853, -33.890062582096 ], [ 151.168951151260046, -33.890027421029124 ], [ 151.168731742461148, -33.890044690380009 ], [ 151.168703443103595, -33.889809690348436 ], [ 151.1689407, -33.8897536 ], [ 151.170768463833156, -33.889616431677275 ], [ 151.170885933794978, -33.88958865824857 ], [ 151.17093969095248, -33.889464489949113 ], [ 151.171244631472518, -33.889381400657768 ], [ 151.171168107585913, -33.889358734640275 ], [ 151.169982824422334, -33.889638968972228 ], [ 151.169870323983503, -33.889647667871806 ], [ 151.169853495256348, -33.889498474887027 ], [ 151.169548188846363, -33.889560484506951 ], [ 151.169489988753838, -33.889565284279172 ], [ 151.16948597831859, -33.889531980620802 ], [ 151.169296288524947, -33.889567183523901 ], [ 151.169292973999092, -33.889540341645493 ], [ 151.169147380513778, -33.889548111404949 ], [ 151.168849587782915, -33.889609781774489 ], [ 151.168519487269776, -33.889634980482967 ], [ 151.16849118855464, -33.889399980419789 ], [ 151.1689657, -33.8892878 ], [ 151.169223499999987, -33.8892709 ], [ 151.169226310900143, -33.889292573564127 ], [ 151.169551662250484, -33.889243051086979 ], [ 151.169529331712511, -33.889080831265943 ], [ 151.168885390093777, -33.889204581995266 ], [ 151.168881299344719, -33.889169690303142 ], [ 151.168829396950628, -33.889174162986734 ], [ 151.168801198150277, -33.888947262924404 ], [ 151.1694439, -33.8888155 ], [ 151.169446453614114, -33.888835655358697 ], [ 151.1699353, -33.88879 ], [ 151.169955173551244, -33.888850098385234 ], [ 151.1707021, -33.8887023 ], [ 151.1714483, -33.8886538 ], [ 151.171429274829819, -33.888703399881599 ], [ 151.171527676802214, -33.888680133848169 ], [ 151.171361496157004, -33.888620491761976 ], [ 151.171384461323555, -33.888486173657675 ], [ 151.170377838349879, -33.888724173278931 ], [ 151.169762635959643, -33.8887710672617 ], [ 151.16972434031743, -33.888452267048301 ], [ 151.17079050000001, -33.8881755 ], [ 151.1715936, -33.8881254 ], [ 151.1716192, -33.8883189 ], [ 151.171568348736997, -33.888434076741106 ], [ 151.171855666688032, -33.888366142803108 ], [ 151.171712148886229, -33.888350796357294 ], [ 151.171725249410201, -33.888166396401274 ], [ 151.1719625, -33.8881103 ], [ 151.172113831664518, -33.888133684218758 ], [ 151.172625377871725, -33.88801272988686 ], [ 151.172625220706891, -33.887965356283992 ], [ 151.172573883725391, -33.887956449557279 ], [ 151.171822450795418, -33.888126287652405 ], [ 151.171662850055725, -33.888146986087158 ], [ 151.171654531352345, -33.888102728152916 ], [ 151.171571801235046, -33.8881110836654 ], [ 151.171539703869655, -33.887947883388151 ], [ 151.171621779308055, -33.887928477306566 ], [ 151.171615653439943, -33.887895885753011 ], [ 151.17196510785746, -33.887813259311685 ], [ 151.171957450718253, -33.887746196895783 ], [ 151.172194700000034, -33.8876901 ], [ 151.172552, -33.88764530000001 ], [ 151.172580476252108, -33.887667756244376 ], [ 151.1728019, -33.8876154 ], [ 151.173520701313521, -33.887553594821313 ], [ 151.174389288533803, -33.887426284566054 ], [ 151.177160462092104, -33.886788477111011 ], [ 151.177121939006781, -33.886738174348672 ], [ 151.177163036896104, -33.886688796901268 ], [ 151.178234456324958, -33.886435406084509 ], [ 151.178777018262338, -33.886321183635481 ], [ 151.178906513058763, -33.886335956727919 ], [ 151.178795856657473, -33.886408203643093 ], [ 151.178419856294909, -33.886497130903187 ], [ 151.1803893, -33.886067 ], [ 151.180522317427858, -33.886189547911655 ], [ 151.18055876017948, -33.886100013818691 ], [ 151.1808456, -33.8860325 ], [ 151.180904700000013, -33.8861242 ], [ 151.180540769103459, -33.88620927429416 ], [ 151.180626100000012, -33.8863005 ], [ 151.1807681, -33.8866215 ], [ 151.180379017395012, -33.886720019438492 ], [ 151.180396300000012, -33.88673570000001 ], [ 151.180315799999988, -33.8867968 ], [ 151.180203508526432, -33.886823359380088 ], [ 151.180256446884187, -33.886877372519194 ], [ 151.180530299999987, -33.8868126 ], [ 151.1806315, -33.886816399999972 ], [ 151.180940738798682, -33.887151974170536 ], [ 151.1811275, -33.8871078 ], [ 151.1812846, -33.8872755 ], [ 151.181294900000012, -33.8873118 ], [ 151.181103649497118, -33.887424555387398 ], [ 151.181108099999989, -33.8876243 ], [ 151.180905468263717, -33.887776264981973 ], [ 151.1818477, -33.8875534 ], [ 151.181936383400114, -33.887635577446972 ], [ 151.18251835327456, -33.887218812166971 ], [ 151.183941800000014, -33.8868821 ], [ 151.184065, -33.8869947 ], [ 151.1841873, -33.8871892 ], [ 151.18351117435418, -33.887681081416098 ], [ 151.184067700000014, -33.8875577 ], [ 151.1841417, -33.8878563 ], [ 151.183425513195289, -33.888008238895409 ], [ 151.183370389991552, -33.887783500831048 ], [ 151.1831286, -33.8879594 ], [ 151.18232944569769, -33.888148431527121 ], [ 151.1817901, -33.8885209 ], [ 151.180960190371309, -33.888717195009129 ], [ 151.1810046, -33.8888213 ], [ 151.180855256343165, -33.888936532457066 ], [ 151.181513700000011, -33.8887671 ], [ 151.181572292613083, -33.888818762696232 ], [ 151.181657604310061, -33.888798584154387 ], [ 151.181799553620181, -33.888691615977862 ], [ 151.182684556647985, -33.888476312917341 ], [ 151.182221929870735, -33.888551607905754 ], [ 151.182181332625845, -33.888379507533976 ], [ 151.183604800000012, -33.8880428 ], [ 151.1841263, -33.8879579 ], [ 151.184167, -33.88813 ], [ 151.182935042037599, -33.88842141467947 ], [ 151.1829706, -33.88841390000001 ], [ 151.182987367606387, -33.888468567030031 ], [ 151.1835812, -33.88832810000001 ], [ 151.18377171012844, -33.888657930759869 ], [ 151.183830925370188, -33.888562530175186 ], [ 151.18451970000001, -33.8883996 ], [ 151.1848482, -33.888557699999986 ], [ 151.184775800000011, -33.8886634 ], [ 151.184087023644508, -33.888826331547563 ], [ 151.183881823742468, -33.888772930402304 ], [ 151.183780575583427, -33.888694101015538 ], [ 151.183843071401753, -33.88898391531918 ], [ 151.1846588, -33.8887926 ], [ 151.185114, -33.888812599999987 ], [ 151.1851958, -33.8890676 ], [ 151.1842705, -33.8893726 ], [ 151.183943565222478, -33.889449935503386 ], [ 151.183957099999986, -33.8895127 ], [ 151.18371, -33.8896047 ], [ 151.183564187395035, -33.889749610169908 ], [ 151.1837108, -33.8897166 ], [ 151.183871805734356, -33.889765919333421 ], [ 151.1843059, -33.8896651 ], [ 151.1843682, -33.8898577 ], [ 151.184165369592336, -33.889905678941076 ], [ 151.184177799999986, -33.8899797 ], [ 151.182782300069306, -33.890331573724247 ], [ 151.182731000114842, -33.890317173330146 ], [ 151.182710962190157, -33.890253770191649 ], [ 151.182229915341594, -33.890367552174169 ], [ 151.182283187192638, -33.89053863494923 ], [ 151.182350210338285, -33.890526983636462 ], [ 151.182285891926767, -33.890547321196799 ], [ 151.182295812730786, -33.890579181822204 ], [ 151.18252208285503, -33.89054246859034 ], [ 151.182306631679836, -33.890613926811142 ], [ 151.182313685537707, -33.890636580218214 ], [ 151.18252221538998, -33.890588327085929 ], [ 151.182551820724626, -33.890605463619103 ], [ 151.182533521162924, -33.890640538806139 ], [ 151.18233292676797, -33.890698373213773 ], [ 151.18297290000001, -33.890547 ], [ 151.183361267862921, -33.890896310146154 ], [ 151.1835858, -33.8908432 ], [ 151.183707733647424, -33.890911129052675 ], [ 151.1840913, -33.8908204 ], [ 151.184168199999988, -33.8908319 ], [ 151.1842766, -33.8910385 ], [ 151.1842734, -33.8911944 ], [ 151.184144915328005, -33.891225547799408 ], [ 151.184271901644195, -33.891242374322061 ], [ 151.184293117887364, -33.891287320712117 ], [ 151.18427001004946, -33.891331613684237 ], [ 151.183424443590184, -33.89153906429501 ], [ 151.184012617881166, -33.891403334180737 ], [ 151.18421970378381, -33.891408375185499 ], [ 151.184207504400689, -33.891431758817433 ], [ 151.183746153989915, -33.891540701538638 ], [ 151.183772591994824, -33.89160553886061 ], [ 151.18569475074176, -33.891091918130549 ], [ 151.185659248113978, -33.891089971181401 ], [ 151.185621198134243, -33.890877953721052 ], [ 151.185302176124281, -33.890948642252575 ], [ 151.18516597743232, -33.890776441451763 ], [ 151.185122779036334, -33.890590241239984 ], [ 151.186499183845427, -33.89025006998051 ], [ 151.186476978270605, -33.890148499128081 ], [ 151.18557590844452, -33.8903580212232 ], [ 151.185572400000012, -33.890403499999969 ], [ 151.185335150663064, -33.8904596226905 ], [ 151.185267974698519, -33.890423659320284 ], [ 151.185151004106956, -33.890448592138291 ], [ 151.185071687182671, -33.890355720414192 ], [ 151.184910201621364, -33.890373244210124 ], [ 151.184788102269579, -33.890232943762229 ], [ 151.184741202740469, -33.890139443598081 ], [ 151.185036573470654, -33.89002633497347 ], [ 151.185135080579585, -33.889934029745035 ], [ 151.185146052202953, -33.889871822380528 ], [ 151.186291899999986, -33.8896399 ], [ 151.186382855946249, -33.889717970354809 ], [ 151.18637375132252, -33.889551943229598 ], [ 151.185575105868281, -33.889749246925156 ], [ 151.185453605881264, -33.889722446457036 ], [ 151.185377807494348, -33.889419246221983 ], [ 151.18540780978384, -33.889016646418945 ], [ 151.185854912819337, -33.888564948250966 ], [ 151.186125265017239, -33.888500991967732 ], [ 151.185976170281009, -33.888516173801378 ], [ 151.185557569892126, -33.888478071366137 ], [ 151.185535570998582, -33.888341971278123 ], [ 151.186646200000013, -33.8880914 ], [ 151.1875718, -33.8879916 ], [ 151.187989204077326, -33.887993175054682 ], [ 151.188242746702855, -33.887946690005776 ], [ 151.188219515270646, -33.887861927669491 ], [ 151.187745278133264, -33.887938384313529 ], [ 151.187666193621936, -33.887404936912041 ], [ 151.187178167002997, -33.887513984541265 ], [ 151.18695516783302, -33.887407782490136 ], [ 151.186943568683631, -33.88734268241209 ], [ 151.187510723728479, -33.887208504059906 ], [ 151.187476507440607, -33.887112631900443 ], [ 151.187023182947541, -33.887219880307306 ], [ 151.186343020283658, -33.887255291471106 ], [ 151.185879480216215, -33.887314373594648 ], [ 151.185870081004452, -33.887218673568277 ], [ 151.186320163119774, -33.887109830708688 ], [ 151.186313868938299, -33.88706612871718 ], [ 151.185671741617853, -33.887205797486061 ], [ 151.185013239732001, -33.887241392340314 ], [ 151.18493544020501, -33.88718349175705 ], [ 151.184797343348521, -33.886875090803578 ], [ 151.184795944181133, -33.886800490822353 ], [ 151.184876445036281, -33.886740391473602 ], [ 151.1858254, -33.8865159 ], [ 151.186002950123935, -33.88651334511303 ], [ 151.186025298733426, -33.886439827240885 ], [ 151.185687324263853, -33.886488248010878 ], [ 151.185420024290892, -33.886429546981091 ], [ 151.185408044809122, -33.886120340221161 ], [ 151.185153125383835, -33.886180645990656 ], [ 151.1849739261271, -33.88601184532601 ], [ 151.18512172721654, -33.88584714593464 ], [ 151.1856756, -33.885722199999989 ], [ 151.185854077131978, -33.885887705823848 ], [ 151.186255341303564, -33.885795995116084 ], [ 151.186296994211261, -33.885732976506368 ], [ 151.187008700000035, -33.8855646 ], [ 151.1871844, -33.8855368 ], [ 151.1876464212869, -33.885552524372336 ], [ 151.187897327875447, -33.885493161920671 ], [ 151.187901430645724, -33.885438660354119 ], [ 151.188192233357256, -33.885369857992892 ], [ 151.187418032116597, -33.88543525496349 ], [ 151.187194031888311, -33.885430854091609 ], [ 151.187195570880561, -33.885394024099654 ], [ 151.186638165283995, -33.885502525721918 ], [ 151.186427730620807, -33.885502651091677 ], [ 151.186317907832404, -33.885457017154522 ], [ 151.185981729927335, -33.885536549347201 ], [ 151.185587954234336, -33.885545174260507 ], [ 151.184232039345659, -33.885875636637167 ], [ 151.1842192, -33.886089 ], [ 151.183942260011747, -33.886177125148656 ], [ 151.183950893555419, -33.886231084890831 ], [ 151.1842776, -33.8861538 ], [ 151.184409100000011, -33.8862023 ], [ 151.1843815, -33.8866701 ], [ 151.183492809490417, -33.88689153218283 ], [ 151.183362909302701, -33.886886131368165 ], [ 151.18337465420629, -33.886657044516106 ], [ 151.183265444928679, -33.886602786577548 ], [ 151.182835266110004, -33.886704543991073 ], [ 151.182372564152587, -33.88675573960456 ], [ 151.182117863263301, -33.886770037196619 ], [ 151.181977064131189, -33.886677635913848 ], [ 151.18248889416526, -33.88655656777923 ], [ 151.18239756886959, -33.886412740005525 ], [ 151.182419869319403, -33.886384040229579 ], [ 151.182714373366935, -33.886314377206737 ], [ 151.182706022309617, -33.886263492374837 ], [ 151.181734765968798, -33.886493233718561 ], [ 151.181377267322489, -33.886321330431301 ], [ 151.181419768197514, -33.886265330858961 ], [ 151.1825677, -33.8859938 ], [ 151.18303321670794, -33.885927403922238 ], [ 151.182876124226851, -33.885928337168835 ], [ 151.182860324649312, -33.885849737122911 ], [ 151.182953628199925, -33.885802091099464 ], [ 151.181763671660008, -33.886079134190624 ], [ 151.181739998514104, -33.885967992122993 ], [ 151.181393213271605, -33.886050019258022 ], [ 151.181140113789468, -33.88594171770221 ], [ 151.181559374838201, -33.885834697512522 ], [ 151.180793517570663, -33.886000505055584 ], [ 151.180732739443243, -33.885987154111866 ], [ 151.180403801728261, -33.886063351591147 ], [ 151.180359396702983, -33.886037646094664 ], [ 151.180386845743612, -33.885985033755567 ], [ 151.181534776567275, -33.885713512498725 ], [ 151.181999134340742, -33.88562385828439 ], [ 151.182144382548358, -33.885621712301713 ], [ 151.183339576528823, -33.885362534171307 ], [ 151.183541262591518, -33.885354204839757 ], [ 151.183968978111892, -33.885255255633133 ], [ 151.184195291877614, -33.885220443121682 ], [ 151.184233989717711, -33.885242287172133 ], [ 151.184350554619897, -33.885215247381765 ], [ 151.184364281016542, -33.885235193489535 ], [ 151.185254679814079, -33.885027590173294 ], [ 151.185247581393725, -33.884989559626661 ], [ 151.184811442864174, -33.885088812803744 ], [ 151.184702941467918, -33.885026041106542 ], [ 151.183200645929873, -33.885363089494199 ], [ 151.183143690425794, -33.885338675403844 ], [ 151.182958510275682, -33.885360770384374 ], [ 151.181564462637198, -33.885668023139942 ], [ 151.181511642834039, -33.885658447137629 ], [ 151.18149931682828, -33.885624521952245 ], [ 151.178940658095598, -33.88617206197609 ], [ 151.178890212594894, -33.886137372478267 ], [ 151.176145111935227, -33.8867669107739 ], [ 151.176057577883256, -33.886736969685167 ], [ 151.176049979464835, -33.886683986878062 ], [ 151.175914566256324, -33.8867127997107 ], [ 151.175846285469333, -33.886688018462785 ], [ 151.175819014553014, -33.886630228569786 ], [ 151.175848728370312, -33.886573282590888 ], [ 151.176059051943241, -33.886504493376414 ], [ 151.175808167165201, -33.886545248005014 ], [ 151.175785771625243, -33.886497789422158 ], [ 151.175843668361068, -33.886470561511331 ], [ 151.175819856007905, -33.886394819996688 ], [ 151.175766624855157, -33.886399092839397 ], [ 151.175740644494311, -33.886365384309912 ], [ 151.175798023717675, -33.88632537648494 ], [ 151.175790429452007, -33.886301220841069 ], [ 151.17618154898895, -33.886203800011245 ], [ 151.176182802551295, -33.886158994353238 ], [ 151.175968304407974, -33.886198902806754 ], [ 151.175652899999989, -33.8863262 ], [ 151.175415656488184, -33.886382303770219 ], [ 151.175394145180775, -33.886313237705203 ], [ 151.175256285483243, -33.886340721997733 ], [ 151.175235083411337, -33.886259598926841 ], [ 151.175172333195434, -33.886199007319306 ], [ 151.175000098982423, -33.886238131822594 ], [ 151.174955552176186, -33.886184463759875 ], [ 151.174893932845379, -33.886195825014887 ], [ 151.17482272538723, -33.886167244950009 ], [ 151.1742679, -33.8865396 ], [ 151.174171588679286, -33.88656237470169 ], [ 151.1741854, -33.8866064 ], [ 151.174114064935509, -33.886661810641883 ], [ 151.174182210567324, -33.886616003155162 ], [ 151.174656700000014, -33.8865038 ], [ 151.174835800000011, -33.887072 ], [ 151.173952950700823, -33.887273677292804 ], [ 151.173834290617748, -33.886897618423724 ], [ 151.173793, -33.8869371 ], [ 151.173663902865741, -33.886967626827641 ], [ 151.1736875, -33.887038 ], [ 151.1734193, -33.8872639 ], [ 151.172833304681745, -33.887395097742861 ], [ 151.172789852190846, -33.887387998553535 ], [ 151.172777915656354, -33.887350574112702 ], [ 151.172638852156751, -33.887369798261133 ], [ 151.172632070779258, -33.887267424363579 ], [ 151.172544404732349, -33.88728383816057 ], [ 151.1725643, -33.887388799999982 ], [ 151.172089803250373, -33.887500994824329 ], [ 151.171699802525552, -33.887551893294351 ], [ 151.171697484397072, -33.887489990095837 ], [ 151.170672402082317, -33.887713980387872 ], [ 151.1706547039866, -33.887540480319444 ], [ 151.170966711121935, -33.88746671039776 ], [ 151.171005899000193, -33.887383315278164 ], [ 151.170883354252908, -33.887384285921229 ], [ 151.17087385503774, -33.887288985894322 ], [ 151.1716958, -33.8871123 ], [ 151.1717065, -33.8872095 ], [ 151.171597859194662, -33.887243351280048 ], [ 151.171604750792, -33.887316038798438 ], [ 151.171715299999988, -33.8873096 ], [ 151.171719688045556, -33.887355701286303 ], [ 151.171749104095539, -33.887281593540571 ], [ 151.172223600000024, -33.8871694 ], [ 151.172911188615728, -33.887075660268025 ], [ 151.172904278397198, -33.88705499357053 ], [ 151.172642552910645, -33.887101398295215 ], [ 151.172629853053934, -33.88704769827585 ], [ 151.172882254084726, -33.886989124416672 ], [ 151.17265755311854, -33.887030198331573 ], [ 151.172614753321369, -33.886949198256275 ], [ 151.172641796475148, -33.886942803783874 ], [ 151.172631253529801, -33.886878098295554 ], [ 151.17288590000004, -33.88681110000001 ], [ 151.173406135339178, -33.886731402834954 ], [ 151.173390482019528, -33.886680933577615 ], [ 151.172127006743494, -33.886884995092629 ], [ 151.172291409122153, -33.886493495811649 ], [ 151.1727659, -33.886381299999989 ], [ 151.173624479711094, -33.886240918229539 ], [ 151.173600425494669, -33.886162700305739 ], [ 151.173311817836748, -33.886223780462998 ], [ 151.173271517906102, -33.886202880315047 ], [ 151.173208818772366, -33.886030480111998 ], [ 151.173600569734077, -33.885937844997763 ], [ 151.173546342247221, -33.885905493424517 ], [ 151.173103212847366, -33.885991899075457 ], [ 151.173077336434858, -33.885914648191971 ], [ 151.172773772159502, -33.885986429060338 ], [ 151.172602351444226, -33.885510448663283 ], [ 151.172323346942846, -33.885576421354962 ], [ 151.172191936859292, -33.885221890477027 ], [ 151.1719368189043, -33.885282214363912 ], [ 151.171831330935589, -33.885008311335611 ], [ 151.173861998379152, -33.884520353133006 ], [ 151.174281047267812, -33.884235492760695 ], [ 151.172975942394515, -33.884542421286334 ], [ 151.17287925150768, -33.884251819374427 ], [ 151.173062160831194, -33.884011223939304 ], [ 151.173947248171658, -33.883801925701007 ], [ 151.174025132872742, -33.883593783661958 ], [ 151.174250715136566, -33.883540438307968 ], [ 151.174278851927426, -33.883479110066169 ], [ 151.174174407185518, -33.88346125503756 ], [ 151.174032793142516, -33.883490820022054 ], [ 151.173949342664173, -33.88346053066018 ], [ 151.173925873074609, -33.883352085591021 ], [ 151.173991360543425, -33.883299374709722 ], [ 151.174160761766672, -33.883259314898886 ], [ 151.174264330764487, -33.883027104192898 ], [ 151.174422420816853, -33.882989718726634 ], [ 151.174439566743956, -33.882907159571445 ], [ 151.175631854551483, -33.882592143928711 ], [ 151.17564283429607, -33.882564984241647 ], [ 151.17604195644671, -33.882391568102832 ], [ 151.175591778402236, -33.882496606980411 ], [ 151.175551033453331, -33.882453309817386 ], [ 151.174924162071846, -33.882600595239516 ], [ 151.1748561, -33.8827478 ], [ 151.174090828187389, -33.882928774370889 ], [ 151.173996728253911, -33.882902473787993 ], [ 151.174100330747819, -33.882647274521382 ], [ 151.17419113139627, -33.882593775109278 ], [ 151.174810197070911, -33.882447375338799 ], [ 151.174541937331583, -33.882495284896429 ], [ 151.174496419294059, -33.882478763632989 ], [ 151.174498048842679, -33.882402273057266 ], [ 151.174618307625735, -33.882335618143642 ], [ 151.176067339524138, -33.881992931412107 ], [ 151.175621630509852, -33.882090086310846 ], [ 151.175579577311623, -33.882074823022265 ], [ 151.175597877676211, -33.882039748855838 ], [ 151.17605797720185, -33.8819309360521 ], [ 151.175810225172938, -33.881972277145884 ], [ 151.17582639441747, -33.881924966968292 ], [ 151.176049121023937, -33.881872292204527 ], [ 151.176037273745948, -33.881793841780549 ], [ 151.175728560251173, -33.881854810335753 ], [ 151.176034554177505, -33.881775833297475 ], [ 151.17602005500035, -33.881679822299205 ], [ 151.174957557018331, -33.88192842357806 ], [ 151.174900659734988, -33.88190777219554 ], [ 151.174879005634835, -33.881855509703279 ], [ 151.174703775636459, -33.881895701336425 ], [ 151.174667369931456, -33.881867059313812 ], [ 151.174312654341776, -33.881949518110083 ], [ 151.174273186767948, -33.881926666929608 ], [ 151.174297587905528, -33.881879901653534 ], [ 151.17534024945931, -33.881629921787116 ], [ 151.174776718584269, -33.88176158750845 ], [ 151.174728945927569, -33.881720301582732 ], [ 151.174759768446791, -33.881683269043563 ], [ 151.175974357117894, -33.881396023932531 ], [ 151.175166868733925, -33.88157051903346 ], [ 151.17512440406523, -33.881533820564748 ], [ 151.1751518016506, -33.881500902656683 ], [ 151.175961882138068, -33.881309320330296 ], [ 151.175952721820551, -33.881250761470106 ], [ 151.175143421911912, -33.881427697575376 ], [ 151.175086778561081, -33.881385301946835 ], [ 151.174976756026751, -33.881410251438851 ], [ 151.174949601612582, -33.881370005542195 ], [ 151.174804192879179, -33.881403145091554 ], [ 151.174769658843928, -33.881383150448933 ], [ 151.174791009459938, -33.881342230730922 ], [ 151.175057540624778, -33.881279198071105 ], [ 151.175008443726483, -33.881221765441644 ], [ 151.174558941297107, -33.88131126320431 ], [ 151.174571141697072, -33.881287880531048 ], [ 151.175043200778504, -33.881176242396577 ], [ 151.175035196507679, -33.881153001107556 ], [ 151.174568956651001, -33.881263263057669 ], [ 151.17431921925666, -33.88129364880983 ], [ 151.174328768347465, -33.881257022405414 ], [ 151.174464161212569, -33.88122500358547 ], [ 151.174481306237908, -33.881188430130145 ], [ 151.174613792441022, -33.881145219768285 ], [ 151.175617528711484, -33.880900589812164 ], [ 151.174392726930165, -33.881156599886161 ], [ 151.174404185778997, -33.881112648191092 ], [ 151.174950680207388, -33.880959626704971 ], [ 151.174984932060738, -33.880927481449071 ], [ 151.175615444779083, -33.88077362249178 ], [ 151.175619477008837, -33.880731628264215 ], [ 151.175708849527666, -33.880683418998082 ], [ 151.175730834362781, -33.88062239927342 ], [ 151.175308602734674, -33.880705626079362 ], [ 151.17525664564414, -33.880638208888627 ], [ 151.175288747610523, -33.880584538980038 ], [ 151.175022137944609, -33.880627974093521 ], [ 151.17497682361801, -33.880526322623133 ], [ 151.175001583669115, -33.88047886772322 ], [ 151.175946490591571, -33.880247423723866 ], [ 151.176034516865371, -33.880263387490032 ], [ 151.176046358837567, -33.88034232715745 ], [ 151.176270388154649, -33.880280137266475 ], [ 151.176242444669811, -33.880264131486335 ], [ 151.176091319905083, -33.880293636910039 ], [ 151.176081739590614, -33.880249373526524 ], [ 151.176181482405752, -33.880222594465387 ], [ 151.176025413328574, -33.880232807587035 ], [ 151.176019011992594, -33.880203231737013 ], [ 151.176084061397773, -33.880157174987076 ], [ 151.175879123283124, -33.880203503779924 ], [ 151.175819922441548, -33.880169227767709 ], [ 151.175820803631865, -33.880127831320451 ], [ 151.175940022495212, -33.880073440194103 ], [ 151.176971148562018, -33.879835458962624 ], [ 151.177083715370742, -33.879732193634766 ], [ 151.177375994734092, -33.879663064288202 ], [ 151.177247520531466, -33.87956620043493 ], [ 151.177160255364385, -33.87957010094884 ], [ 151.176697168174741, -33.87970413897056 ], [ 151.176737812862967, -33.879747756162196 ], [ 151.176703567359624, -33.879788904046599 ], [ 151.176109238627276, -33.879929468920146 ], [ 151.176081873178646, -33.879962267212306 ], [ 151.175970053844765, -33.879989755098059 ], [ 151.174822185402405, -33.880261226664075 ], [ 151.174769369795371, -33.880251647896337 ], [ 151.174786557561845, -33.88018572027574 ], [ 151.175406096463462, -33.880039200562457 ], [ 151.175439592085837, -33.879994585009065 ], [ 151.175731836323081, -33.879925468432496 ], [ 151.175628330180444, -33.879879204175218 ], [ 151.175672811930099, -33.879797783675144 ], [ 151.175254807827429, -33.879878972139863 ], [ 151.175199603967485, -33.879807341359857 ], [ 151.175231229525963, -33.879702934355208 ], [ 151.176103058310787, -33.879487706666943 ], [ 151.176184801838303, -33.879441717080645 ], [ 151.176162541110983, -33.879388829293767 ], [ 151.175899921759793, -33.879449870880009 ], [ 151.175846850156944, -33.879392609730438 ], [ 151.175743917589045, -33.879416953942602 ], [ 151.175626760154586, -33.879286600630273 ], [ 151.174948603766524, -33.879442527269894 ], [ 151.17482527061955, -33.879371118001885 ], [ 151.174851822478985, -33.879255179835191 ], [ 151.174685542404802, -33.87929129440883 ], [ 151.174596742837252, -33.879239879567173 ], [ 151.174598065461765, -33.879177784929183 ], [ 151.174651643088907, -33.879134657429752 ], [ 151.175036399380986, -33.879043662921504 ], [ 151.175077222127726, -33.87899302734359 ], [ 151.175694656754132, -33.878845898372582 ], [ 151.175673753268057, -33.878788588108577 ], [ 151.17529125742405, -33.878879050479412 ], [ 151.175242197243222, -33.878861243230496 ], [ 151.175263546951754, -33.878820323386456 ], [ 151.175419042178532, -33.878780874513645 ], [ 151.175086827201824, -33.878859444528274 ], [ 151.17505178425435, -33.878846725009758 ], [ 151.175067034109361, -33.878817496575763 ], [ 151.17524278516052, -33.87876416145042 ], [ 151.175205879090754, -33.878728335251395 ], [ 151.17511944792966, -33.878743579311696 ], [ 151.175120334631288, -33.878701937708151 ], [ 151.175646568708288, -33.878553019973197 ], [ 151.175762452328968, -33.878401540213332 ], [ 151.175679260969986, -33.8783020454607 ], [ 151.175797863382201, -33.878202847147236 ], [ 151.175953073665141, -33.878166138202751 ], [ 151.175892246261554, -33.878105973979132 ], [ 151.17557010094086, -33.878168651876329 ], [ 151.175531593747792, -33.878099655744485 ], [ 151.175433913144502, -33.878103140684793 ], [ 151.175434998774307, -33.878052146904842 ], [ 151.175735520637829, -33.877976818482992 ], [ 151.175762319227374, -33.877941139370577 ], [ 151.176425598478176, -33.877779565525493 ], [ 151.175589497615505, -33.877970985761635 ], [ 151.175543981720182, -33.877954464946484 ], [ 151.175531179652921, -33.877895313197456 ], [ 151.175797570856986, -33.877812004504918 ], [ 151.17579051752287, -33.877778037350737 ], [ 151.175833099957515, -33.877756121837159 ], [ 151.175741667430543, -33.877758501593192 ], [ 151.175722184010169, -33.877733220223917 ], [ 151.175816054378629, -33.877627623374828 ], [ 151.176810840815023, -33.877392339427942 ], [ 151.176872879286378, -33.877393257557372 ], [ 151.1769664627883, -33.877452952436208 ], [ 151.176912875359477, -33.87750904113706 ], [ 151.176976070148072, -33.877509709819769 ], [ 151.176927544865237, -33.877554239456067 ], [ 151.176983243946808, -33.877556918630575 ], [ 151.177000952157272, -33.877613215239442 ], [ 151.176903311883791, -33.877674240948984 ], [ 151.178258834547421, -33.877345366119236 ], [ 151.177382565646383, -33.877519516735688 ], [ 151.177729932837451, -33.877407751608949 ], [ 151.177520018446074, -33.877452026838192 ], [ 151.17751060066638, -33.877408516730753 ], [ 151.17813153065751, -33.877263877514608 ], [ 151.178006515718039, -33.877320687329139 ], [ 151.178215367164825, -33.87729293080163 ], [ 151.17812217594502, -33.877177574288275 ], [ 151.177656421818284, -33.877297202097282 ], [ 151.177794656911004, -33.877264683679435 ], [ 151.177734104644315, -33.877288153681249 ], [ 151.17788803968034, -33.877260744681159 ], [ 151.177893690455335, -33.877286850732446 ], [ 151.177379166585268, -33.877413252745015 ], [ 151.177413186992794, -33.877386209351251 ], [ 151.177248970719177, -33.877406987715993 ], [ 151.177636944813656, -33.877303131711152 ], [ 151.177145208192741, -33.8773975782319 ], [ 151.17715666504742, -33.877353626192104 ], [ 151.177768837991295, -33.877208830234665 ], [ 151.177804047418931, -33.877215215193814 ], [ 151.17780576861017, -33.877250415277686 ], [ 151.178027680319104, -33.877190599769889 ], [ 151.178023679437132, -33.877162472626679 ], [ 151.178094855633958, -33.877143510911047 ], [ 151.178045504807187, -33.877081835515092 ], [ 151.177856133549653, -33.877121723651911 ], [ 151.178032956118955, -33.877066151895356 ], [ 151.177909050078199, -33.876907512312926 ], [ 151.177687572823402, -33.876959898753725 ], [ 151.177319393406066, -33.876505188664943 ], [ 151.17685691418103, -33.876610375964887 ], [ 151.177313055993778, -33.87649736176396 ], [ 151.177271604111269, -33.876446167359632 ], [ 151.176530342546641, -33.876638636785401 ], [ 151.176491897013619, -33.8767002469978 ], [ 151.175650161215344, -33.876899331990643 ], [ 151.175566059831681, -33.876868805562296 ], [ 151.175602658130032, -33.87679865710075 ], [ 151.175915012062603, -33.876710139688996 ], [ 151.177239524385413, -33.876406547819251 ], [ 151.176265253451362, -33.876623952632343 ], [ 151.176224176225531, -33.876616503012151 ], [ 151.176216047300159, -33.876584533058093 ], [ 151.175563514704351, -33.876733509955741 ], [ 151.175505128713354, -33.876683049809159 ], [ 151.175542797937624, -33.876637787456481 ], [ 151.176843657126199, -33.876330109170993 ], [ 151.176921313427442, -33.876348984748333 ], [ 151.176933427449285, -33.876392734379685 ], [ 151.177180937890711, -33.876334191415125 ], [ 151.177158675785932, -33.876306696886012 ], [ 151.177203419347677, -33.876208836785544 ], [ 151.17582469248228, -33.87652574201767 ], [ 151.175486130139006, -33.876589012534218 ], [ 151.175474023911306, -33.876546944324296 ], [ 151.175192234404534, -33.876589037064598 ], [ 151.175149772092624, -33.876552338657497 ], [ 151.175177167984685, -33.87651942066563 ], [ 151.175666801150044, -33.876371624706444 ], [ 151.175585462656755, -33.876331408213787 ], [ 151.175388421460383, -33.876370654632488 ], [ 151.175394150254903, -33.876348678703664 ], [ 151.175547187066996, -33.876312483440955 ], [ 151.175478607099137, -33.876278575087639 ], [ 151.175286530938422, -33.876315600643075 ], [ 151.175453090069539, -33.87626595855248 ], [ 151.175399384883576, -33.876239404752283 ], [ 151.175503964716086, -33.876089861023829 ], [ 151.175015963353388, -33.876203139084048 ], [ 151.174956765565241, -33.876168862738261 ], [ 151.174967783929532, -33.876115286120651 ], [ 151.174634026274362, -33.87619243901672 ], [ 151.174584694921464, -33.876163875248444 ], [ 151.174615193892009, -33.876105418448631 ], [ 151.175344407549915, -33.875932952029537 ], [ 151.175415537489215, -33.875893300645465 ], [ 151.175418006249316, -33.875852575183202 ], [ 151.176030170876771, -33.875707787578492 ], [ 151.176065212720857, -33.875720506787239 ], [ 151.176050295929315, -33.875749557312481 ], [ 151.17634775765319, -33.875692990329597 ], [ 151.176239851489299, -33.875653389334737 ], [ 151.17458183565563, -33.876028684940401 ], [ 151.174504743868823, -33.876000701748012 ], [ 151.174538292723327, -33.875936399287681 ], [ 151.176129474625839, -33.875543734063648 ], [ 151.176135850860419, -33.875651346014195 ], [ 151.176207635289956, -33.875634367431786 ], [ 151.176183198192717, -33.875581495833892 ], [ 151.176236289023677, -33.875514291827031 ], [ 151.176145562842748, -33.875530553406065 ], [ 151.176137579569939, -33.875493667243461 ], [ 151.176379114409599, -33.875433880979756 ], [ 151.176410962584697, -33.875401670748595 ], [ 151.17618926187788, -33.875447767886889 ], [ 151.176157619117419, -33.875421186457054 ], [ 151.176069813957611, -33.875440884200003 ], [ 151.176037967336867, -33.875413360622808 ], [ 151.176067805423031, -33.875366759347635 ], [ 151.176938115485598, -33.875158061746198 ], [ 151.17595200196655, -33.875377760913643 ], [ 151.175917266961079, -33.875415223489753 ], [ 151.176071493907529, -33.875475988517309 ], [ 151.176034405438884, -33.875562700350322 ], [ 151.175116159353195, -33.875779880677506 ], [ 151.175067133172632, -33.875762115214975 ], [ 151.174817393709958, -33.87582118122878 ], [ 151.174462026607557, -33.875816434738276 ], [ 151.174093991651773, -33.875903476656909 ], [ 151.173885091851901, -33.875839275365003 ], [ 151.173906992336072, -33.875790075518481 ], [ 151.174362461936795, -33.875682355305436 ], [ 151.174361723354451, -33.875655199957244 ], [ 151.174122146167065, -33.875698348489522 ], [ 151.174079934118282, -33.875643571680946 ], [ 151.174124452582561, -33.875590080326354 ], [ 151.174909711746238, -33.875404360448087 ], [ 151.17460535308669, -33.875404459790516 ], [ 151.173988828239771, -33.875548309695873 ], [ 151.173930443986166, -33.875497848850728 ], [ 151.173968113468675, -33.87545258698173 ], [ 151.174756892678317, -33.875266035305479 ], [ 151.174777257361256, -33.875211905435336 ], [ 151.173952907952355, -33.875375840918743 ], [ 151.173910446768105, -33.875339142114804 ], [ 151.173937842713258, -33.875306224395388 ], [ 151.175097816318726, -33.875003430764004 ], [ 151.175132857728727, -33.875016150225363 ], [ 151.17513378538402, -33.875112684967291 ], [ 151.175345980809226, -33.87506249747981 ], [ 151.175323215957803, -33.87497523877655 ], [ 151.175382773451872, -33.874887530441519 ], [ 151.175648871987534, -33.874806520959282 ], [ 151.175498383684385, -33.874818068975614 ], [ 151.175669778016385, -33.874755223747243 ], [ 151.176817569552725, -33.874483741530192 ], [ 151.176876259224258, -33.874516212273797 ], [ 151.177197069065755, -33.874446394077388 ], [ 151.177267128870142, -33.874459099551608 ], [ 151.17734829152576, -33.874522091769983 ], [ 151.177356726840372, -33.87441709663122 ], [ 151.177399060276599, -33.874366226445368 ], [ 151.177358832714418, -33.874354775025481 ], [ 151.176165947643, -33.874620668635039 ], [ 151.176125146009213, -33.874583736912932 ], [ 151.17554503049243, -33.87469888153889 ], [ 151.175546115917001, -33.874647887727569 ], [ 151.175702864250837, -33.874606561279904 ], [ 151.175697906020559, -33.874600127338034 ], [ 151.175312974530669, -33.874683735834452 ], [ 151.175602876502865, -33.874593949824337 ], [ 151.175602719006662, -33.874569847030109 ], [ 151.175082452872374, -33.87470570172016 ], [ 151.175150192070362, -33.874757253607029 ], [ 151.175167826862207, -33.874851440531302 ], [ 151.17511053501579, -33.874996111835614 ], [ 151.174421853953788, -33.875158992678003 ], [ 151.174251954913302, -33.875172176609503 ], [ 151.174239645208786, -33.875110623586259 ], [ 151.173776261878032, -33.875207742595165 ], [ 151.173741792262916, -33.875177950675905 ], [ 151.173729535960121, -33.875063138556506 ], [ 151.173871872262538, -33.874973483256234 ], [ 151.175064797788963, -33.874700558872838 ], [ 151.175065347439954, -33.874675070792243 ], [ 151.175172768688952, -33.874624668805836 ], [ 151.173902687004045, -33.874911711098704 ], [ 151.173857173060782, -33.874895189716682 ], [ 151.173827756701684, -33.874823897361338 ], [ 151.173669580934359, -33.874859701274985 ], [ 151.173625183692764, -33.874833993563762 ], [ 151.173652632882437, -33.87478138265277 ], [ 151.174346480920292, -33.874617283585756 ], [ 151.174360170451536, -33.874548040228099 ], [ 151.173886732137959, -33.874658406633493 ], [ 151.173838963724933, -33.874617120462126 ], [ 151.17386978391724, -33.874580088033511 ], [ 151.173986039406174, -33.874552592962544 ], [ 151.173993398738531, -33.874506267953635 ], [ 151.174253935641502, -33.874444649000743 ], [ 151.174271959352495, -33.874389610804883 ], [ 151.174551547615863, -33.87432348524738 ], [ 151.174455531040962, -33.87428044418138 ], [ 151.174482952699833, -33.874211005504492 ], [ 151.174388761160628, -33.874231677700756 ], [ 151.174344364007453, -33.874205970249939 ], [ 151.174355847767913, -33.874161918801654 ], [ 151.174432351974957, -33.874126209348972 ], [ 151.174317095639509, -33.87415132852265 ], [ 151.17426564073125, -33.874135699966899 ], [ 151.174177645396327, -33.874045868709423 ], [ 151.174225827768765, -33.87400692322209 ], [ 151.173982390397327, -33.874048906837487 ], [ 151.173939303847988, -33.874011667018735 ], [ 151.173958443734392, -33.873938248008081 ], [ 151.174808907721115, -33.873724320554956 ], [ 151.17474446075903, -33.873660684212638 ], [ 151.174580895083039, -33.873692013454566 ], [ 151.174721602226185, -33.873638113166471 ], [ 151.174644787262054, -33.873562264171667 ], [ 151.174391639242202, -33.873579119184257 ], [ 151.174392861064803, -33.873521751172966 ], [ 151.174556094716905, -33.873474686738689 ], [ 151.174367415765005, -33.873288379218373 ], [ 151.174321603822477, -33.873151468453855 ], [ 151.174179662024841, -33.87318343436845 ], [ 151.174135265466163, -33.873157726858096 ], [ 151.174146749167136, -33.873113675421102 ], [ 151.174250637388241, -33.873084320733511 ], [ 151.174275351375144, -33.873013240793419 ], [ 151.174254718601475, -33.872951578618945 ], [ 151.174489948629486, -33.872862354936565 ], [ 151.174415362120897, -33.87285032777757 ], [ 151.174416448141699, -33.87279933398306 ], [ 151.175272336249691, -33.872592647368805 ], [ 151.175319279353829, -33.872601161511682 ], [ 151.175329204353517, -33.872635260599139 ], [ 151.175634695150421, -33.872572995261628 ], [ 151.175706757574886, -33.872599153031707 ], [ 151.17573242840993, -33.872645779482333 ], [ 151.175840984233133, -33.872674233342117 ], [ 151.175869306858772, -33.872717956612853 ], [ 151.176127879701113, -33.872664152946641 ], [ 151.176122151384277, -33.872686128936429 ], [ 151.175875066938232, -33.872744571742665 ], [ 151.175962961537067, -33.872800198668529 ], [ 151.175956550862082, -33.872865047508753 ], [ 151.17643917508417, -33.872744294483468 ], [ 151.176431537424747, -33.872773595825322 ], [ 151.17607472629399, -33.872857992931316 ], [ 151.176129027329978, -33.872937901080455 ], [ 151.17620336368978, -33.872939703056772 ], [ 151.17626217483749, -33.87300643669716 ], [ 151.1764771, -33.8729556 ], [ 151.176585100000011, -33.8729741 ], [ 151.176580203039293, -33.872993847114358 ], [ 151.177374394075485, -33.872810405851574 ], [ 151.177184925965634, -33.872846640768152 ], [ 151.177131826819277, -33.87282736724778 ], [ 151.177110618505708, -33.872782419769827 ], [ 151.177191541650387, -33.872675934433914 ], [ 151.177406520371193, -33.872625083087463 ], [ 151.177437072687525, -33.872566887011175 ], [ 151.177673371849494, -33.872510991884013 ], [ 151.177731610937485, -33.872399938560186 ], [ 151.178125585364683, -33.872306744784261 ], [ 151.178164351216623, -33.872273736904489 ], [ 151.178017079342965, -33.872258192725511 ], [ 151.177899306914867, -33.872156407607633 ], [ 151.177902313302866, -33.872014969396922 ], [ 151.178024336928672, -33.871916730656253 ], [ 151.178311013303897, -33.871848916961682 ], [ 151.178370309074268, -33.871741810365165 ], [ 151.178437712342827, -33.871705667279507 ], [ 151.18019991934699, -33.871295572223609 ], [ 151.180349786976564, -33.871355332665992 ], [ 151.18054568378642, -33.871326154173723 ], [ 151.180544736760339, -33.871370773906982 ], [ 151.180388944213234, -33.871411351053297 ], [ 151.180398184648197, -33.871454037341678 ], [ 151.180534067164984, -33.871422782978406 ], [ 151.180638947637277, -33.871466816523238 ], [ 151.181057484043151, -33.87138167935926 ], [ 151.18104528692146, -33.871405062815526 ], [ 151.180630144782441, -33.871499057897843 ], [ 151.180672553666369, -33.871508252968937 ], [ 151.180679869596702, -33.871549154180741 ], [ 151.1808589, -33.8715068 ], [ 151.181028182272172, -33.871548854933856 ], [ 151.181444941366181, -33.871473743783135 ], [ 151.181493105859971, -33.871503748585766 ], [ 151.181557651608983, -33.871495754416159 ], [ 151.181589417122524, -33.871544530529569 ], [ 151.181319887086687, -33.871626339260608 ], [ 151.181329299999987, -33.8716692 ], [ 151.181435031245684, -33.871743215405367 ], [ 151.181803543224504, -33.871629111695896 ], [ 151.181722422634351, -33.871679863476736 ], [ 151.181504756550481, -33.871731359395092 ], [ 151.181687299680334, -33.871693287056644 ], [ 151.181694835219446, -33.871728094957085 ], [ 151.181481267434947, -33.871778621210225 ], [ 151.181577334561638, -33.87178173571818 ], [ 151.181541926632718, -33.871853537839861 ], [ 151.181956464380676, -33.871794812534738 ], [ 151.181955404598881, -33.871844782705232 ], [ 151.181588883999439, -33.871931495245519 ], [ 151.181607844278432, -33.871962972566749 ], [ 151.181971701885544, -33.871878968942333 ], [ 151.181617677952545, -33.871979298145753 ], [ 151.181719665109682, -33.871971590037496 ], [ 151.181755609198547, -33.871998105043815 ], [ 151.182042094938538, -33.87193793421077 ], [ 151.181872325240363, -33.872011996044719 ], [ 151.181986188982648, -33.872005658791984 ], [ 151.181753541835718, -33.872081689038929 ], [ 151.182031246499861, -33.872043489807623 ], [ 151.181782573289752, -33.872117676228584 ], [ 151.181773582647025, -33.872154624193001 ], [ 151.181340025677201, -33.872257195136861 ], [ 151.1813545, -33.8722872 ], [ 151.1812539, -33.8723499 ], [ 151.180961500757576, -33.872419289774989 ], [ 151.181574899999987, -33.8722873 ], [ 151.181627717526936, -33.872354454528576 ], [ 151.18195523331255, -33.872276970258106 ], [ 151.181941416057299, -33.872248650998486 ], [ 151.18162616877072, -33.872306111237329 ], [ 151.181590448044943, -33.872259763696036 ], [ 151.181628112087566, -33.872214499281391 ], [ 151.182147920591063, -33.872091521343826 ], [ 151.18189263922568, -33.872138369497989 ], [ 151.182128446270582, -33.872077456749849 ], [ 151.182120590201521, -33.87202827256781 ], [ 151.182153327035707, -33.872001914681661 ], [ 151.182565758382566, -33.8719043384001 ], [ 151.182422353818822, -33.871820908444583 ], [ 151.182290767256575, -33.871827518102847 ], [ 151.18228009555321, -33.871778225414069 ], [ 151.182316326055997, -33.871731220782678 ], [ 151.182566994942732, -33.871665536583876 ], [ 151.182728268289566, -33.871568327149596 ], [ 151.183044493470049, -33.87148807617568 ], [ 151.183100493691882, -33.871434490311856 ], [ 151.183352087903046, -33.871325760655367 ], [ 151.18321807106355, -33.871315066216617 ], [ 151.183233341468139, -33.871256462516044 ], [ 151.18381360869185, -33.871119170939174 ], [ 151.183876882952774, -33.871065544474973 ], [ 151.184642029824317, -33.870884504798184 ], [ 151.18469218663023, -33.87090738381513 ], [ 151.18477334516345, -33.870895456993566 ], [ 151.184794114751384, -33.870932482704397 ], [ 151.184839534937765, -33.870933996899268 ], [ 151.184838860096562, -33.870965868215414 ], [ 151.184614762128348, -33.871021550196552 ], [ 151.184570904742259, -33.871077078032073 ], [ 151.18444375595169, -33.87111409831158 ], [ 151.184469996100518, -33.871123012484716 ], [ 151.184454850370543, -33.871155012157942 ], [ 151.184380881205868, -33.871190226067128 ], [ 151.184741009281737, -33.871126128318906 ], [ 151.184801694971299, -33.871148151478579 ], [ 151.184825937311672, -33.871199518660134 ], [ 151.18479953541339, -33.871250139683923 ], [ 151.184719934273573, -33.871277479039868 ], [ 151.184760335506297, -33.871310520462075 ], [ 151.184941307312414, -33.871269840649454 ], [ 151.184986821693684, -33.871286357951305 ], [ 151.184985202182958, -33.871362849111613 ], [ 151.184720648852732, -33.871431824124663 ], [ 151.18475806749305, -33.871461819610232 ], [ 151.184747864799306, -33.871500977498556 ], [ 151.184629874058544, -33.871533147676715 ], [ 151.184653800655042, -33.871565958156239 ], [ 151.185049656093582, -33.871472294327909 ], [ 151.18510572266149, -33.87149264094365 ], [ 151.185102109246486, -33.871573540735646 ], [ 151.185041838799208, -33.871596261952185 ], [ 151.185106910866608, -33.87163748307416 ], [ 151.185093497273328, -33.87170403391778 ], [ 151.185172304286965, -33.871774001291683 ], [ 151.185225450409433, -33.871765584079988 ], [ 151.185236649098783, -33.871789312590053 ], [ 151.184853104964361, -33.871898957930981 ], [ 151.185057418201183, -33.871887257965092 ], [ 151.185135254385756, -33.871947818629572 ], [ 151.185247271771459, -33.871951038227252 ], [ 151.185219803395427, -33.871989253529065 ], [ 151.185260849702189, -33.87203610614376 ], [ 151.185296367191597, -33.872030154474764 ], [ 151.185304528862815, -33.872066646780453 ], [ 151.185262021740641, -33.872096534122129 ], [ 151.185323184590771, -33.872140323050445 ], [ 151.185282025215599, -33.872192105273868 ], [ 151.185327192327179, -33.87219283119687 ], [ 151.185326730071722, -33.872232589135166 ], [ 151.185388981158326, -33.872218751478137 ], [ 151.185415521656722, -33.872241685838937 ], [ 151.185391166809922, -33.872298206660496 ], [ 151.185311811024434, -33.872331758646197 ], [ 151.18542790631372, -33.872310310169475 ], [ 151.185126236176103, -33.872393151049678 ], [ 151.185244567342835, -33.872366222689493 ], [ 151.185358971983021, -33.872393504524922 ], [ 151.185535195085379, -33.872358044546658 ], [ 151.185534137366517, -33.872408014811882 ], [ 151.185228951350979, -33.872483796605351 ], [ 151.185227079667357, -33.872504660590536 ], [ 151.185592816281854, -33.872424359347725 ], [ 151.185591758593944, -33.872474329614001 ], [ 151.185326389514501, -33.872537119482132 ], [ 151.185625596114249, -33.872502191022733 ], [ 151.185560935924343, -33.872534063894371 ], [ 151.185579241865128, -33.872571376858737 ], [ 151.185617276163384, -33.872581206045865 ], [ 151.185644279552747, -33.872639092949683 ], [ 151.185716502801029, -33.872634046259734 ], [ 151.185652146051751, -33.872675996660845 ], [ 151.185753181860463, -33.872652981857783 ], [ 151.185779722589018, -33.872675916146157 ], [ 151.185584144189505, -33.872748564192833 ], [ 151.185605697425984, -33.872786761847252 ], [ 151.185816439477748, -33.8727390374507 ], [ 151.185880137353678, -33.872794079703823 ], [ 151.185839051394879, -33.872843460550079 ], [ 151.184767477814489, -33.873103972494704 ], [ 151.184792526663983, -33.873173536886064 ], [ 151.185588, -33.8730022 ], [ 151.1857919, -33.8729707 ], [ 151.185834794828907, -33.873004441659901 ], [ 151.186006674153333, -33.872965199138243 ], [ 151.186049139586942, -33.873001893916545 ], [ 151.185996331759441, -33.873056561037338 ], [ 151.186186751127934, -33.873012396322473 ], [ 151.186293038956052, -33.873059384508878 ], [ 151.186053940807199, -33.873126208473145 ], [ 151.186151860187977, -33.873167900714385 ], [ 151.186446319505734, -33.873100678379778 ], [ 151.186165939565939, -33.873173895440623 ], [ 151.186249696067364, -33.873215387107713 ], [ 151.186534436186719, -33.873149438936551 ], [ 151.186619272527906, -33.873183827694071 ], [ 151.186617786934875, -33.873228738060163 ], [ 151.186810333591865, -33.873187335157013 ], [ 151.186815987029462, -33.873217238782615 ], [ 151.18685476939865, -33.8732168565923 ], [ 151.186368448599694, -33.873325041128595 ], [ 151.186643589410437, -33.873582081932739 ], [ 151.186634662540655, -33.873616345228015 ], [ 151.186534934781804, -33.873658081946765 ], [ 151.186709400000012, -33.8736168 ], [ 151.1867703, -33.8736577 ], [ 151.186619428851202, -33.873701307330464 ], [ 151.186619055286627, -33.873747936115336 ], [ 151.186758013592765, -33.873715055772507 ], [ 151.186774889541709, -33.873668338542714 ], [ 151.187242607691473, -33.873557665486409 ], [ 151.187235359059002, -33.873505729159632 ], [ 151.187271070960747, -33.873476973588801 ], [ 151.187653652572436, -33.873386444083863 ], [ 151.187724070058522, -33.873399208292803 ], [ 151.187741781037886, -33.873439547094122 ], [ 151.187880588268371, -33.873456967123552 ], [ 151.187710604595736, -33.873530862332714 ], [ 151.1880941, -33.8734441 ], [ 151.1881912, -33.8734996 ], [ 151.187923876564639, -33.873794292214924 ], [ 151.187927154210598, -33.873828450937644 ], [ 151.187753660564596, -33.87388860802357 ], [ 151.188053978426069, -33.873818613812062 ], [ 151.1881865, -33.8739332 ], [ 151.1880171, -33.8740673 ], [ 151.187542695287561, -33.87417955768548 ], [ 151.18748855911582, -33.874132375965921 ], [ 151.187463134487672, -33.87416428994004 ], [ 151.187501319893499, -33.874160451665858 ], [ 151.187515319408277, -33.874190112072284 ], [ 151.187399176234351, -33.874244572673575 ], [ 151.187451200170443, -33.874257202983628 ], [ 151.1877241, -33.8741954 ], [ 151.187841381708495, -33.874252416821832 ], [ 151.187931339416707, -33.87423113021255 ], [ 151.187923909664164, -33.874187981985386 ], [ 151.188335834797215, -33.874102768822112 ], [ 151.188335161175047, -33.874134640183605 ], [ 151.188290649644756, -33.874147830874996 ], [ 151.18834652915038, -33.874186136404482 ], [ 151.188308773557623, -33.874235575496243 ], [ 151.187974041855142, -33.874316909690698 ], [ 151.188088745932703, -33.874376031496176 ], [ 151.188121410960264, -33.874345791235584 ], [ 151.188371987867328, -33.874299101608642 ], [ 151.188314815222896, -33.874328004286241 ], [ 151.188377601750204, -33.874319006227111 ], [ 151.188377073680329, -33.874343991391186 ], [ 151.188132966234235, -33.874405758857549 ], [ 151.188197305849684, -33.874466747710365 ], [ 151.188344454194038, -33.874432641167367 ], [ 151.188365687774677, -33.874450988179326 ], [ 151.188355595370496, -33.874484870288597 ], [ 151.188188746565686, -33.874524351990914 ], [ 151.188159646425021, -33.874720196274808 ], [ 151.188447138466785, -33.874643174084319 ], [ 151.188479409066758, -33.874674253830563 ], [ 151.188461273669304, -33.874702768793945 ], [ 151.188231721668501, -33.874757088038436 ], [ 151.188219173268379, -33.874724762840344 ], [ 151.188156773889602, -33.87473952841448 ], [ 151.1883478, -33.874813 ], [ 151.188315, -33.8748759 ], [ 151.188198654665229, -33.874903430825064 ], [ 151.1882886, -33.8749346 ], [ 151.1882577, -33.874996 ], [ 151.188119627727929, -33.875035573501883 ], [ 151.1882181, -33.875065 ], [ 151.188209143069344, -33.875085542160399 ], [ 151.188478045025647, -33.875022268477679 ], [ 151.188517713699639, -33.875043050711604 ], [ 151.188095349800932, -33.875152909570026 ], [ 151.188078701552229, -33.875264950673674 ], [ 151.188263165347223, -33.875197764946925 ], [ 151.188174338127652, -33.875200131622776 ], [ 151.188689862723209, -33.875090091453167 ], [ 151.188693510177472, -33.875134336875725 ], [ 151.188634341362246, -33.875156798706911 ], [ 151.188622184443801, -33.875191622631114 ], [ 151.188239595563772, -33.875282154889142 ], [ 151.188075828974576, -33.875284282808636 ], [ 151.187992799999989, -33.8756517 ], [ 151.187097860533441, -33.875887120917476 ], [ 151.187245109654157, -33.87587742978922 ], [ 151.187124784791024, -33.875937809087446 ], [ 151.187349925166075, -33.875887033820668 ], [ 151.187429170327363, -33.875953478639843 ], [ 151.187548455767228, -33.875927705558638 ], [ 151.187434397116022, -33.875961568060717 ], [ 151.187489823256584, -33.875973524515828 ], [ 151.187452509756099, -33.876026568662148 ], [ 151.187571424735864, -33.87600021456204 ], [ 151.18762226879403, -33.876035737418292 ], [ 151.187782911179397, -33.87600263044893 ], [ 151.187590270352871, -33.87608723358138 ], [ 151.187298698225646, -33.876156225133521 ], [ 151.1876432, -33.8765921 ], [ 151.187414, -33.8767171 ], [ 151.186878364173225, -33.876843839164977 ], [ 151.186841036391627, -33.876796789122245 ], [ 151.186090690155169, -33.876952691450477 ], [ 151.185903784967223, -33.87696079298054 ], [ 151.185880441730006, -33.876928111450184 ], [ 151.18570290246538, -33.876959722907337 ], [ 151.18563991701123, -33.876867608411892 ], [ 151.185309304898993, -33.876945831025097 ], [ 151.1853863, -33.8770403 ], [ 151.18531064362864, -33.877082455527422 ], [ 151.185363357698805, -33.877149546176398 ], [ 151.185442035949336, -33.877130931061551 ], [ 151.185466576796074, -33.877084843017215 ], [ 151.185849176339872, -33.87699431975922 ], [ 151.185906620460742, -33.877021010103277 ], [ 151.186025256633485, -33.87699615080593 ], [ 151.186081367828706, -33.877013884151744 ], [ 151.186541561519618, -33.87688744819075 ], [ 151.186602823204112, -33.876894662139748 ], [ 151.186602118352823, -33.876927975645117 ], [ 151.186111385503267, -33.877044086394925 ], [ 151.186112747008934, -33.877109652630395 ], [ 151.186059176230572, -33.877152785360828 ], [ 151.185486013412202, -33.877288396235883 ], [ 151.185481130278475, -33.877330158383863 ], [ 151.186011726192959, -33.877204619080857 ], [ 151.18608237276905, -33.877232630714147 ], [ 151.186166715720901, -33.87721338825709 ], [ 151.186181348698113, -33.877244390953138 ], [ 151.186110968525327, -33.8772631694072 ], [ 151.186129169494365, -33.877309496269888 ], [ 151.186278639898092, -33.877286604544459 ], [ 151.18636652370779, -33.877389385542564 ], [ 151.187223140883049, -33.877166510655435 ], [ 151.187147558478159, -33.87707031301418 ], [ 151.187187626186414, -33.877024694173421 ], [ 151.187070748212733, -33.877039744248357 ], [ 151.18716414817905, -33.876995354426171 ], [ 151.186575922024616, -33.877132394976599 ], [ 151.186513040137299, -33.877081137417861 ], [ 151.186423365040099, -33.87707783275377 ], [ 151.186408212030642, -33.877045728437722 ], [ 151.18644245184143, -33.877004577648158 ], [ 151.187216870603521, -33.876821341475527 ], [ 151.18720378995576, -33.876805627687972 ], [ 151.187266790087875, -33.876771127814109 ], [ 151.187504, -33.876715 ], [ 151.187569323943706, -33.876794904065285 ], [ 151.187708758118305, -33.876761911323875 ], [ 151.187729826466722, -33.876701029536065 ], [ 151.188003300486201, -33.876636319810586 ], [ 151.187980734025814, -33.876606924397912 ], [ 151.188004701252879, -33.876578118516981 ], [ 151.188228721849697, -33.876525109939301 ], [ 151.187792698391917, -33.876579736634007 ], [ 151.188877573597409, -33.876308151238646 ], [ 151.189040707561276, -33.876210970658327 ], [ 151.188262497045088, -33.876401753704897 ], [ 151.188141894104064, -33.876406268773536 ], [ 151.188151436692436, -33.876369641057849 ], [ 151.188546537740081, -33.87627614969918 ], [ 151.188537555966036, -33.876253705564203 ], [ 151.188592603262293, -33.876218549603166 ], [ 151.188797494152311, -33.876170066292339 ], [ 151.188797857059541, -33.876147234750732 ], [ 151.188525375892453, -33.876211176801149 ], [ 151.188519721910438, -33.876185071129463 ], [ 151.189015722943992, -33.876064349668709 ], [ 151.18875125334344, -33.876108279165585 ], [ 151.18931181800636, -33.875987652789831 ], [ 151.189292893760239, -33.875944173602363 ], [ 151.189114175397805, -33.875982897472504 ], [ 151.189033020654819, -33.875948506124118 ], [ 151.188870264081459, -33.875974758350978 ], [ 151.188879806304357, -33.875938130564634 ], [ 151.189011431483664, -33.875906983707381 ], [ 151.189013556545888, -33.875869852952363 ], [ 151.188686180701723, -33.875944110164866 ], [ 151.188597375630479, -33.875892705230584 ], [ 151.188598687948542, -33.875830610075568 ], [ 151.188652256642399, -33.875787476162685 ], [ 151.189146173831375, -33.875670598964881 ], [ 151.189287741980053, -33.875601857459905 ], [ 151.189307245303922, -33.87553017193563 ], [ 151.189463291113896, -33.875413609669714 ], [ 151.189469143788074, -33.875376510462665 ], [ 151.188935496671718, -33.874825041566623 ], [ 151.189178615404359, -33.874657090605339 ], [ 151.18917204890829, -33.874611121030753 ], [ 151.189796750389178, -33.87419042224856 ], [ 151.189926235381989, -33.87414548012206 ], [ 151.190563304387524, -33.873729147912904 ], [ 151.1910224, -33.8736205 ], [ 151.191302832304899, -33.873907920551282 ], [ 151.19182301835454, -33.873784811967738 ], [ 151.191393905996023, -33.873043372911276 ], [ 151.191515375039529, -33.872994669420841 ], [ 151.191481503120116, -33.872965436400214 ], [ 151.191529103203237, -33.87294533649488 ], [ 151.19184313650635, -33.872863251282752 ], [ 151.191845739623204, -33.872714772048461 ], [ 151.191233850323954, -33.872859585318324 ], [ 151.191180350950617, -33.872779385007895 ], [ 151.191508904084088, -33.872626536487161 ], [ 151.191746099999989, -33.8725704 ], [ 151.19178169509712, -33.872596815858216 ], [ 151.192091932504781, -33.872523391967476 ], [ 151.192163362838357, -33.872440598836675 ], [ 151.192463649738102, -33.872369528790863 ], [ 151.192446659237135, -33.872339261904862 ], [ 151.192477537739023, -33.872327311278589 ], [ 151.192444416045277, -33.872293749099939 ], [ 151.192281767263978, -33.872329033440707 ], [ 151.19215497911145, -33.872281640351396 ], [ 151.192132247475854, -33.872233484835171 ], [ 151.192156995574493, -33.872186026035521 ], [ 151.192297436032248, -33.872144813987887 ], [ 151.19207300880052, -33.87191740016565 ], [ 151.19196991044987, -33.871939660416956 ], [ 151.191910708360979, -33.87190539207247 ], [ 151.191925810659626, -33.871789024203757 ], [ 151.19206742048496, -33.871742244444818 ], [ 151.191880615768213, -33.871769824208457 ], [ 151.191834649344457, -33.87173010816808 ], [ 151.191835813582998, -33.871674912338563 ], [ 151.191883426416069, -33.871636569684838 ], [ 151.19288438346382, -33.87139966589433 ], [ 151.193411667256186, -33.871243482546141 ], [ 151.192095910007112, -33.87154290739911 ], [ 151.1920495, -33.8715884 ], [ 151.191812307003801, -33.871644537175378 ], [ 151.191770415004441, -33.871613858818307 ], [ 151.191604387631173, -33.871629315088285 ], [ 151.191381, -33.8717551 ], [ 151.191143806159829, -33.871811235857031 ], [ 151.191002706563779, -33.871638435599394 ], [ 151.191345545464202, -33.871445390946405 ], [ 151.191308032033533, -33.871393344893285 ], [ 151.191329480546955, -33.871352214078208 ], [ 151.191472923360834, -33.871288658502252 ], [ 151.19203554335968, -33.871150422353843 ], [ 151.192033262756496, -33.871125201539996 ], [ 151.191945273381293, -33.871118699357474 ], [ 151.191099958705024, -33.871318760560051 ], [ 151.190725860978176, -33.871127255593571 ], [ 151.190678689152747, -33.871047771080178 ], [ 151.190589237945034, -33.871066443875513 ], [ 151.190536136595767, -33.871047176066476 ], [ 151.190521189633444, -33.870978167080821 ], [ 151.190609139949004, -33.870930580399843 ], [ 151.189991965861736, -33.871073074040815 ], [ 151.18991610700229, -33.871045548230796 ], [ 151.189887014780709, -33.870986947944779 ], [ 151.1898454, -33.8710525 ], [ 151.189371014227731, -33.871164765405325 ], [ 151.189065814448554, -33.871063764236709 ], [ 151.188501715080179, -33.870837162084705 ], [ 151.188627739348505, -33.870638653805401 ], [ 151.188466860877725, -33.870676725113512 ], [ 151.187827563719935, -33.870402716589496 ], [ 151.187819064311299, -33.870370816495829 ], [ 151.187921368047654, -33.870200718008562 ], [ 151.18835547813805, -33.870097988274715 ], [ 151.188407054318475, -33.87005269177034 ], [ 151.188362494972381, -33.869977539538283 ], [ 151.188370274750298, -33.869911032416987 ], [ 151.187567988090336, -33.870100888262229 ], [ 151.187493547813744, -33.870099793170546 ], [ 151.187449016028438, -33.870064422203072 ], [ 151.18557603053614, -33.870507626244667 ], [ 151.185388029436268, -33.870495920770587 ], [ 151.184939033944232, -33.870298007950367 ], [ 151.185016341184905, -33.870141110442376 ], [ 151.18566805824824, -33.869866029888748 ], [ 151.187029123558716, -33.869543960796861 ], [ 151.187086932463558, -33.869463078940321 ], [ 151.187391645679099, -33.869389040489132 ], [ 151.187417168999701, -33.869349537538163 ], [ 151.187383445363395, -33.86935751791659 ], [ 151.18736500838807, -33.869325127748908 ], [ 151.187267810865507, -33.869348128553746 ], [ 151.187093411193047, -33.869195928229232 ], [ 151.187094044805377, -33.869127870966793 ], [ 151.185925138800457, -33.869404472671015 ], [ 151.185540033794865, -33.869420958391814 ], [ 151.18552984921007, -33.869368056340548 ], [ 151.185269130423023, -33.869429748352317 ], [ 151.185019627275352, -33.869438639104381 ], [ 151.184982650686123, -33.869382333530353 ], [ 151.184423031153983, -33.869514748766719 ], [ 151.184215229307654, -33.869505840691424 ], [ 151.184106529077553, -33.869488036493394 ], [ 151.184091180678934, -33.869462881098265 ], [ 151.182851453850219, -33.869756206933921 ], [ 151.182595749596345, -33.869767994955367 ], [ 151.182503151365296, -33.869722990735085 ], [ 151.18239156279725, -33.869530285979721 ], [ 151.182434166611159, -33.869482088085846 ], [ 151.184062074328409, -33.869096918141054 ], [ 151.1841119541902, -33.869040437594201 ], [ 151.185037474307308, -33.868821443730049 ], [ 151.185207874401783, -33.868590247670177 ], [ 151.185370380078041, -33.868516253822072 ], [ 151.188892253644724, -33.867682830003872 ], [ 151.188940025061612, -33.867604569033894 ], [ 151.189823784625929, -33.867367397428346 ], [ 151.18924583678978, -33.86748144414733 ], [ 151.189226500526786, -33.867446560663439 ], [ 151.188036236554211, -33.86772900928964 ], [ 151.187962239564882, -33.867686171646788 ], [ 151.187963333208785, -33.867634425633511 ], [ 151.188176097168451, -33.867539408696288 ], [ 151.188137595163823, -33.867489120642681 ], [ 151.188167431923006, -33.867445770371411 ], [ 151.188068036101356, -33.86735719861759 ], [ 151.187855154099708, -33.867391013882525 ], [ 151.187802055659006, -33.867371744978477 ], [ 151.187780983696427, -33.867326258590303 ], [ 151.187532140207253, -33.86738514719557 ], [ 151.187429243924356, -33.86719834574113 ], [ 151.187760248897661, -33.867068860800849 ], [ 151.187741646581543, -33.867048869668693 ], [ 151.187263124969292, -33.867162111148531 ], [ 151.187228932075385, -33.867097390874733 ], [ 151.1848715205075, -33.867655236990714 ], [ 151.1845859247249, -33.867518326683083 ], [ 151.18444783165566, -33.867360121872771 ], [ 151.184569840241522, -33.867223226645052 ], [ 151.186996777397354, -33.866648930592703 ], [ 151.1870461860793, -33.866559640123306 ], [ 151.187136488868731, -33.866506642658564 ], [ 151.190457, -33.865720799999977 ], [ 151.190544961655974, -33.865831724271423 ], [ 151.1912422, -33.865666699999977 ], [ 151.191293093127115, -33.865759679899433 ], [ 151.1915013, -33.8657104 ], [ 151.191520022901557, -33.8657433711981 ], [ 151.191761219428344, -33.865708353197967 ], [ 151.191760009582083, -33.865765721835508 ], [ 151.191565528088802, -33.865823506129409 ], [ 151.191973943148724, -33.865728265118619 ], [ 151.192049635864578, -33.865736158999191 ], [ 151.192041122497386, -33.865772236712367 ], [ 151.19213938037359, -33.865758788935558 ], [ 151.192131748771374, -33.865788091478919 ], [ 151.191736932166037, -33.865881541245294 ], [ 151.192052944327116, -33.865822021172008 ], [ 151.192052137889959, -33.86586026693589 ], [ 151.191952759492011, -33.865903892812014 ], [ 151.193399699999986, -33.8655826 ], [ 151.193449, -33.8656594 ], [ 151.193502435678624, -33.86591005155087 ], [ 151.193685934527821, -33.865866616277778 ], [ 151.19372452701262, -33.865663312131119 ], [ 151.1949104, -33.8653826 ], [ 151.195075, -33.8654041 ], [ 151.1949448, -33.8660911 ], [ 151.194631926875587, -33.866191852078522 ], [ 151.194795928399373, -33.866173351958196 ], [ 151.194833086244131, -33.866205457283314 ], [ 151.194809124314673, -33.866234264708957 ], [ 151.194606062028441, -33.866282332506671 ], [ 151.194711467271617, -33.866288433065932 ], [ 151.194665040105036, -33.866320045343691 ], [ 151.194718200386546, -33.866354038008382 ], [ 151.195355799999987, -33.8662052 ], [ 151.195425, -33.8662255 ], [ 151.195416278127681, -33.866245969295527 ], [ 151.195473600000014, -33.8662324 ], [ 151.1962526, -33.8664591 ], [ 151.1959842, -33.8671004 ], [ 151.195571488727637, -33.867198097457866 ], [ 151.195593463888457, -33.867210944689582 ], [ 151.195567311030345, -33.86722705070413 ], [ 151.195631574944429, -33.867267554792569 ], [ 151.19562324030187, -33.867313899156315 ], [ 151.195665243040452, -33.86731656149459 ], [ 151.195638875202462, -33.867338177408762 ], [ 151.195694325029081, -33.867367755379902 ], [ 151.195671329403353, -33.867388573029743 ], [ 151.195828452133867, -33.867632555852637 ], [ 151.195858785097812, -33.867637980637525 ], [ 151.195844087147719, -33.867656834081629 ], [ 151.195918844274161, -33.86776884264124 ], [ 151.196130719467163, -33.867735319352477 ], [ 151.196176685901264, -33.867775033809039 ], [ 151.196207918508549, -33.86787520548895 ], [ 151.196419130254583, -33.868049363682367 ], [ 151.196397461763297, -33.868132576688076 ], [ 151.19619001295672, -33.868193987764535 ], [ 151.196207806769081, -33.868221617799769 ], [ 151.196310929592443, -33.868209811592507 ], [ 151.196229503751937, -33.868255308608497 ], [ 151.196516907759161, -33.868189057138402 ], [ 151.196653770635464, -33.868293233121442 ], [ 151.196632433826807, -33.868334157159978 ], [ 151.196252922475878, -33.868423996212016 ], [ 151.196249135982782, -33.868469890201752 ], [ 151.196782776037452, -33.868345883769756 ], [ 151.196911763699887, -33.868437078490608 ], [ 151.197266558339606, -33.868532289920402 ], [ 151.197301806603889, -33.868597162061214 ], [ 151.197542697980793, -33.868552320344349 ], [ 151.197656633994058, -33.868603690756771 ], [ 151.19773451223196, -33.868586146205018 ], [ 151.197838358563871, -33.868606133442135 ], [ 151.198025130831724, -33.868563344749859 ], [ 151.198066740221435, -33.868596069796212 ], [ 151.1982554, -33.8685906 ], [ 151.198257899999987, -33.868648 ], [ 151.198046798773618, -33.868697975475285 ], [ 151.198088275133529, -33.868769693451235 ], [ 151.198642052413248, -33.868638592889603 ], [ 151.198672002544271, -33.868576233407737 ], [ 151.19879170360457, -33.868482934189302 ], [ 151.199216791517728, -33.868252811528656 ], [ 151.200613379272681, -33.867922163282614 ], [ 151.200600368271154, -33.867806895539488 ], [ 151.199880156066342, -33.867977411428306 ], [ 151.199673654253246, -33.867994606987033 ], [ 151.199392055121848, -33.867909501048452 ], [ 151.199367025806936, -33.867853447353831 ], [ 151.198834716173735, -33.867979470472378 ], [ 151.198170907713717, -33.867931725403949 ], [ 151.19818861221421, -33.867774572666796 ], [ 151.1981144, -33.8679771 ], [ 151.1980376, -33.8680217 ], [ 151.197088879720553, -33.868246293949923 ], [ 151.196784079693288, -33.868187191599425 ], [ 151.196817512093673, -33.868069753327809 ], [ 151.196587660510176, -33.86800734190458 ], [ 151.196879667674892, -33.867212743845947 ], [ 151.197084125262705, -33.867164342291176 ], [ 151.196998715531663, -33.8671449432724 ], [ 151.197041354730601, -33.867010801594439 ], [ 151.196742115692444, -33.867081640805679 ], [ 151.196504215893498, -33.867019238520555 ], [ 151.196888330983057, -33.866018142754811 ], [ 151.196935231630249, -33.865981343229564 ], [ 151.1981211, -33.8657006 ], [ 151.198326, -33.8657634 ], [ 151.198288864657229, -33.865860205009753 ], [ 151.198521199999988, -33.8658052 ], [ 151.1987344, -33.8658555 ], [ 151.1987542, -33.8658984 ], [ 151.198442699999987, -33.8668987 ], [ 151.198051270180827, -33.866991552381833 ], [ 151.1983253, -33.8670544 ], [ 151.198404500000038, -33.8671112 ], [ 151.198301414844678, -33.867466728884303 ], [ 151.1988036075021, -33.867347837487856 ], [ 151.198765532110116, -33.867031512209245 ], [ 151.199512892200374, -33.866854573788309 ], [ 151.1994805973832, -33.866554204415976 ], [ 151.200182080601508, -33.866388122079137 ], [ 151.200177192060039, -33.866342987725581 ], [ 151.200421760293295, -33.86628508291227 ], [ 151.200418333252088, -33.866254079251966 ], [ 151.199954725078896, -33.866338542176926 ], [ 151.199948925611636, -33.866278342159667 ], [ 151.2013595, -33.8659614 ], [ 151.2016083, -33.865958800000023 ], [ 151.201613199356927, -33.866002985560201 ], [ 151.201837399999988, -33.8659499 ], [ 151.2019956, -33.8659387 ], [ 151.201997723218739, -33.865958230897654 ], [ 151.202349700000013, -33.8659142 ], [ 151.202379824881518, -33.86617033687962 ], [ 151.202816077353788, -33.866067039178411 ], [ 151.202791079793059, -33.865955847523018 ], [ 151.2031045, -33.8658938 ], [ 151.203118199165516, -33.865995500437677 ], [ 151.204395341084961, -33.865693079276419 ], [ 151.204385351472553, -33.865619835795762 ], [ 151.2049974, -33.8654749 ], [ 151.205239380471426, -33.865493206211198 ], [ 151.2055346, -33.8654697 ], [ 151.20554071287529, -33.865516001818165 ], [ 151.20627500247079, -33.865578741168008 ], [ 151.2065222, -33.8655202 ], [ 151.2068823, -33.865545 ], [ 151.2071764, -33.8656144 ], [ 151.207134104230732, -33.866028919675493 ], [ 151.207335643507093, -33.865999254953984 ], [ 151.207130778610775, -33.866057687618209 ], [ 151.207122512935882, -33.86612397903238 ], [ 151.207323709462997, -33.866094395563515 ], [ 151.207118917991352, -33.866152810754414 ], [ 151.207107021349742, -33.866248222537088 ], [ 151.2073326, -33.8661948 ], [ 151.207576176837705, -33.866209445129883 ], [ 151.207786730631113, -33.866159579968311 ], [ 151.207863228450748, -33.866068978715852 ], [ 151.2088119, -33.865844299999978 ], [ 151.209190488963998, -33.865992938730024 ], [ 151.209285101780807, -33.865971243835617 ], [ 151.2093007069424, -33.866001083049539 ], [ 151.209525505803583, -33.865947840681692 ], [ 151.209761048655253, -33.865708103961758 ], [ 151.21052610000001, -33.8655269 ], [ 151.21081430000001, -33.8657145 ], [ 151.210733164225644, -33.865869825018564 ], [ 151.2107852, -33.8658575 ], [ 151.210916200000014, -33.8659368 ], [ 151.210791252034937, -33.86604104192697 ], [ 151.210906517461126, -33.866014275628622 ], [ 151.210921103049174, -33.866033189807105 ], [ 151.210879833437247, -33.86605407074088 ], [ 151.211025763127509, -33.866032111972224 ], [ 151.2108374173323, -33.86609707434971 ], [ 151.211157094984827, -33.866029365984005 ], [ 151.211169552601518, -33.866050839362757 ], [ 151.211330516522196, -33.866046275249126 ], [ 151.210984162223127, -33.866158819569733 ], [ 151.211261212231108, -33.86610094303699 ], [ 151.211138222278095, -33.866150064612995 ], [ 151.211345733362833, -33.86610144864428 ], [ 151.211351393825396, -33.866127553512761 ], [ 151.210953446690752, -33.86622997131785 ], [ 151.211296243093159, -33.866152400115652 ], [ 151.211301903543188, -33.866178504985847 ], [ 151.211033643474906, -33.866242550812721 ], [ 151.211398588962197, -33.866174175082008 ], [ 151.211121710471787, -33.866258284418983 ], [ 151.211329858750503, -33.866209517626231 ], [ 151.211335519213804, -33.866235622495068 ], [ 151.210536731055072, -33.866424820817542 ], [ 151.211432417065339, -33.866231475998497 ], [ 151.21056019294349, -33.86644798416993 ], [ 151.210558292737886, -33.866469383808166 ], [ 151.211448815014478, -33.866279686802301 ], [ 151.211454475517883, -33.866305791666719 ], [ 151.210801102133843, -33.866460548514105 ], [ 151.21105123683455, -33.866409086315223 ], [ 151.211181274102643, -33.866429563641525 ], [ 151.211564058042057, -33.866355705082348 ], [ 151.211551869882271, -33.866379091871615 ], [ 151.211141591875474, -33.866478168319745 ], [ 151.211169814938103, -33.866480738216573 ], [ 151.211621034777465, -33.86636538259048 ], [ 151.211753425635635, -33.866362123169658 ], [ 151.211738175596594, -33.866420731112328 ], [ 151.211285401818486, -33.866527975689941 ], [ 151.21160078360856, -33.866456650632912 ], [ 151.211637948102208, -33.866488751094963 ], [ 151.211613991584869, -33.866517561969253 ], [ 151.211275711207662, -33.866601239499794 ], [ 151.211269051650788, -33.866651587581828 ], [ 151.211329222414292, -33.866649378998886 ], [ 151.211266504502532, -33.866670844704863 ], [ 151.211259189883179, -33.866726145128808 ], [ 151.211321298861577, -33.866723477481571 ], [ 151.211254562452865, -33.866761129661427 ], [ 151.211454317279646, -33.866725859322017 ], [ 151.211249279795538, -33.866801067832462 ], [ 151.211445517318992, -33.86678698417947 ], [ 151.211176310117509, -33.86685413263271 ], [ 151.211219, -33.8668574 ], [ 151.211212000043389, -33.866915372458202 ], [ 151.21143229390367, -33.866871597916493 ], [ 151.211209681350283, -33.866934575461805 ], [ 151.211204119884741, -33.866980634487788 ], [ 151.211425523344531, -33.866940236702817 ], [ 151.211201506459332, -33.867002278371558 ], [ 151.211197599977538, -33.86703463107375 ], [ 151.211280482741586, -33.867027043093678 ], [ 151.211195281276758, -33.867053834076515 ], [ 151.211191500429209, -33.867085146255825 ], [ 151.211273370388994, -33.867077798183303 ], [ 151.211189181725189, -33.867104349258263 ], [ 151.211185710014576, -33.867133101191236 ], [ 151.211265332456009, -33.867126285475614 ], [ 151.211183391307458, -33.867152304193333 ], [ 151.211169456941434, -33.867267705207723 ], [ 151.211249554835859, -33.867260776922642 ], [ 151.211167138225676, -33.867286908208875 ], [ 151.211161165486232, -33.867336372835943 ], [ 151.211241203650445, -33.867329458721251 ], [ 151.21115884676604, -33.867355575836605 ], [ 151.211154186359437, -33.867394172006229 ], [ 151.211233182441731, -33.867387504734097 ], [ 151.211151867635493, -33.867413375006514 ], [ 151.211148850377498, -33.86746603780793 ], [ 151.211366561258842, -33.867429658814565 ], [ 151.211152201157574, -33.867487041685415 ], [ 151.21114823570565, -33.867521089196394 ], [ 151.211355807516611, -33.867483968019116 ], [ 151.211146001497013, -33.86754027217674 ], [ 151.211142149138908, -33.867573348610954 ], [ 151.211351700315106, -33.867535758653695 ], [ 151.211139914927003, -33.867592531590944 ], [ 151.2111342, -33.8676416 ], [ 151.211037024981692, -33.867682228980058 ], [ 151.2115777, -33.8677283 ], [ 151.2115589, -33.8679123 ], [ 151.211102431928481, -33.868020416702528 ], [ 151.211043909252226, -33.868471032920013 ], [ 151.211232226833147, -33.868438472972933 ], [ 151.211041408848473, -33.868490278928881 ], [ 151.211033866154025, -33.868548336195857 ], [ 151.211217836721914, -33.868516805910893 ], [ 151.211031365744958, -33.868567582204129 ], [ 151.211021691243019, -33.868642048140252 ], [ 151.211206806762647, -33.868610246745668 ], [ 151.211019190827528, -33.868661294147827 ], [ 151.211012087967333, -33.868717710976718 ], [ 151.211195273364154, -33.868686366794364 ], [ 151.211009808622237, -33.868736904622075 ], [ 151.210999723942649, -33.868821824399319 ], [ 151.211182396632239, -33.868790601732421 ], [ 151.210996787830936, -33.86884654839433 ], [ 151.210984718201075, -33.868946450401552 ], [ 151.211031242208122, -33.868947474616427 ], [ 151.210981458316184, -33.868971795279066 ], [ 151.211166306221969, -33.868940057527439 ], [ 151.210978983658521, -33.868991035178318 ], [ 151.210943424246125, -33.86906266484003 ], [ 151.211152070904433, -33.869028516420414 ], [ 151.210929155233458, -33.869084698202663 ], [ 151.211014944108427, -33.869080966509884 ], [ 151.210811274396377, -33.869150093318687 ], [ 151.210264019523606, -33.869292487192062 ], [ 151.210350661676614, -33.869306592787929 ], [ 151.211128696365677, -33.869111979998081 ], [ 151.210354179044344, -33.869309251384358 ], [ 151.21049210000001, -33.8692816 ], [ 151.210681844731084, -33.869299336692833 ], [ 151.211121731948055, -33.869195685822923 ], [ 151.211186801145828, -33.869217448925632 ], [ 151.211191750286417, -33.869248783672589 ], [ 151.211406463512958, -33.869216682176017 ], [ 151.211457463423983, -33.869243840267828 ], [ 151.211559370555619, -33.869234257096714 ], [ 151.21159959834884, -33.869269002426215 ], [ 151.211581765448784, -33.869337533356045 ], [ 151.211412535700674, -33.869385058101372 ], [ 151.2114713, -33.8694084 ], [ 151.211455660581237, -33.869536138116359 ], [ 151.211526829902169, -33.869538396384158 ], [ 151.211581692721126, -33.869586785671224 ], [ 151.211668682963278, -33.8695796960561 ], [ 151.211766358486301, -33.869634199781459 ], [ 151.211799713745165, -33.869704823075885 ], [ 151.21172441896158, -33.869795371488173 ], [ 151.211229095751634, -33.869912688856253 ], [ 151.211326525387506, -33.869892730954724 ], [ 151.211380800242836, -33.869924135248795 ], [ 151.211366788418559, -33.869977980941485 ], [ 151.211284684525708, -33.870003274678403 ], [ 151.211287826573766, -33.870045988981701 ], [ 151.211522929260923, -33.870002348542087 ], [ 151.211282653594765, -33.870065867982717 ], [ 151.211248795795001, -33.870110598017753 ], [ 151.211672522947737, -33.870013627580221 ], [ 151.211744595242209, -33.870039764561604 ], [ 151.211773402160787, -33.87010075741243 ], [ 151.211714877286767, -33.870262034374058 ], [ 151.211730132706975, -33.870343364653081 ], [ 151.211800392225967, -33.870414327826715 ], [ 151.211797729762992, -33.870541969608595 ], [ 151.211561301486114, -33.870739468729816 ], [ 151.211403972571787, -33.870797995524498 ], [ 151.211319684664261, -33.870895987769757 ], [ 151.210866368171281, -33.871003352721701 ], [ 151.210896613656615, -33.871029476352078 ], [ 151.211225776273636, -33.870951516542789 ], [ 151.211337439257647, -33.87095313769764 ], [ 151.211415022773025, -33.871020146703074 ], [ 151.211392234597241, -33.871138357746197 ], [ 151.211470838210232, -33.871168432548181 ], [ 151.211502378025699, -33.871255069981231 ], [ 151.211673063334388, -33.871274736973483 ], [ 151.21174490042938, -33.871336782168186 ], [ 151.21171305524345, -33.87145915880599 ], [ 151.211515367629744, -33.871555807753403 ], [ 151.211607298584539, -33.871582844674208 ], [ 151.211639138219851, -33.871650257859244 ], [ 151.211550615181608, -33.871808996105649 ], [ 151.211582022188253, -33.871864494508827 ], [ 151.21154798989042, -33.871919224465188 ], [ 151.211568616262497, -33.872020375187745 ], [ 151.211493194005612, -33.872073775305708 ], [ 151.211506872535153, -33.872144658406938 ], [ 151.211462831184662, -33.872180296464919 ], [ 151.211535478379631, -33.872236603799827 ], [ 151.211533894952424, -33.872312498880255 ], [ 151.211468438363056, -33.87236523083957 ], [ 151.210460833227728, -33.872626629594791 ], [ 151.210462956008598, -33.872667004184542 ], [ 151.210920020891621, -33.872573470130355 ], [ 151.210908581963537, -33.872617425927373 ], [ 151.210742930026186, -33.872656658185527 ], [ 151.210758853523657, -33.872709152133496 ], [ 151.210604216764381, -33.872749496531583 ], [ 151.210605470821775, -33.872758143610298 ], [ 151.211551981531528, -33.872533974206746 ], [ 151.211634696393332, -33.872535174902055 ], [ 151.21169216684936, -33.872584811095791 ], [ 151.211690727477531, -33.8726538066255 ], [ 151.211639059634564, -33.872697538834828 ], [ 151.211676404343251, -33.872765804095799 ], [ 151.211603189432623, -33.873052031732612 ], [ 151.211644277630512, -33.873129461567316 ], [ 151.211572672448852, -33.873220307393453 ], [ 151.21168515333153, -33.873287749894303 ], [ 151.211683426032266, -33.873370544520064 ], [ 151.211612018021526, -33.873428070343998 ], [ 151.210994627978465, -33.873574291094258 ], [ 151.211111125430904, -33.873573764962067 ], [ 151.211213547886558, -33.873610907552184 ], [ 151.211254485038552, -33.873697581768049 ], [ 151.211232966171963, -33.873781803725784 ], [ 151.21129036550974, -33.873820839280015 ], [ 151.211392115609215, -33.873800665328055 ], [ 151.211494041203395, -33.873854878463796 ], [ 151.21157814859896, -33.873837812585727 ], [ 151.211638843690935, -33.873859822798323 ], [ 151.211655945958853, -33.873938687895219 ], [ 151.211604233914585, -33.873978010970774 ], [ 151.211656415832124, -33.87402080492344 ], [ 151.211655192275771, -33.874079451108933 ], [ 151.211560773108857, -33.874130581031466 ], [ 151.211633499576408, -33.874175133262874 ], [ 151.211632347972596, -33.874230329670667 ], [ 151.211584742125268, -33.874268680183945 ], [ 151.210770425804526, -33.874468692448481 ], [ 151.211565931476827, -33.874299769077375 ], [ 151.211617914244385, -33.874367171818321 ], [ 151.211567351428897, -33.87443077117706 ], [ 151.211631723028745, -33.874524004987599 ], [ 151.211554039960959, -33.87462039062396 ], [ 151.211592918039941, -33.87468954269351 ], [ 151.211561621008485, -33.874806808702104 ], [ 151.211512674177044, -33.874837015533068 ], [ 151.211580189039438, -33.874850204999667 ], [ 151.211593015813492, -33.874909353823099 ], [ 151.211557311125773, -33.874938116685932 ], [ 151.210740442021631, -33.875136630967724 ], [ 151.211254567887522, -33.875026998043332 ], [ 151.210726361104491, -33.87516234265027 ], [ 151.210913215470384, -33.87513640651045 ], [ 151.210692511011842, -33.875200555925034 ], [ 151.211584482034482, -33.874988734724489 ], [ 151.210740425433983, -33.875225881738714 ], [ 151.211225636625699, -33.875116235389662 ], [ 151.210741062125038, -33.875252380047691 ], [ 151.21149606736779, -33.875090161962071 ], [ 151.211607570559721, -33.875110350605098 ], [ 151.211636378916211, -33.875171343492134 ], [ 151.21160504356493, -33.875231463308921 ], [ 151.21146509023896, -33.875274709249176 ], [ 151.211488665820099, -33.87532503571046 ], [ 151.211599953177284, -33.875356944911445 ], [ 151.211626675793866, -33.875480171617532 ], [ 151.211552290509246, -33.875540094235518 ], [ 151.211079096587213, -33.875652160892834 ], [ 151.211103100000031, -33.8757159 ], [ 151.21105797183327, -33.87585743802542 ], [ 151.211536788957801, -33.875744040014652 ], [ 151.211573713308297, -33.875765403585021 ], [ 151.211388856771919, -33.875825709370808 ], [ 151.211495978984431, -33.875858247180993 ], [ 151.211533884916946, -33.875938501010864 ], [ 151.211492653687031, -33.876017605972201 ], [ 151.211323305492868, -33.876071002547313 ], [ 151.211381212165662, -33.876105361246694 ], [ 151.211342782713501, -33.876222309975823 ], [ 151.210237420460686, -33.876499136019802 ], [ 151.211519504327072, -33.876218373472376 ], [ 151.211551363061773, -33.87624588825075 ], [ 151.211496430174407, -33.876278729214164 ], [ 151.211509915823342, -33.876475202335065 ], [ 151.21145509592904, -33.876536073929223 ], [ 151.211260111313436, -33.876602699240657 ], [ 151.21121583103033, -33.876648875266959 ], [ 151.211413378269953, -33.876605123053515 ], [ 151.211566321374193, -33.876689582356427 ], [ 151.211445457471939, -33.876753050511347 ], [ 151.210815418871192, -33.87690225922691 ], [ 151.210937620142886, -33.876890114322968 ], [ 151.210966944738431, -33.876944403375688 ], [ 151.211300968128825, -33.876868152383743 ], [ 151.211361665253719, -33.876890162789728 ], [ 151.211381688536733, -33.876957804741124 ], [ 151.211467072780266, -33.876943605137278 ], [ 151.211331160205049, -33.877007378245629 ], [ 151.210990766177417, -33.877087991817 ], [ 151.211147441701911, -33.877080988733098 ], [ 151.210990090914606, -33.87712486345697 ], [ 151.210989295532187, -33.877168293944251 ], [ 151.211032063238491, -33.877170208934203 ], [ 151.210988952420422, -33.877187028938138 ], [ 151.210988053125249, -33.877236133234049 ], [ 151.211030646356988, -33.877238089552996 ], [ 151.210987710012262, -33.877254868227723 ], [ 151.210986968458514, -33.877295359215175 ], [ 151.211029192071464, -33.877297403076362 ], [ 151.210986625344475, -33.877314094208657 ], [ 151.2109859, -33.8773537 ], [ 151.21064388575175, -33.877434695860082 ], [ 151.210606507289839, -33.877501129232648 ], [ 151.210096348275584, -33.877621942810109 ], [ 151.210081372813875, -33.877742117495536 ], [ 151.21028547563651, -33.87769378318071 ], [ 151.21022274079175, -33.877653450789772 ], [ 151.210253216436598, -33.877594984403544 ], [ 151.211136249553334, -33.877396261104359 ], [ 151.211164986188095, -33.877421079350057 ], [ 151.211152246731018, -33.877470029860795 ], [ 151.210966728569417, -33.877519280586355 ], [ 151.210965652185223, -33.877540669084425 ], [ 151.211006460086281, -33.877537026582495 ], [ 151.210965133222572, -33.877550981224772 ], [ 151.211109457419042, -33.877517872355831 ], [ 151.211141316480962, -33.877545387246123 ], [ 151.210962282979807, -33.877607617422917 ], [ 151.211005571206925, -33.877610686014798 ], [ 151.210961436208748, -33.87762444329914 ], [ 151.210953737971209, -33.877777411701452 ], [ 151.211107581243709, -33.877748613051047 ], [ 151.210953262927461, -33.877786851067412 ], [ 151.210951188766956, -33.877828065677299 ], [ 151.211099488408962, -33.877793480372191 ], [ 151.211114075924826, -33.877812394559612 ], [ 151.210949727209481, -33.877860707902499 ], [ 151.211464633819077, -33.877738766547807 ], [ 151.211523714096899, -33.877772948322949 ], [ 151.211496331368863, -33.877805874835182 ], [ 151.211149911423576, -33.877887915094739 ], [ 151.211442250568041, -33.877827757874144 ], [ 151.211436530825011, -33.877849735772259 ], [ 151.211150315515965, -33.877917518072451 ], [ 151.21111613720214, -33.877950080736476 ], [ 151.211122443647071, -33.877971357665309 ], [ 151.211370278270977, -33.877916823143472 ], [ 151.211376677250797, -33.877946330635631 ], [ 151.211325099065647, -33.877960671920569 ], [ 151.211363925731575, -33.877993201509987 ], [ 151.211347364450404, -33.878056837195857 ], [ 151.210933285778594, -33.878200277449103 ], [ 151.211504706847677, -33.878067271582843 ], [ 151.211573735551241, -33.878126886965326 ], [ 151.211529238443575, -33.87818039255442 ], [ 151.211034184228538, -33.878297632045893 ], [ 151.210937366919978, -33.878371717429481 ], [ 151.209848168960576, -33.878634553242577 ], [ 151.210315927523567, -33.878543431106721 ], [ 151.210361906343678, -33.878583140603681 ], [ 151.210360753729958, -33.878638336933548 ], [ 151.210280034145654, -33.878684527812752 ], [ 151.210284699999988, -33.878727 ], [ 151.210238829797248, -33.8787699845616 ], [ 151.211157803459599, -33.878558012615372 ], [ 151.2107538268327, -33.87866282983078 ], [ 151.210800550051744, -33.878686562150357 ], [ 151.211199307687764, -33.878615515213987 ], [ 151.211295177882505, -33.878634749696971 ], [ 151.211329397830838, -33.878686928648676 ], [ 151.211502925623506, -33.878658308198005 ], [ 151.211541914517397, -33.878708860304386 ], [ 151.211500839953771, -33.878758250054879 ], [ 151.210907886934706, -33.878898672565974 ], [ 151.210897143454218, -33.878935289344184 ], [ 151.210851228412963, -33.878950415502992 ], [ 151.210849037600923, -33.87899582216636 ], [ 151.210901056758559, -33.879007589897007 ], [ 151.210848115790441, -33.87903334790397 ], [ 151.210848980450265, -33.879089236375222 ], [ 151.210875664124188, -33.879094960614303 ], [ 151.210848620791239, -33.879107975266841 ], [ 151.210847002880598, -33.879182534085274 ], [ 151.210995296352024, -33.87915945925068 ], [ 151.21084659600703, -33.879201284157254 ], [ 151.210846089605099, -33.879224620802489 ], [ 151.210985854961649, -33.879192235723274 ], [ 151.211007094704968, -33.87921057901346 ], [ 151.210845533035183, -33.8792620600424 ], [ 151.210846626584726, -33.879308585605251 ], [ 151.21089363143642, -33.879312168775229 ], [ 151.210898969113913, -33.879343036682478 ], [ 151.211004585167501, -33.879325302059549 ], [ 151.211027328674049, -33.879354790878821 ], [ 151.2110033681586, -33.879383601454066 ], [ 151.210849247636645, -33.879420099454585 ], [ 151.210849802352584, -33.879443700095983 ], [ 151.211009887671025, -33.879430036326021 ], [ 151.211026299391676, -33.879494006430008 ], [ 151.211452800300037, -33.879393003642939 ], [ 151.211515888608005, -33.879415880451091 ], [ 151.21150442296161, -33.879459935927137 ], [ 151.211406822181459, -33.879505368703057 ], [ 151.211196012795085, -33.879555292065277 ], [ 151.211388780491575, -33.879519196853181 ], [ 151.211430511047865, -33.8795343290167 ], [ 151.211465482173452, -33.879625633946425 ], [ 151.211410182659705, -33.879658561072176 ], [ 151.211450256411666, -33.879697281729811 ], [ 151.211406459410625, -33.879724179637606 ], [ 151.211497789409407, -33.879716372807742 ], [ 151.211530280525665, -33.87975849957121 ], [ 151.211475705298426, -33.879804475974225 ], [ 151.211492436374442, -33.879870193959952 ], [ 151.211444171412523, -33.879919528645786 ], [ 151.211190961147537, -33.879986403710149 ], [ 151.211296045776493, -33.880060300835176 ], [ 151.211403890090764, -33.880047676840235 ], [ 151.21139435687661, -33.880084306646147 ], [ 151.211283222529602, -33.880110910398585 ], [ 151.21139546568503, -33.880084686157808 ], [ 151.211444136325895, -33.880100384648898 ], [ 151.211527715481139, -33.880180247716837 ], [ 151.211526347561119, -33.880245793383274 ], [ 151.211469811440651, -33.880291334394435 ], [ 151.211170991189817, -33.88038068739224 ], [ 151.211431374260258, -33.880322275480339 ], [ 151.2114738544918, -33.88035896192148 ], [ 151.211446470872346, -33.880391888382128 ], [ 151.211310120311765, -33.880424178295691 ], [ 151.211297600000023, -33.8807684 ], [ 151.211065959210941, -33.880823255420147 ], [ 151.2110619, -33.8808967 ], [ 151.211019205741025, -33.880906810464168 ], [ 151.211189100000013, -33.8809131 ], [ 151.211188289427383, -33.880944933405956 ], [ 151.211344710766497, -33.88091620724807 ], [ 151.211370703937405, -33.880949908695328 ], [ 151.211358121006725, -33.881024018544842 ], [ 151.21143368453761, -33.881010325997593 ], [ 151.21114504263241, -33.881089953624681 ], [ 151.211112529869524, -33.881161268262886 ], [ 151.211433048080806, -33.881086435868028 ], [ 151.211462224323697, -33.881124264184059 ], [ 151.211172973700428, -33.881202915683112 ], [ 151.211396146515568, -33.881166774227566 ], [ 151.211171706663293, -33.88122504923269 ], [ 151.21113069427085, -33.881277956369665 ], [ 151.210723303259329, -33.881374430024458 ], [ 151.211039737282277, -33.881303274572787 ], [ 151.211090430210248, -33.881358383815147 ], [ 151.211193362318369, -33.881334721911173 ], [ 151.211206052181836, -33.881366769746727 ], [ 151.211357539944856, -33.881331965919237 ], [ 151.211387475145955, -33.881366878306814 ], [ 151.21143802725004, -33.881357359365104 ], [ 151.21115259246011, -33.88143539074742 ], [ 151.2111601, -33.8817823 ], [ 151.211121319097174, -33.881791483662859 ], [ 151.211024373092329, -33.882071543527886 ], [ 151.211182311244329, -33.882035034406741 ], [ 151.211206624936779, -33.882066558054454 ], [ 151.210960999697676, -33.882138795933223 ], [ 151.21105366648942, -33.882117208562896 ], [ 151.21098214955515, -33.882152441224619 ], [ 151.211057412295645, -33.882155416092168 ], [ 151.211187682343649, -33.882124745524393 ], [ 151.211091164522287, -33.882156750182247 ], [ 151.211241830940708, -33.88216270530809 ], [ 151.211427379554266, -33.882119479122487 ], [ 151.211442022568519, -33.882150479117165 ], [ 151.211376839888487, -33.882168041411695 ], [ 151.2117625, -33.8821966 ], [ 151.2117177, -33.8822774 ], [ 151.2113551, -33.882471 ], [ 151.211232255554364, -33.882500090547296 ], [ 151.2115186, -33.8825613 ], [ 151.2113271, -33.8828341 ], [ 151.211091542441551, -33.882889881455064 ], [ 151.211206251198689, -33.882915001232838 ], [ 151.211224648753898, -33.882979857403072 ], [ 151.211401058286356, -33.882940222898824 ], [ 151.211464780496328, -33.882995252611124 ], [ 151.211423703719305, -33.883044642235319 ], [ 151.211292871546021, -33.883075624173365 ], [ 151.211237420717339, -33.883155074071574 ], [ 151.211115277535924, -33.883191440481227 ], [ 151.2111366146043, -33.883237741568564 ], [ 151.2113679, -33.8833442 ], [ 151.2110069, -33.8838994 ], [ 151.210919118676401, -33.883949289385541 ], [ 151.2110726, -33.8839271 ], [ 151.211165538850253, -33.88396635760212 ], [ 151.211391082116705, -33.883922757971362 ], [ 151.211383455135149, -33.883952061786552 ], [ 151.211222131710741, -33.883990263707666 ], [ 151.211330859110319, -33.884034549016974 ], [ 151.211262715840064, -33.88406390631539 ], [ 151.211227957051875, -33.884118094593653 ], [ 151.211402125752301, -33.884094441456149 ], [ 151.211121114918086, -33.884158411017438 ], [ 151.211388921917091, -33.884109116563394 ], [ 151.211381294915242, -33.884138420377049 ], [ 151.211246079334444, -33.884170439807754 ], [ 151.211359807860049, -33.88428167807065 ], [ 151.211358151545056, -33.884361022764516 ], [ 151.21128970956093, -33.884416151115055 ], [ 151.210779374447185, -33.884536998130891 ], [ 151.210881937539426, -33.884523140776921 ], [ 151.210821064255612, -33.884554130013051 ], [ 151.21086393727316, -33.884571748097969 ], [ 151.211336491452158, -33.88446394988803 ], [ 151.211423751200158, -33.884495590025686 ], [ 151.211458627762852, -33.884569423583024 ], [ 151.211379895696979, -33.88466408694174 ], [ 151.211196057760475, -33.884707619928349 ], [ 151.211219199999988, -33.884717 ], [ 151.2110763, -33.8849639 ], [ 151.210964822336308, -33.884990297643959 ], [ 151.211125670903016, -33.885055832250536 ], [ 151.211321456265551, -33.885020905483273 ], [ 151.211352277151008, -33.885086153023856 ], [ 151.211289266790885, -33.885144058644471 ], [ 151.211045841369412, -33.885201701362746 ], [ 151.211021, -33.8852425 ], [ 151.210909172404911, -33.885269996886564 ], [ 151.210925113232236, -33.885322325537693 ], [ 151.210880163968199, -33.88534989152582 ], [ 151.2109346, -33.8853968 ], [ 151.210911627525405, -33.885476930530643 ], [ 151.211182950769256, -33.885422525633174 ], [ 151.211275857893668, -33.885483748163466 ], [ 151.211373363509637, -33.885468975363374 ], [ 151.211395778829541, -33.885516428112851 ], [ 151.211345318303671, -33.885541914895988 ], [ 151.211238900000012, -33.8857327 ], [ 151.2111788, -33.8857655 ], [ 151.211127289626546, -33.885853715572544 ], [ 151.2111693, -33.8858705 ], [ 151.21100340000001, -33.8861499 ], [ 151.210745911941615, -33.886210871232009 ], [ 151.211001023091455, -33.886166254679686 ], [ 151.211006684489831, -33.886192359522525 ], [ 151.210834520392126, -33.886247700246869 ], [ 151.211114296384295, -33.886215054881234 ], [ 151.211005013028966, -33.886261555764413 ], [ 151.210966732869139, -33.886302652565199 ], [ 151.211010348865102, -33.886320780914907 ], [ 151.211276762344937, -33.886263318808766 ], [ 151.211311307295148, -33.886283303538512 ], [ 151.21130238864751, -33.886317568831977 ], [ 151.21123686262257, -33.886336806256267 ], [ 151.21125150807967, -33.886384074624843 ], [ 151.211218232076504, -33.886407184212665 ], [ 151.2114235, -33.88649250000001 ], [ 151.211224486350005, -33.886822368434515 ], [ 151.211234242625352, -33.886884621214193 ], [ 151.21111697856287, -33.886936079596978 ], [ 151.211194805684528, -33.886973794803097 ], [ 151.211128030923646, -33.887053245019899 ], [ 151.211139986431476, -33.887083758382481 ], [ 151.21104969948226, -33.887145544210618 ], [ 151.211083909241552, -33.887150049386214 ], [ 151.211096107714042, -33.887239704583052 ], [ 151.211000620356856, -33.887328996732343 ], [ 151.211103840011958, -33.887359235939265 ], [ 151.211324125244687, -33.887309214657613 ], [ 151.211387850523465, -33.887364244475954 ], [ 151.211346771490895, -33.887413633971988 ], [ 151.211154718346194, -33.88745911056931 ], [ 151.211281915635794, -33.887445846690284 ], [ 151.211140840189813, -33.887482557316211 ], [ 151.2110615, -33.8876166 ], [ 151.210611174735135, -33.887723231325396 ], [ 151.210615160749484, -33.887770870115425 ], [ 151.2108452, -33.8877164 ], [ 151.210952861174007, -33.887759696973113 ], [ 151.211238810677344, -33.887694066246752 ], [ 151.210982055584367, -33.887771437761629 ], [ 151.211308699999989, -33.8879028 ], [ 151.211458599999986, -33.8881016 ], [ 151.2114645, -33.8881835 ], [ 151.2113359, -33.8882393 ], [ 151.210860401747055, -33.888351892108254 ], [ 151.210900825281442, -33.888439290411441 ], [ 151.2111073, -33.8883904 ], [ 151.2111911, -33.8884313 ], [ 151.211141881843531, -33.888500846018296 ], [ 151.211298250711735, -33.888471177020058 ], [ 151.211279346343389, -33.888496276613765 ], [ 151.211320603297963, -33.888522865019219 ], [ 151.211210968182996, -33.888591701203012 ], [ 151.211305297119651, -33.888614489974366 ], [ 151.211345851032945, -33.888697489762187 ], [ 151.211304771301599, -33.888746879212597 ], [ 151.211116374378776, -33.88879148917453 ], [ 151.211249420370876, -33.888763990497573 ], [ 151.211298743504585, -33.888781874163406 ], [ 151.211297013320802, -33.888864740552428 ], [ 151.211146937509568, -33.888907445306998 ], [ 151.211204728149795, -33.888930047949295 ], [ 151.211296200125048, -33.88891819829626 ], [ 151.211331284253902, -33.888980875713948 ], [ 151.211311489902926, -33.889018845888131 ], [ 151.21107087391448, -33.889082199516579 ], [ 151.211023043985932, -33.889167870786203 ], [ 151.21091331680438, -33.889202331946436 ], [ 151.2111866, -33.8891384 ], [ 151.211248, -33.8891665 ], [ 151.211107958241939, -33.889465112637296 ], [ 151.2112266, -33.8895241 ], [ 151.211156499999987, -33.8896306 ], [ 151.211116949019527, -33.889639965026603 ], [ 151.211168200000031, -33.889659 ], [ 151.21111607769862, -33.889756050304413 ], [ 151.211203399999988, -33.8897908 ], [ 151.211350900000014, -33.8899363 ], [ 151.211252899220483, -33.890105822394055 ], [ 151.211266460186266, -33.890151699873876 ], [ 151.211372064911188, -33.890213971459573 ], [ 151.211370480266964, -33.890289866311534 ], [ 151.211305009328612, -33.890342597590156 ], [ 151.210987035727328, -33.890417887814515 ], [ 151.2110365, -33.8904364 ], [ 151.211018849631472, -33.890468896036339 ], [ 151.211253387548169, -33.890425836474051 ], [ 151.211287876589694, -33.890455618446168 ], [ 151.211272586580975, -33.89051435888323 ], [ 151.210939364131093, -33.890599638563565 ], [ 151.210931387688476, -33.890621593283647 ], [ 151.211073284337715, -33.890607295585077 ], [ 151.210763652895253, -33.890704436345061 ], [ 151.210901132836057, -33.890759627924567 ], [ 151.21095780359471, -33.890747101369485 ], [ 151.211045, -33.8907744 ], [ 151.2112989, -33.8909454 ], [ 151.211210624556031, -33.891089596473897 ], [ 151.211262027455291, -33.891150307490193 ], [ 151.211081402152587, -33.89119520215084 ], [ 151.211028414815132, -33.891236818839488 ], [ 151.211172471428711, -33.891231047394626 ], [ 151.211171805865888, -33.891262919067977 ], [ 151.211119926168408, -33.891277861031469 ], [ 151.211275199999989, -33.891347499999981 ], [ 151.2112362, -33.891417 ], [ 151.211151300000012, -33.8915469 ], [ 151.210929123367322, -33.891599506230115 ], [ 151.2109164, -33.8916632 ], [ 151.21088053335265, -33.891671692327733 ], [ 151.2109731, -33.8916892 ], [ 151.21096650000004, -33.891722299999984 ], [ 151.210884890305209, -33.891761115353916 ], [ 151.210911959186035, -33.891786217031836 ], [ 151.211185247612974, -33.891723292561821 ], [ 151.211255796052967, -33.891737200122193 ], [ 151.211266125857065, -33.891806255011957 ], [ 151.211242161741637, -33.89183506546825 ], [ 151.210890290599139, -33.891925347005937 ], [ 151.2108618, -33.8920404 ], [ 151.210814485967376, -33.892051602700583 ], [ 151.2108579, -33.892061 ], [ 151.210844, -33.8921311 ], [ 151.210798836458508, -33.892141793501921 ], [ 151.210847, -33.8921528 ], [ 151.210857299999986, -33.8922265 ], [ 151.210803991801129, -33.892239121923751 ], [ 151.210811300000017, -33.8923105 ], [ 151.21076374114503, -33.892321760605618 ], [ 151.210780699999987, -33.8923582 ], [ 151.21073641831066, -33.892368684646542 ], [ 151.210777632862232, -33.892403607273714 ], [ 151.210776624034764, -33.892451903964897 ], [ 151.210734959405016, -33.892485459983831 ], [ 151.210433397478539, -33.892556860670297 ], [ 151.210874228695644, -33.892455136255705 ], [ 151.210913711304642, -33.892477976142075 ], [ 151.210907456688091, -33.892512400648386 ], [ 151.211067960945854, -33.892477608198853 ], [ 151.211136257376012, -33.892502370373009 ], [ 151.211163554176437, -33.892560153226128 ], [ 151.211145058643496, -33.892603646577697 ], [ 151.211219725840323, -33.892594283664401 ], [ 151.211242142755481, -33.892641736447054 ], [ 151.211071809108006, -33.892695604795875 ], [ 151.211194629162293, -33.89272492454684 ], [ 151.211219848212323, -33.892778308931852 ], [ 151.210729130423204, -33.892909727100914 ], [ 151.210711494021268, -33.893101831955732 ], [ 151.211064099999987, -33.893034299999982 ], [ 151.211018875545932, -33.893222162209923 ], [ 151.211141632389058, -33.893211161809212 ], [ 151.211027085602865, -33.893248198787326 ], [ 151.211179566240702, -33.893217303543793 ], [ 151.211211430931883, -33.893244818538584 ], [ 151.211135798364268, -33.893282557330963 ], [ 151.211165558555422, -33.893313315777711 ], [ 151.211141593961742, -33.893342126192998 ], [ 151.210271461098984, -33.893530190451706 ], [ 151.210303214902979, -33.893586415549741 ], [ 151.210849782276199, -33.893459860736286 ], [ 151.210928748403489, -33.893505540535067 ], [ 151.210927595507115, -33.893560736748221 ], [ 151.210867411686792, -33.893602061875562 ], [ 151.210957463377724, -33.893673500950896 ], [ 151.210958080660703, -33.893721897026666 ], [ 151.211188194200929, -33.893668839981324 ], [ 151.211227677442992, -33.893691679783515 ], [ 151.211244738465552, -33.893762450261626 ], [ 151.211177783628671, -33.893827880950283 ], [ 151.211212047815422, -33.893878029435847 ], [ 151.211190602542416, -33.893919163697646 ], [ 151.210920076724278, -33.89399012655668 ], [ 151.211159715250005, -33.89395282312968 ], [ 151.211195460875786, -33.893999162751221 ], [ 151.211162092483818, -33.894042134605684 ], [ 151.211172927551843, -33.894102242005339 ], [ 151.211036726004181, -33.894156489136044 ], [ 151.211054411139912, -33.894181387991992 ], [ 151.210993194808623, -33.894222591231411 ], [ 151.210828248528685, -33.894261645052175 ], [ 151.210951053270918, -33.894270142880941 ], [ 151.21101714366074, -33.894303815760949 ], [ 151.211017862017826, -33.894334023520855 ], [ 151.211101298512318, -33.894333887829191 ], [ 151.211109850999861, -33.8943733203485 ], [ 151.211078988734243, -33.894394165287565 ], [ 151.211131023548063, -33.894454326983436 ], [ 151.211081164219905, -33.894565187731736 ], [ 151.21117316191436, -33.89454394074874 ], [ 151.211187752128268, -33.894562854971177 ], [ 151.210669681203285, -33.894690593114383 ], [ 151.211148929074113, -33.894587596416471 ], [ 151.21118398419469, -33.894600306014304 ], [ 151.211157933118074, -33.894632098685619 ], [ 151.211199559668955, -33.894708981873684 ], [ 151.211174328481519, -33.894806611490871 ], [ 151.211025681846053, -33.894884002785155 ], [ 151.211119910665474, -33.89488270210034 ], [ 151.211124150096822, -33.895037111876256 ], [ 151.211074020668576, -33.895078727432242 ], [ 151.211122620354189, -33.895123409233278 ], [ 151.211121683670541, -33.895168256149475 ], [ 151.211053616573849, -33.895229813392952 ], [ 151.210760121427739, -33.895311188137796 ], [ 151.211033423370822, -33.895249506440713 ], [ 151.211071367028609, -33.895263263252907 ], [ 151.211082057712957, -33.895312553900652 ], [ 151.210672818634009, -33.895426368730824 ], [ 151.210776974477426, -33.895429640199815 ], [ 151.211108492894937, -33.895351862216401 ], [ 151.211127946667858, -33.895377081191675 ], [ 151.210668625656496, -33.895496034139065 ], [ 151.210837523675679, -33.895475432183282 ], [ 151.210866959040715, -33.895512281974817 ], [ 151.211082171012436, -33.895462754598114 ], [ 151.211182667954745, -33.895507407610594 ], [ 151.211087115534127, -33.895549862131269 ], [ 151.2113411, -33.8955845 ], [ 151.2113066, -33.8957587 ], [ 151.211167958287291, -33.895791525484924 ], [ 151.211221, -33.8957984 ], [ 151.2110667, -33.8966207 ], [ 151.210810891012414, -33.896690946677104 ], [ 151.211109113912812, -33.896635410405551 ], [ 151.211108244105105, -33.896677052715503 ], [ 151.210947810914604, -33.896715036887642 ], [ 151.210933356221375, -33.896778135497165 ], [ 151.211031788179042, -33.896763626028317 ], [ 151.210886505972184, -33.89679855451719 ], [ 151.211295400000012, -33.8968553 ], [ 151.2112699, -33.8970176 ], [ 151.211064420360799, -33.897066249394925 ], [ 151.211178499999988, -33.8970795 ], [ 151.211124500000011, -33.8974001 ], [ 151.210955183498669, -33.897440187009394 ], [ 151.211208699999986, -33.8974747 ], [ 151.2111669, -33.8976862 ], [ 151.210649077923307, -33.897808797293806 ], [ 151.210637376694763, -33.897864630796029 ], [ 151.210969180418061, -33.897786609891675 ], [ 151.210974842410423, -33.897812714713567 ], [ 151.210796434198357, -33.897854953778392 ], [ 151.211100657068727, -33.897796800924077 ], [ 151.21111025715058, -33.897841062114622 ], [ 151.210966771191551, -33.897878222888686 ], [ 151.211195, -33.8979094 ], [ 151.2111625, -33.8980734 ], [ 151.211126844715949, -33.898081841625647 ], [ 151.2111595, -33.898087 ], [ 151.211106835048014, -33.898317521248522 ], [ 151.2117274, -33.8984733 ], [ 151.211070132202167, -33.899214056939435 ], [ 151.211412500000023, -33.899133 ], [ 151.21200250000004, -33.8994956 ], [ 151.2112766, -33.9003104 ], [ 151.210564811461239, -33.900478913977821 ], [ 151.210114351192999, -33.900406881286415 ], [ 151.21005868810002, -33.900467082594325 ], [ 151.208921806400326, -33.900736221178171 ], [ 151.208894376076302, -33.900810095637148 ], [ 151.209138222637279, -33.900764413210517 ], [ 151.20875953581475, -33.900860669514799 ], [ 151.208757939396492, -33.900883625891538 ], [ 151.209049099999987, -33.9008147 ], [ 151.209282923617252, -33.900844752567949 ], [ 151.209495923534178, -33.900811136082943 ], [ 151.209384208052001, -33.900861089733603 ], [ 151.209566036263766, -33.900818044971672 ], [ 151.209531172897357, -33.900778840932851 ], [ 151.209565831789774, -33.900752191630531 ], [ 151.210331200000013, -33.900571 ], [ 151.2106728, -33.9005536 ], [ 151.2110591, -33.9005819 ], [ 151.2110299, -33.9007836 ], [ 151.210453563128311, -33.900920044417234 ], [ 151.2109664, -33.900993 ], [ 151.21093884468587, -33.901042402478055 ], [ 151.211038740542591, -33.901020536246754 ], [ 151.211088098670359, -33.901049086160306 ], [ 151.211057614494109, -33.901107552289844 ], [ 151.210876901736356, -33.901153456502101 ], [ 151.210866848729609, -33.901171479939769 ], [ 151.210984397725923, -33.901155085808703 ], [ 151.211015223587651, -33.901220333450183 ], [ 151.21078972382108, -33.901309752305508 ], [ 151.210901612996537, -33.901284737576127 ], [ 151.210944102975674, -33.901321424409744 ], [ 151.210916712079381, -33.901354350422693 ], [ 151.210733043287263, -33.901411370914296 ], [ 151.210723169035703, -33.901429073748183 ], [ 151.210811419275075, -33.901432705329441 ], [ 151.210822110414199, -33.901481995972787 ], [ 151.210673447928201, -33.901534112772879 ], [ 151.210626100001804, -33.901603101368238 ], [ 151.210750217918616, -33.901574430998664 ], [ 151.210764863684034, -33.901605431080192 ], [ 151.209953669875006, -33.901807709695404 ], [ 151.210927121500418, -33.901601077517611 ], [ 151.210810484668031, -33.901655645702725 ], [ 151.211017713409404, -33.901659828379636 ], [ 151.210877834743115, -33.901745140368106 ], [ 151.210374991612355, -33.901864497921835 ], [ 151.21082490278252, -33.901769968694325 ], [ 151.210824380714342, -33.90179495405561 ], [ 151.21045056531301, -33.901883451160487 ], [ 151.210727609986918, -33.901831332365376 ], [ 151.210422872415052, -33.9019338401651 ], [ 151.210529604253111, -33.901925380190647 ], [ 151.210497873225421, -33.901953391756784 ], [ 151.210518262052602, -33.90199505288399 ], [ 151.210467219844134, -33.902031740546747 ], [ 151.21083184342001, -33.901952258504345 ], [ 151.210883706702305, -33.90199198783224 ], [ 151.210715382196696, -33.902033431915477 ], [ 151.210832720583852, -33.902015177644984 ], [ 151.210855139505668, -33.902062630501689 ], [ 151.210764749254253, -33.902097567266601 ], [ 151.210793840638644, -33.902119658060592 ], [ 151.210906993924652, -33.902093405130707 ], [ 151.210917978351091, -33.902116655179661 ], [ 151.210347182005364, -33.902254929060746 ], [ 151.210314286638322, -33.902306748938642 ], [ 151.210190267637472, -33.902357076758918 ], [ 151.211006512131178, -33.902181926807465 ], [ 151.210860105734412, -33.90222346166869 ], [ 151.210895773332567, -33.902237069484364 ], [ 151.210855656140836, -33.902253177205701 ], [ 151.210829281457734, -33.902368607199172 ], [ 151.210864523779861, -33.902366285550457 ], [ 151.210827028498187, -33.902378467362432 ], [ 151.210814049272983, -33.902435271384562 ], [ 151.210854939929987, -33.902431612560292 ], [ 151.210811796309514, -33.902445131547346 ], [ 151.210796713365198, -33.902511142443906 ], [ 151.210954442382217, -33.902482834102642 ], [ 151.210793333913216, -33.902525932687219 ], [ 151.210786794281944, -33.902554553505908 ], [ 151.210835290424313, -33.902549094187208 ], [ 151.210784541311597, -33.902564413667811 ], [ 151.210776294192584, -33.902600507298423 ], [ 151.210826335268166, -33.902594682244583 ], [ 151.210774041219565, -33.902610367459978 ], [ 151.21076171773683, -33.902664301274712 ], [ 151.2109649, -33.9026162 ], [ 151.2114616, -33.9026676 ], [ 151.211315, -33.9033999 ], [ 151.21090447972071, -33.90349708620338 ], [ 151.210911440827545, -33.90353445507381 ], [ 151.210871624217816, -33.903571542468995 ], [ 151.210182769441531, -33.903734617357102 ], [ 151.209883559536138, -33.903788794965003 ], [ 151.209861590872578, -33.903742294697921 ], [ 151.209991314992607, -33.903708395852874 ], [ 151.209745049600883, -33.90375666338533 ], [ 151.209699320080688, -33.90370743060371 ], [ 151.209460037681765, -33.903763004460124 ], [ 151.209428859580385, -33.903738669228879 ], [ 151.208563988964556, -33.903940903640795 ], [ 151.208510863167248, -33.90392164288869 ], [ 151.208495897116762, -33.903852635779216 ], [ 151.208664773886312, -33.903788969200676 ], [ 151.20868412965018, -33.90374652617944 ], [ 151.207600541294084, -33.903985352157598 ], [ 151.207551676298863, -33.903943159461754 ], [ 151.207573344729099, -33.903859944895984 ], [ 151.207838340290778, -33.9037881813667 ], [ 151.207839404985322, -33.90375809363357 ], [ 151.207742916245138, -33.90378093338137 ], [ 151.207643153330224, -33.903742883442469 ], [ 151.207514391425804, -33.903760887914977 ], [ 151.207475394248718, -33.903710334436965 ], [ 151.207544513744153, -33.90361383772828 ], [ 151.207009937595529, -33.903738947495071 ], [ 151.206968584719277, -33.903697894853003 ], [ 151.204818747626263, -33.904206743451454 ], [ 151.204587849800077, -33.904123134175357 ], [ 151.204748169876012, -33.903814441373157 ], [ 151.205586864068465, -33.903615934125376 ], [ 151.205570879125446, -33.903583357329239 ], [ 151.205605121185329, -33.903542201424962 ], [ 151.205799028993738, -33.903496305112441 ], [ 151.205838992713069, -33.903451244079044 ], [ 151.206232802105831, -33.903358031479833 ], [ 151.205940706213795, -33.903391109228842 ], [ 151.205911091632345, -33.903373978058006 ], [ 151.20592940019506, -33.903325242256557 ], [ 151.206177081958373, -33.903266617169784 ], [ 151.206120032914669, -33.90319395785113 ], [ 151.206063661552378, -33.903207300718876 ], [ 151.206042250347991, -33.903174263759702 ], [ 151.205866902758515, -33.903215767599022 ], [ 151.205829990637994, -33.903171054804908 ], [ 151.20563926103884, -33.903216199116493 ], [ 151.205542193637797, -33.903205194941648 ], [ 151.204141277477163, -33.903547346751509 ], [ 151.20408257334546, -33.903536717049022 ], [ 151.204074072022252, -33.90348479852517 ], [ 151.203042436835631, -33.903729173853947 ], [ 151.202976135897728, -33.90369154441661 ], [ 151.202652052636751, -33.903753690477309 ], [ 151.20260655937247, -33.903694709730125 ], [ 151.202654500254539, -33.903637092683205 ], [ 151.204357452102556, -33.903209416254327 ], [ 151.204370852047305, -33.903159552381318 ], [ 151.204164978414497, -33.903196843795904 ], [ 151.204133361299228, -33.903169541801013 ], [ 151.204147384036332, -33.903115697531135 ], [ 151.204261003061475, -33.903082958846525 ], [ 151.20418373425548, -33.903054433927359 ], [ 151.203966677146127, -33.903105806686987 ], [ 151.203952016944669, -33.903145596006439 ], [ 151.203844660856987, -33.903171004694862 ], [ 151.203820560700052, -33.90322795347528 ], [ 151.202788299799892, -33.903462903947087 ], [ 151.202763083250858, -33.903409517991484 ], [ 151.202856677266226, -33.903348872899244 ], [ 151.203477054172566, -33.903202048334542 ], [ 151.203444382348152, -33.90317695125438 ], [ 151.203360198845132, -33.903187065722044 ], [ 151.203360733859967, -33.903161568541947 ], [ 151.203429895486693, -33.903142054739682 ], [ 151.203206320348784, -33.903193898438374 ], [ 151.203177740481408, -33.903155347411747 ], [ 151.203010060037229, -33.903188795172881 ], [ 151.203000463702097, -33.90314453350355 ], [ 151.203118236392498, -33.903113470836381 ], [ 151.203074151988005, -33.903028698519513 ], [ 151.202008193725334, -33.903279861544618 ], [ 151.202054833814373, -33.903339550971168 ], [ 151.202203359234801, -33.903310422306916 ], [ 151.202053575878722, -33.903349175211794 ], [ 151.202004035614095, -33.903403899831858 ], [ 151.200473214509543, -33.90376617173817 ], [ 151.200411156130826, -33.903765264872462 ], [ 151.200366110632245, -33.903719118171274 ], [ 151.19835878042619, -33.904169120097926 ], [ 151.198241080816899, -33.903807484482655 ], [ 151.197690281297326, -33.903937815969101 ], [ 151.19756382350073, -33.9035530263167 ], [ 151.197361063264765, -33.903599576328197 ], [ 151.197321579483457, -33.903576732085618 ], [ 151.197345974973331, -33.903529962188188 ], [ 151.197541072467715, -33.903483798422123 ], [ 151.197525744937224, -33.903437159042838 ], [ 151.196135680148984, -33.903751006255547 ], [ 151.19607760994873, -33.90358982668117 ], [ 151.196041523123426, -33.90357009453745 ], [ 151.195432879200126, -33.903714101849118 ], [ 151.195343179304132, -33.903684501294649 ], [ 151.195135081038387, -33.903450700061036 ], [ 151.195075180626702, -33.903283062003659 ], [ 151.194906540411353, -33.903346730018846 ], [ 151.194883239556077, -33.903414521532881 ], [ 151.193943974246679, -33.903634960880339 ], [ 151.193894620707766, -33.903606404241877 ], [ 151.193905404686774, -33.903559823167733 ], [ 151.193819983344838, -33.903568598412043 ], [ 151.193450862424527, -33.903311396504911 ], [ 151.193369492048589, -33.903359735771161 ], [ 151.192297897047354, -33.903613252176442 ], [ 151.192020592189522, -33.903660087752542 ], [ 151.191975059414602, -33.903643572526349 ], [ 151.191962242910705, -33.903584422223055 ], [ 151.192086664196808, -33.903534682387054 ], [ 151.1920859665845, -33.903463305223198 ], [ 151.192340675877006, -33.903396361590083 ], [ 151.192326116574662, -33.903357758867159 ], [ 151.192392390918911, -33.903310198069718 ], [ 151.192854655783208, -33.903177119424214 ], [ 151.19288675301857, -33.903135279348611 ], [ 151.192787329179765, -33.903116202702549 ], [ 151.192440737559082, -33.903198198548431 ], [ 151.192354313895663, -33.903185521830814 ], [ 151.192239178552569, -33.90321275994846 ], [ 151.19228123910591, -33.903267429187579 ], [ 151.192236716469353, -33.903320926778861 ], [ 151.190985047225752, -33.90361471287212 ], [ 151.190916013678276, -33.903555085979526 ], [ 151.190960537246582, -33.903501588898749 ], [ 151.19169847379041, -33.903327018503312 ], [ 151.191594573351466, -33.903343364893843 ], [ 151.191569888511481, -33.903316271173622 ], [ 151.190958181852579, -33.903436974239874 ], [ 151.190899479727733, -33.903426338306417 ], [ 151.190900826549267, -33.903362595796196 ], [ 151.191036435430163, -33.903325200223215 ], [ 151.19102035888784, -33.903304070153908 ], [ 151.190773980076585, -33.903362354032538 ], [ 151.19056470000001, -33.9035829 ], [ 151.18979186845371, -33.903764566369226 ], [ 151.188891067951516, -33.903638460746272 ], [ 151.188979366813811, -33.903205588903589 ], [ 151.188350084069441, -33.903354441101804 ], [ 151.187929195772711, -33.903295909300283 ], [ 151.187299952362139, -33.90344580688221 ], [ 151.187275641990141, -33.903414278706791 ], [ 151.187360168548224, -33.903385825170403 ], [ 151.187348696611025, -33.903370343606134 ], [ 151.187259486758677, -33.903358180339126 ], [ 151.187099313546724, -33.903394995859614 ], [ 151.187067453272675, -33.903367474796688 ], [ 151.187109418700345, -33.903337719241534 ], [ 151.187032443244817, -33.903327223913777 ], [ 151.186796610190783, -33.903367405652943 ], [ 151.18676743799972, -33.90332957173031 ], [ 151.186843410439707, -33.903301449753677 ], [ 151.186537747290998, -33.903259772688628 ], [ 151.186543650948266, -33.903230656969605 ], [ 151.186464947255871, -33.903249272266116 ], [ 151.186186795678566, -33.903210944000413 ], [ 151.186119792041467, -33.903225899977059 ], [ 151.186065775027942, -33.903194267593591 ], [ 151.186002442955186, -33.903209246882582 ], [ 151.185996389095124, -33.903239465240915 ], [ 151.185809556385607, -33.903283654624531 ], [ 151.1856838, -33.9038993 ], [ 151.18545416733258, -33.903953611199753 ], [ 151.184696867233555, -33.903837509782505 ], [ 151.18482835381127, -33.903278145844517 ], [ 151.184604524363778, -33.903330191505319 ], [ 151.184579278544163, -33.903302255464595 ], [ 151.184526358889229, -33.903308750176379 ], [ 151.184840392716097, -33.903228668369977 ], [ 151.184607909790259, -33.903272530445555 ], [ 151.184586670188736, -33.903254182659381 ], [ 151.184855371752604, -33.903167107456518 ], [ 151.184535909954604, -33.903230620483278 ], [ 151.184860187302718, -33.903147316465144 ], [ 151.184635482527398, -33.903196199358355 ], [ 151.184614242937897, -33.903177851577183 ], [ 151.184681766135668, -33.903109840284827 ], [ 151.184881976889926, -33.903057765293752 ], [ 151.184574589677283, -33.90313028668384 ], [ 151.184710392462904, -33.903089020581952 ], [ 151.184696703669005, -33.903069309352134 ], [ 151.184506024528275, -33.903108037058125 ], [ 151.184538394858976, -33.903092094686244 ], [ 151.18453341590768, -33.903049113559305 ], [ 151.184364926229676, -33.903076357806746 ], [ 151.184462874737847, -33.903037818956939 ], [ 151.184430938604152, -33.902999409550503 ], [ 151.184461765137343, -33.902962374817868 ], [ 151.18497882135145, -33.902840086249945 ], [ 151.184985777556733, -33.902793272556565 ], [ 151.183676004944687, -33.903136362646279 ], [ 151.183669614102655, -33.903106854079724 ], [ 151.183763616240725, -33.903082496410505 ], [ 151.183727477832491, -33.903057222031883 ], [ 151.183617594645199, -33.903076972624127 ], [ 151.183618654704333, -33.903027002661091 ], [ 151.184386113416537, -33.902865591309272 ], [ 151.184344101529717, -33.902834437655365 ], [ 151.184359446663166, -33.902766042086959 ], [ 151.184148263881099, -33.902814026078588 ], [ 151.184037983191672, -33.902804767105039 ], [ 151.184095309858691, -33.902784335326992 ], [ 151.184108014456342, -33.902728768005268 ], [ 151.184598112364682, -33.902607009524004 ], [ 151.183675760608452, -33.902815435941122 ], [ 151.183587709663783, -33.902799476885491 ], [ 151.183558689756381, -33.902692874598301 ], [ 151.183686980003557, -33.902658281549371 ], [ 151.183695881793113, -33.902623980075759 ], [ 151.183825431073529, -33.902577335556671 ], [ 151.183283464716283, -33.9027049016603 ], [ 151.183266717625514, -33.902725937065668 ], [ 151.183308540143742, -33.902757056833465 ], [ 151.183295618377457, -33.902812921879146 ], [ 151.183335141447031, -33.902877795539865 ], [ 151.183305426352604, -33.902934743159967 ], [ 151.183248031893356, -33.902957884551441 ], [ 151.183283286855868, -33.90310597639737 ], [ 151.183074809068103, -33.90322459592506 ], [ 151.182003189505963, -33.903478021778504 ], [ 151.181775233745071, -33.903459714275357 ], [ 151.181676535476953, -33.903402591493354 ], [ 151.181682580077961, -33.903328096158567 ], [ 151.181552151807267, -33.903355729562449 ], [ 151.181483856194035, -33.903330951015015 ], [ 151.181464642451829, -33.903242224275502 ], [ 151.181518232393898, -33.903199094329516 ], [ 151.182041856760947, -33.903071077777433 ], [ 151.181708292148812, -33.903146660482726 ], [ 151.181694391054208, -33.903105551623042 ], [ 151.181631192456621, -33.903111801634914 ], [ 151.181611514545637, -33.903050124100353 ], [ 151.181509097170363, -33.903036681834095 ], [ 151.181492295194687, -33.903001088581448 ], [ 151.181676159597089, -33.902918318609565 ], [ 151.182222250168621, -33.902775207357884 ], [ 151.18162077427985, -33.902916377172879 ], [ 151.181588916005126, -33.902888854753606 ], [ 151.181609467799632, -33.902864165432867 ], [ 151.182266820077473, -33.902697695352416 ], [ 151.181699233624215, -33.902828354344898 ], [ 151.181600536117855, -33.902771231521939 ], [ 151.181568223230727, -33.90265885321984 ], [ 151.181588409948347, -33.902615714913793 ], [ 151.181507979391483, -33.902584852239691 ], [ 151.181147712719451, -33.902666587062889 ], [ 151.181236529599232, -33.902627288578607 ], [ 151.181212310764607, -33.902604793255314 ], [ 151.180996305195634, -33.902654834453372 ], [ 151.181149405303273, -33.902610343155544 ], [ 151.18107766341052, -33.902581895788089 ], [ 151.181110893696285, -33.902502156006506 ], [ 151.181045849632255, -33.902456265713134 ], [ 151.181107096908022, -33.90236819610255 ], [ 151.181682492171433, -33.902252778555436 ], [ 151.181138417353765, -33.902317618363156 ], [ 151.181091401625082, -33.902299442015057 ], [ 151.181406727012273, -33.90220950031506 ], [ 151.181423941635813, -33.902231802121015 ], [ 151.181556212311392, -33.902209761763629 ], [ 151.18153722354964, -33.902162690622902 ], [ 151.181144630999768, -33.902247128613979 ], [ 151.181560938933103, -33.902133702350859 ], [ 151.181507602056257, -33.902122754069445 ], [ 151.18109475518645, -33.902220384744467 ], [ 151.181073943040218, -33.902202404776794 ], [ 151.182376907806457, -33.901863182635275 ], [ 151.182406516903029, -33.901880319300538 ], [ 151.182402898890558, -33.901961938483744 ], [ 151.182442506004918, -33.90196960970092 ], [ 151.18246377728687, -33.902014513230704 ], [ 151.18239440880302, -33.902084418780845 ], [ 151.182578990374793, -33.90204308524978 ], [ 151.182643143656406, -33.90208021458357 ], [ 151.182628790623681, -33.902141160391366 ], [ 151.182776854439879, -33.902100499293809 ], [ 151.18279540983545, -33.902036366523291 ], [ 151.182731763521701, -33.902036150723596 ], [ 151.182797908124741, -33.902017123737451 ], [ 151.182760303224029, -33.901993571678325 ], [ 151.182809597330873, -33.90197683766948 ], [ 151.182833690456107, -33.901893596595897 ], [ 151.182492126642472, -33.901974374484965 ], [ 151.182464376786385, -33.901950401497857 ], [ 151.182845297637783, -33.901853547631816 ], [ 151.182905855504316, -33.901673626804808 ], [ 151.182707217928368, -33.901719533736781 ], [ 151.182678048117907, -33.901681698913102 ], [ 151.182912322381043, -33.901616141521998 ], [ 151.182917995399123, -33.901596531993 ], [ 151.182860779126486, -33.901586416190653 ], [ 151.182732560676556, -33.901615847641182 ], [ 151.182706012190579, -33.901592912530937 ], [ 151.182940610671295, -33.90152090631971 ], [ 151.182958606061533, -33.901456429379685 ], [ 151.182779937049332, -33.901498149104718 ], [ 151.182765352159862, -33.901479231702332 ], [ 151.182966925680859, -33.901426483854131 ], [ 151.182987315823908, -33.901368732422789 ], [ 151.182833053614615, -33.901365999459721 ], [ 151.182799499999987, -33.901418 ], [ 151.182517295694453, -33.901484740131274 ], [ 151.182403922143436, -33.90153433489791 ], [ 151.182482223020713, -33.90155490678714 ], [ 151.182480369240125, -33.901641091590832 ], [ 151.182076402069555, -33.90173981573016 ], [ 151.182096918535706, -33.901761584720056 ], [ 151.182334715716195, -33.901707426727341 ], [ 151.182072545197457, -33.90180407371156 ], [ 151.182401918384301, -33.901753650582698 ], [ 151.18240124185246, -33.901785521696077 ], [ 151.182285607865367, -33.90181552591563 ], [ 151.182270118647892, -33.901843659219331 ], [ 151.181180978145278, -33.902098102800934 ], [ 151.181033913942883, -33.90211961175077 ], [ 151.180968981424996, -33.902090874590847 ], [ 151.181009541732436, -33.902064757089065 ], [ 151.18091454076631, -33.90208579599355 ], [ 151.180873562309245, -33.902056019541099 ], [ 151.180735356430318, -33.902066632460787 ], [ 151.180752544816386, -33.902000704222267 ], [ 151.181055730528612, -33.901929007244789 ], [ 151.180791543205629, -33.901965405619137 ], [ 151.180801092275374, -33.901928778814337 ], [ 151.181015545849874, -33.901878065051449 ], [ 151.180981661965916, -33.901856679524144 ], [ 151.180875533160304, -33.901880706672124 ], [ 151.180792484077557, -33.901870675148018 ], [ 151.180770606246, -33.901837879973321 ], [ 151.180608857238383, -33.901875594870972 ], [ 151.180594220588119, -33.901856877415788 ], [ 151.180171774107521, -33.901955883416939 ], [ 151.180162352864301, -33.901912373543979 ], [ 151.180480512246589, -33.901824231288437 ], [ 151.180184517484946, -33.90188165413975 ], [ 151.180162565645929, -33.901835149102517 ], [ 151.180392243522135, -33.901765060133691 ], [ 151.180364887237289, -33.901738353379933 ], [ 151.180385439083267, -33.901713664261706 ], [ 151.181666481685369, -33.901442676818228 ], [ 151.181767097626732, -33.901440555456496 ], [ 151.18169894898648, -33.901459976638279 ], [ 151.18167967244969, -33.901503590516192 ], [ 151.18103648867509, -33.901646883264505 ], [ 151.180750757101436, -33.901717583727553 ], [ 151.181722305283671, -33.901517984242687 ], [ 151.181751914125613, -33.901535121058089 ], [ 151.18173361169417, -33.901570195979609 ], [ 151.181359591226482, -33.901658646401472 ], [ 151.18157888977791, -33.901715052968143 ], [ 151.181934919779593, -33.901630856440661 ], [ 151.181936986933152, -33.901600788857721 ], [ 151.181983052240156, -33.901587237195528 ], [ 151.181795873959913, -33.901544016810476 ], [ 151.181816974654822, -33.901471416966451 ], [ 151.182110449590994, -33.901369031623673 ], [ 151.181873376189799, -33.901313017371933 ], [ 151.181926577720731, -33.901154417757368 ], [ 151.182692, -33.9009734 ], [ 151.1828992, -33.901021299999989 ], [ 151.182873507751196, -33.901063001704038 ], [ 151.182908646275337, -33.901086948914568 ], [ 151.183327891489654, -33.900964939717909 ], [ 151.183353040913772, -33.900921971108744 ], [ 151.182957680873841, -33.901013424285118 ], [ 151.182804580892395, -33.90098052333316 ], [ 151.182950711093753, -33.900511300507169 ], [ 151.1828970614703, -33.900494578025899 ], [ 151.18291841346624, -33.900453657048182 ], [ 151.183621816835057, -33.900288547368724 ], [ 151.183658917358628, -33.900320913940256 ], [ 151.183906400000041, -33.90036540000002 ], [ 151.183868, -33.9004887 ], [ 151.18381708411107, -33.900530349662354 ], [ 151.183728994179404, -33.900813393413351 ], [ 151.183929164223713, -33.900767121682648 ], [ 151.184187434876748, -33.900818565800357 ], [ 151.183620695761107, -33.900956665733162 ], [ 151.183642798383119, -33.900961577418514 ], [ 151.184211068668759, -33.900821254786862 ], [ 151.184226910442248, -33.900854812110452 ], [ 151.183928739073821, -33.900927981391852 ], [ 151.184354927435237, -33.900827183302447 ], [ 151.184413104497025, -33.900864858783414 ], [ 151.184702541176421, -33.900800604372684 ], [ 151.184398430364695, -33.900887961736835 ], [ 151.184550527917708, -33.900859332873203 ], [ 151.184559951316714, -33.900902842486737 ], [ 151.184201777477739, -33.900998195825963 ], [ 151.185043966785315, -33.900818178286549 ], [ 151.184808288104847, -33.900866493534615 ], [ 151.184768809089491, -33.900843645407043 ], [ 151.184779015902308, -33.900804487808713 ], [ 151.184894767035871, -33.900772858310503 ], [ 151.184964637574268, -33.900481114810695 ], [ 151.185665927414362, -33.900311523142321 ], [ 151.185716063640257, -33.900334227975989 ], [ 151.18604328699206, -33.900256830563173 ], [ 151.18601403081118, -33.9002165663073 ], [ 151.186030537646417, -33.900184928315248 ], [ 151.186131328799945, -33.900155772689224 ], [ 151.186072996576485, -33.900148423651785 ], [ 151.185694517309116, -33.900237944650499 ], [ 151.185702053786372, -33.900272751804785 ], [ 151.185214765273003, -33.90037120099403 ], [ 151.18522696577466, -33.90034781732728 ], [ 151.185573933808257, -33.900265751220594 ], [ 151.185526164691254, -33.900244151860534 ], [ 151.185550565480952, -33.900197384456099 ], [ 151.185869615083732, -33.900121920697579 ], [ 151.185777756140396, -33.900110724797912 ], [ 151.185782167088803, -33.900085726262589 ], [ 151.184387817228242, -33.900397746557573 ], [ 151.184641338712311, -33.900319489419537 ], [ 151.184617545570632, -33.900315741091752 ], [ 151.184628091951367, -33.900269343707954 ], [ 151.184463845515239, -33.900294640496874 ], [ 151.184375945486607, -33.900282040156753 ], [ 151.184384942371565, -33.90024323886648 ], [ 151.184277545450556, -33.900268639775888 ], [ 151.184187400252483, -33.900232805171491 ], [ 151.183844867653391, -33.900295557828073 ], [ 151.183884981038858, -33.900105306688651 ], [ 151.183261967026539, -33.900252654432869 ], [ 151.183077267028153, -33.900215253364166 ], [ 151.183100483238093, -33.900136320920403 ], [ 151.182784369505612, -33.900228761866565 ], [ 151.182812794846768, -33.900256347579962 ], [ 151.1827587, -33.9003047 ], [ 151.182299450696746, -33.900413311619353 ], [ 151.182122550685733, -33.900379710958539 ], [ 151.182129278400367, -33.900362360833086 ], [ 151.181522174685142, -33.900513948728495 ], [ 151.181481085556527, -33.900506500497826 ], [ 151.181480852627203, -33.900463299162219 ], [ 151.180755907577719, -33.900589090367752 ], [ 151.18077778140065, -33.900540124588815 ], [ 151.182050956500944, -33.90025386685398 ], [ 151.182107040813662, -33.900274215339849 ], [ 151.182096832863635, -33.90031337268185 ], [ 151.182053420757427, -33.900327891743892 ], [ 151.182080333223894, -33.900364610134361 ], [ 151.182133259754181, -33.900352093302907 ], [ 151.182153651188969, -33.900293211092539 ], [ 151.182119351194871, -33.900285210964689 ], [ 151.182128951356191, -33.900257411006265 ], [ 151.182662766604892, -33.900143379252661 ], [ 151.182557244400613, -33.900109333102243 ], [ 151.182564901697191, -33.900085326944271 ], [ 151.182448070760074, -33.900108799515962 ], [ 151.182448777842325, -33.900075486212906 ], [ 151.18328718860522, -33.899870121204479 ], [ 151.182250072442912, -33.900082984653089 ], [ 151.182199548094701, -33.900048562921882 ], [ 151.18194232699841, -33.900109216084317 ], [ 151.182623928957469, -33.899929286352553 ], [ 151.18260609612949, -33.899904693974271 ], [ 151.182418226279424, -33.899948411669293 ], [ 151.182396987956309, -33.89993006353837 ], [ 151.182622347598596, -33.899854831022331 ], [ 151.182367784334616, -33.899913786606589 ], [ 151.182333753744956, -33.899869645901504 ], [ 151.182480063042902, -33.899823199500524 ], [ 151.182441860398342, -33.899768422040076 ], [ 151.182464971648983, -33.899724129574516 ], [ 151.182740241217857, -33.899651586435006 ], [ 151.182431216786853, -33.899706732167751 ], [ 151.182421631473972, -33.899662469231146 ], [ 151.18263917772299, -33.899591433661456 ], [ 151.182562647208357, -33.899609533222822 ], [ 151.182407885359737, -33.899572534889877 ], [ 151.182072254578969, -33.899651910909114 ], [ 151.181984858256584, -33.899631471127151 ], [ 151.181807955520725, -33.899667263985975 ], [ 151.181017493188335, -33.899864920738281 ], [ 151.180987885063701, -33.899847783765637 ], [ 151.181006187393933, -33.899812708943593 ], [ 151.181382128451986, -33.899723803262425 ], [ 151.181382837690848, -33.899703626057402 ], [ 151.180898173494086, -33.899818243277622 ], [ 151.180849100250072, -33.899800437887535 ], [ 151.18087045301948, -33.899759517287066 ], [ 151.181530719995806, -33.899599369807909 ], [ 151.181547923361933, -33.899621684561382 ], [ 151.181451771104406, -33.899646018376927 ], [ 151.181457000659861, -33.899666328651648 ], [ 151.181609878536335, -33.899630174300448 ], [ 151.181585327109815, -33.899575922962654 ], [ 151.181612678112742, -33.899513142741711 ], [ 151.181829867777708, -33.899458602987934 ], [ 151.181843210967543, -33.899427818488455 ], [ 151.181392173393533, -33.899529787482251 ], [ 151.181368415846833, -33.899497598016978 ], [ 151.181181214545603, -33.899512957074698 ], [ 151.181250691918905, -33.899484098285065 ], [ 151.18063435578523, -33.899620611188261 ], [ 151.18056206620048, -33.899609103747963 ], [ 151.180308862057387, -33.899660579013265 ], [ 151.180548022351871, -33.899593773049446 ], [ 151.180489851702646, -33.899598291638917 ], [ 151.180538448493706, -33.89956465511785 ], [ 151.180346439080296, -33.899609170191319 ], [ 151.180337017949597, -33.899565660321507 ], [ 151.181864479196349, -33.899210888627344 ], [ 151.181777642394024, -33.899250077057545 ], [ 151.181786920403937, -33.899278965279272 ], [ 151.182288228736837, -33.899160407103523 ], [ 151.182187149749666, -33.899080531864591 ], [ 151.182218156545076, -33.899052987493668 ], [ 151.182155450072031, -33.899016631753753 ], [ 151.182182960547209, -33.898997417083734 ], [ 151.182120296294983, -33.898995823533639 ], [ 151.181839624528266, -33.899082215020819 ], [ 151.181778217221904, -33.899021555134716 ], [ 151.181447415521035, -33.899107830767882 ], [ 151.181440908572739, -33.899136082515739 ], [ 151.181717907937752, -33.899076836011794 ], [ 151.181755074389429, -33.899108945427415 ], [ 151.181731098453838, -33.899137749715742 ], [ 151.181464074823623, -33.899213558006956 ], [ 151.180698666219769, -33.899394568610148 ], [ 151.180419603776869, -33.89944715221899 ], [ 151.18038934228278, -33.899426996406248 ], [ 151.179674708597901, -33.899613356476593 ], [ 151.180014478640004, -33.899546996539506 ], [ 151.180187225585684, -33.899549729656989 ], [ 151.180240319955118, -33.899595600887039 ], [ 151.180206067699544, -33.899636749413915 ], [ 151.178853081547061, -33.899931583704259 ], [ 151.178905402340803, -33.900072450171542 ], [ 151.179996071820909, -33.899808819537945 ], [ 151.180163926677238, -33.899814567361616 ], [ 151.180666579542986, -33.899695699228822 ], [ 151.180696120550749, -33.899712797497195 ], [ 151.180413836628702, -33.899792772217467 ], [ 151.18054330020874, -33.89982790189157 ], [ 151.180638551451977, -33.899806268363022 ], [ 151.18066509883144, -33.899829203889077 ], [ 151.180578655945226, -33.899866170459454 ], [ 151.180602364196744, -33.899936755640425 ], [ 151.180557322698007, -33.900058583617806 ], [ 151.180432460883225, -33.900107890121078 ], [ 151.180529335078603, -33.900106374875385 ], [ 151.180422071454558, -33.900138350387429 ], [ 151.180458471565998, -33.900194419174731 ], [ 151.180400117014671, -33.900280881785733 ], [ 151.180466657300997, -33.900350531122392 ], [ 151.180480899750279, -33.900416306455874 ], [ 151.180463871843131, -33.90048161977937 ], [ 151.18036398087105, -33.900583718069704 ], [ 151.178424685962852, -33.901017104680044 ], [ 151.178598842464055, -33.901003881923046 ], [ 151.178445904595634, -33.901055418901123 ], [ 151.178494608968492, -33.901155638651211 ], [ 151.178962500000011, -33.901045 ], [ 151.179001124696697, -33.90112168488637 ], [ 151.179457715102302, -33.901013716353724 ], [ 151.179484230850022, -33.900976702030647 ], [ 151.17972487159372, -33.900895342621432 ], [ 151.180383830436739, -33.900739515344327 ], [ 151.180407694541287, -33.900710190663958 ], [ 151.181217310092819, -33.900534310378575 ], [ 151.181228286150343, -33.900557562812168 ], [ 151.181124294465462, -33.900606009313179 ], [ 151.180523209275606, -33.900748155249467 ], [ 151.180526585225039, -33.900799190185758 ], [ 151.180638223508254, -33.900796974450373 ], [ 151.181062668453706, -33.900697314190154 ], [ 151.181070205732652, -33.90073212204851 ], [ 151.180775328023117, -33.90080185554325 ], [ 151.180783127371313, -33.900825989902479 ], [ 151.181045022162664, -33.90076441304798 ], [ 151.180855376767909, -33.900827556088117 ], [ 151.181145048736226, -33.900781184896694 ], [ 151.180880522747771, -33.900877648603583 ], [ 151.180962546148947, -33.900859499978296 ], [ 151.18107400854808, -33.900924862265697 ], [ 151.181210028210018, -33.900897511282182 ], [ 151.181338710743091, -33.900936951744576 ], [ 151.181976594197209, -33.900804377342467 ], [ 151.181892368442078, -33.900861973780628 ], [ 151.181445157364493, -33.900967734206219 ], [ 151.181404929936519, -33.9010186397078 ], [ 151.181589780348389, -33.901003772850466 ], [ 151.181609130752094, -33.901048939754496 ], [ 151.181688949084048, -33.901038466673704 ], [ 151.181616738262562, -33.901068010548478 ], [ 151.181700796411377, -33.901064283176879 ], [ 151.181737258891474, -33.901092907195412 ], [ 151.181907644343994, -33.901062421574252 ], [ 151.181900005555775, -33.901091723105736 ], [ 151.181773631577329, -33.901121609248854 ], [ 151.1817805445273, -33.901146208554366 ], [ 151.18188011956579, -33.901126817895609 ], [ 151.181879412234395, -33.901160131182458 ], [ 151.18149624037045, -33.901253488078417 ], [ 151.181848819532178, -33.90117010736892 ], [ 151.181860700199451, -33.901195275567233 ], [ 151.181477987678534, -33.901285782405871 ], [ 151.181443190274365, -33.901267197472912 ], [ 151.181455224207895, -33.901311581849917 ], [ 151.181760730016833, -33.901257985550735 ], [ 151.181440973507762, -33.901325867840448 ], [ 151.18132200843138, -33.901396302789792 ], [ 151.179739879833193, -33.901765235427192 ], [ 151.179676242346062, -33.901743150983762 ], [ 151.17948621205133, -33.90178563484961 ], [ 151.179667980317163, -33.901735778809311 ], [ 151.179647682162795, -33.901698249203157 ], [ 151.179467838310956, -33.90163736130701 ], [ 151.179488570812225, -33.901566853713874 ], [ 151.179226106228839, -33.901613643109457 ], [ 151.1792395, -33.9017029 ], [ 151.17932519842131, -33.901839860737113 ], [ 151.179553888389989, -33.901786496654296 ], [ 151.179573334005966, -33.901811720334429 ], [ 151.17922208420174, -33.901903434535662 ], [ 151.179452378122477, -33.901867629776298 ], [ 151.178908939486121, -33.902010344075542 ], [ 151.178920944277905, -33.902034486924869 ], [ 151.1793514, -33.9019327 ], [ 151.1794654, -33.9021637 ], [ 151.179415705714746, -33.90218543368065 ], [ 151.179439419521316, -33.902212632219168 ], [ 151.179847023856837, -33.902126055941004 ], [ 151.179839384257178, -33.902155357313539 ], [ 151.179461867840018, -33.902244627484485 ], [ 151.179875453203664, -33.902169117703053 ], [ 151.179863250982038, -33.902192500776366 ], [ 151.179383867356961, -33.902305858989713 ], [ 151.179448799999989, -33.9023533 ], [ 151.179419493138113, -33.902379470713306 ], [ 151.1794735, -33.9023667 ], [ 151.179485554023188, -33.902390543709906 ], [ 151.180138714665787, -33.902234655082879 ], [ 151.179671307845695, -33.902331083488519 ], [ 151.17979193655475, -33.90226942971961 ], [ 151.18022734017876, -33.902155973710997 ], [ 151.180229393092276, -33.902115008121562 ], [ 151.180726627845075, -33.901983687816795 ], [ 151.18062714394415, -33.902023786372482 ], [ 151.180644402072318, -33.902057349340886 ], [ 151.180717193143579, -33.902057301255837 ], [ 151.180703824369914, -33.90210857876977 ], [ 151.180219086791993, -33.902223206708541 ], [ 151.180667531963309, -33.902182208215301 ], [ 151.180659697775894, -33.902272653176674 ], [ 151.180363897256882, -33.902345791608951 ], [ 151.180615133458645, -33.902308756113939 ], [ 151.180549304075299, -33.902332609568703 ], [ 151.180608395763699, -33.902350183471171 ], [ 151.180599159092566, -33.902426167560037 ], [ 151.180491873388206, -33.902455258629871 ], [ 151.180486616201563, -33.902485938839909 ], [ 151.179810387022002, -33.902640653608138 ], [ 151.179766755940847, -33.902618153811652 ], [ 151.179546247457125, -33.902637316453081 ], [ 151.179518046878655, -33.902679705145673 ], [ 151.179654699999986, -33.9026486 ], [ 151.179697539940179, -33.902720857960567 ], [ 151.180032819516526, -33.902642467054925 ], [ 151.180059195396552, -33.902666063095751 ], [ 151.180134403059924, -33.902658087501692 ], [ 151.180126763501733, -33.902687388891323 ], [ 151.179722380408606, -33.902783012420969 ], [ 151.179740563256757, -33.902881811422034 ], [ 151.1798383, -33.902858699999989 ], [ 151.179874357024659, -33.90291242360945 ], [ 151.179931568844609, -33.902894393857309 ], [ 151.179879201756904, -33.902879074000943 ], [ 151.179927319716683, -33.902835100757386 ], [ 151.180477659803131, -33.902706210301162 ], [ 151.180514827283503, -33.902738320109705 ], [ 151.180465313835384, -33.90277316266063 ], [ 151.180490403958743, -33.90281568317144 ], [ 151.180364223111013, -33.902866909748056 ], [ 151.180831998913021, -33.902759146878992 ], [ 151.180940365944309, -33.902791104023471 ], [ 151.180911917303121, -33.90280928282494 ], [ 151.180978369295332, -33.902799149765052 ], [ 151.180951911438996, -33.90282512708486 ], [ 151.181050146238789, -33.902809253387545 ], [ 151.180982356670512, -33.902852382842234 ], [ 151.181323955828162, -33.902790253946804 ], [ 151.180512981481883, -33.903000873791846 ], [ 151.178915321018877, -33.903355883348667 ], [ 151.178836364100476, -33.903310183347251 ], [ 151.178856783792327, -33.903231869360305 ], [ 151.179418562215659, -33.903090526965386 ], [ 151.179357512141763, -33.903001309792629 ], [ 151.178882935551542, -33.903113527973581 ], [ 151.178836736032594, -33.903047027723353 ], [ 151.178861181946303, -33.902983049770313 ], [ 151.178047145402218, -33.903175531693392 ], [ 151.178007545456325, -33.903162731389749 ], [ 151.177756350624861, -33.902651229635474 ], [ 151.178021870155277, -33.902563175364392 ], [ 151.177996739145726, -33.902507722973034 ], [ 151.178222373337519, -33.902430741123467 ], [ 151.17798603930504, -33.902486622916783 ], [ 151.177963939656166, -33.902440422801398 ], [ 151.178311430390181, -33.902308170453672 ], [ 151.178257939324055, -33.902197408163246 ], [ 151.178147527569564, -33.902223515491805 ], [ 151.17812472784658, -33.902169515413696 ], [ 151.178588259396122, -33.902034840467728 ], [ 151.178556052530297, -33.901965849344322 ], [ 151.177873942162137, -33.902124322369787 ], [ 151.177843242715653, -33.902052322211837 ], [ 151.178321685233129, -33.901885438495071 ], [ 151.178084529079456, -33.901941515302475 ], [ 151.177998630029236, -33.901754815004907 ], [ 151.178058208027835, -33.901736145987378 ], [ 151.177943729920145, -33.901763214789241 ], [ 151.177928230102225, -33.901727614735918 ], [ 151.17807833054917, -33.901678115330881 ], [ 151.177905461600233, -33.901702431176666 ], [ 151.177833964137506, -33.901552597374611 ], [ 151.177755230783788, -33.901571214092762 ], [ 151.177680131744637, -33.901384713837217 ], [ 151.177442847180146, -33.901440820053729 ], [ 151.177379148223537, -33.901303919722274 ], [ 151.177910575147621, -33.901142347049024 ], [ 151.177873461616116, -33.901065180347302 ], [ 151.177801706679617, -33.90105204211644 ], [ 151.177938316997853, -33.900983207227867 ], [ 151.177701033704608, -33.901039313987646 ], [ 151.177625727401136, -33.900881609551838 ], [ 151.177370334040518, -33.900912812723817 ], [ 151.177339934344843, -33.900852412617375 ], [ 151.177560452041348, -33.9007821991299 ], [ 151.177115052555763, -33.900877119982063 ], [ 151.177082571272848, -33.900834984566615 ], [ 151.177116825495489, -33.90079383698157 ], [ 151.177436814880338, -33.90071817523625 ], [ 151.17741844592797, -33.900678263996582 ], [ 151.177368335286786, -33.900690112760493 ], [ 151.177350935460566, -33.900655612699559 ], [ 151.177419636086341, -33.900557812986875 ], [ 151.177302635989093, -33.900551612532077 ], [ 151.17728836354965, -33.90051209570634 ], [ 151.176914435276842, -33.900600511009074 ], [ 151.176895635520793, -33.900553210945233 ], [ 151.177354725936198, -33.900394383465752 ], [ 151.176933135896661, -33.900493711103294 ], [ 151.176919136077657, -33.900458611055718 ], [ 151.177498662988455, -33.900299145938348 ], [ 151.177439077200034, -33.900308289816508 ], [ 151.177423577585046, -33.900262589733757 ], [ 151.177714438459617, -33.900193814208691 ], [ 151.177693678764513, -33.900138993734174 ], [ 151.177111314840062, -33.900286209028749 ], [ 151.1771364, -33.900345 ], [ 151.176867170269219, -33.900416634548158 ], [ 151.17686710000001, -33.900485 ], [ 151.17639060671732, -33.900602317988429 ], [ 151.17640372493733, -33.900632823674435 ], [ 151.1767003, -33.9005627 ], [ 151.1767428, -33.9006615 ], [ 151.176637023361081, -33.900692857015187 ], [ 151.1767781, -33.9006595 ], [ 151.176863200000014, -33.9008576 ], [ 151.175882712666123, -33.901147554100177 ], [ 151.175912520135853, -33.901223208448371 ], [ 151.176815800000014, -33.9009987 ], [ 151.1769181, -33.9010128 ], [ 151.1769927, -33.901187 ], [ 151.176681328969238, -33.901269954423739 ], [ 151.1769994, -33.9011971 ], [ 151.1770387, -33.9013292 ], [ 151.176372438332152, -33.901498889051631 ], [ 151.176361460590272, -33.90147315963938 ], [ 151.176210009203231, -33.901508968765519 ], [ 151.176015985375045, -33.901574545080912 ], [ 151.176133722484877, -33.901588503771471 ], [ 151.177051, -33.901348 ], [ 151.177079099999986, -33.9014137 ], [ 151.176792394060328, -33.901492093607537 ], [ 151.176806589656366, -33.901522298098854 ], [ 151.177109300000012, -33.9014593 ], [ 151.1771684, -33.9015974 ], [ 151.176334731248716, -33.901829568246711 ], [ 151.175079486493217, -33.902232238808651 ], [ 151.175266599999986, -33.902188 ], [ 151.175298, -33.9022537 ], [ 151.1752673, -33.9022639 ], [ 151.175491099999988, -33.9027308 ], [ 151.175120851743628, -33.902833077548472 ], [ 151.175127885622487, -33.902871162870987 ], [ 151.175549, -33.9027716 ], [ 151.1756313, -33.902943099999987 ], [ 151.175534900000031, -33.9029903 ], [ 151.1750873, -33.9031362 ], [ 151.174321844318087, -33.903317169247721 ], [ 151.174245045623508, -33.903157368816352 ], [ 151.174613939177618, -33.903038318298172 ], [ 151.174231945868229, -33.903127668743572 ], [ 151.173815253124985, -33.902241366409392 ], [ 151.174241901525676, -33.902123669625915 ], [ 151.174189054761911, -33.90213556879381 ], [ 151.174176784013241, -33.902109911267175 ], [ 151.173845653666802, -33.902187566617897 ], [ 151.173833605628403, -33.902161485875496 ], [ 151.173783353681841, -33.902173366230755 ], [ 151.173726754685731, -33.90205096591437 ], [ 151.175222381339154, -33.901584985251858 ], [ 151.175368762395863, -33.901528776406799 ], [ 151.175340941029987, -33.901469482828169 ], [ 151.174871878853452, -33.901591880320701 ], [ 151.1748845, -33.901627499999989 ], [ 151.1746626, -33.9017286 ], [ 151.17389715627445, -33.901909567031353 ], [ 151.173883438276079, -33.901873597272619 ], [ 151.173739767026802, -33.901907563560911 ], [ 151.173313954562019, -33.902021759613142 ], [ 151.173328, -33.9020641 ], [ 151.17285701073007, -33.902196497202652 ], [ 151.17283063859395, -33.902136020169898 ], [ 151.172859100000011, -33.9022248 ], [ 151.172219399999989, -33.9024343 ], [ 151.17198210941271, -33.902490395467886 ], [ 151.17196596131447, -33.902443337741978 ], [ 151.171927186621019, -33.902452420555086 ], [ 151.171943700000014, -33.9024864 ], [ 151.171728657077807, -33.902558255841981 ], [ 151.171951400000012, -33.902505599999984 ], [ 151.171976199999989, -33.9025566 ], [ 151.17185559948129, -33.902596890013385 ], [ 151.171941445528233, -33.902576596204334 ], [ 151.172069865690162, -33.902534403618333 ], [ 151.172050929191812, -33.902494688209217 ], [ 151.172288930252137, -33.902416489624429 ], [ 151.1737257, -33.9020648 ], [ 151.1737738, -33.9021656 ], [ 151.173631196853734, -33.902212406154398 ], [ 151.173772500000013, -33.902179 ], [ 151.173808900000012, -33.9022551 ], [ 151.173781060986187, -33.902264258501553 ], [ 151.1738198, -33.9022551 ], [ 151.173889300000013, -33.902401 ], [ 151.173227084397467, -33.902604955960655 ], [ 151.1733577, -33.9028762 ], [ 151.1727525, -33.9030749 ], [ 151.172277915543845, -33.903187092417653 ], [ 151.172080315392719, -33.903174291649883 ], [ 151.172046283384304, -33.903108705743549 ], [ 151.171211138696378, -33.903312949689536 ], [ 151.171186639108527, -33.903262449551804 ], [ 151.171718760203817, -33.903112736121344 ], [ 151.171709507637189, -33.903068894878601 ], [ 151.171746123001242, -33.903056662296621 ], [ 151.171052839244084, -33.903220548724008 ], [ 151.171022839741141, -33.903159548555081 ], [ 151.171547673574935, -33.903027908852238 ], [ 151.171519807804174, -33.902971194518614 ], [ 151.170991640258677, -33.903096048379382 ], [ 151.17093114126007, -33.90297314803869 ], [ 151.171685353527266, -33.902784962154726 ], [ 151.171569308277242, -33.90281239463102 ], [ 151.171545808399969, -33.902763894590052 ], [ 151.171710585892413, -33.902708829649868 ], [ 151.170897141823133, -33.902904047847244 ], [ 151.170783943697245, -33.902674047209743 ], [ 151.171897199999989, -33.9023907 ], [ 151.171912606138875, -33.9024224141045 ], [ 151.171955409617794, -33.902412295423403 ], [ 151.171941450973691, -33.902371442794873 ], [ 151.171650447388714, -33.902440152733689 ], [ 151.171618448413824, -33.902320352571166 ], [ 151.17181556773707, -33.902273754144659 ], [ 151.171773783538185, -33.90216614184402 ], [ 151.171332948351193, -33.902269850792329 ], [ 151.171241051059781, -33.901951850317189 ], [ 151.171649741424176, -33.901855237577863 ], [ 151.17123965114402, -33.9019422503115 ], [ 151.171216151724337, -33.90187335018598 ], [ 151.171450448873827, -33.901805337872297 ], [ 151.171196451765383, -33.901864850064868 ], [ 151.170986257310688, -33.90120934895495 ], [ 151.172774554927514, -33.900788197323038 ], [ 151.172759077122009, -33.900741643585214 ], [ 151.171051258071856, -33.901138249386598 ], [ 151.171030658585977, -33.90107724927681 ], [ 151.170937858221862, -33.901098848686345 ], [ 151.170772962201852, -33.900625547802449 ], [ 151.171215753188562, -33.900520873673749 ], [ 151.171209451691027, -33.900502385472876 ], [ 151.170779262414044, -33.900603347849199 ], [ 151.170660931140077, -33.900253223590468 ], [ 151.170109863215828, -33.900380043712516 ], [ 151.170086170539889, -33.900306282817922 ], [ 151.169941663267991, -33.900340442667755 ], [ 151.169961764131926, -33.900248942823715 ], [ 151.170055950107553, -33.900226678325332 ], [ 151.169988864615277, -33.900200943009608 ], [ 151.170018065143097, -33.900148443210185 ], [ 151.170520159065035, -33.900029752504253 ], [ 151.170375931433199, -33.899970485647195 ], [ 151.170471436956689, -33.899806314398035 ], [ 151.170342970247958, -33.899836683094684 ], [ 151.1702855702747, -33.899815282988463 ], [ 151.17023417052576, -33.899712382901505 ], [ 151.170266550270583, -33.899652228111762 ], [ 151.169913932229207, -33.899735583893303 ], [ 151.169819232321458, -33.899700083531251 ], [ 151.169926733520157, -33.899507883988825 ], [ 151.170322984845313, -33.899414213268471 ], [ 151.17032370674778, -33.899367032469705 ], [ 151.170227034520224, -33.899389885183083 ], [ 151.169910634666394, -33.899300183967675 ] ], [ [ 151.210348271238644, -33.899714505751028 ], [ 151.210268307610107, -33.899707881381566 ], [ 151.210068036203324, -33.899753153762781 ], [ 151.210004302953308, -33.899698123096215 ], [ 151.210045388962726, -33.89964873435737 ], [ 151.210495302102998, -33.899542220073698 ], [ 151.210595475831894, -33.899424839449054 ], [ 151.210534343074869, -33.899421722047741 ], [ 151.21061542566116, -33.89940146277678 ], [ 151.210648399811845, -33.89936282451928 ], [ 151.210602303675955, -33.899363928016257 ], [ 151.210605741145088, -33.899336872641754 ], [ 151.210441916424145, -33.899375657668976 ], [ 151.209563816047677, -33.899250153285614 ], [ 151.20966253686592, -33.89875430326974 ], [ 151.209521449960334, -33.898732991991366 ], [ 151.209592688145534, -33.898440909589702 ], [ 151.209164128642584, -33.898380500953387 ], [ 151.208766734211764, -33.898511494433563 ], [ 151.208988468415583, -33.898540718059067 ], [ 151.209261490921079, -33.898480285258557 ], [ 151.209012435009726, -33.898544371049297 ], [ 151.209131644533898, -33.898568756918642 ], [ 151.209121449080982, -33.898607916919595 ], [ 151.209044289957859, -33.898632617345058 ], [ 151.209228005597907, -33.898591265420293 ], [ 151.209291737539189, -33.898646296455404 ], [ 151.209223909972309, -33.898702015712537 ], [ 151.209235815545043, -33.898766965445468 ], [ 151.209099281196728, -33.898804072479827 ], [ 151.209098126413863, -33.898844535265368 ], [ 151.2092043445098, -33.898836979881125 ], [ 151.208983323374724, -33.898895154900018 ], [ 151.209036615658249, -33.898900844748674 ], [ 151.208977997889775, -33.898924637100635 ], [ 151.208969767105685, -33.898970203163671 ], [ 151.209158811814149, -33.898926698130509 ], [ 151.20919336121429, -33.898946683564589 ], [ 151.209172021975633, -33.898987609528781 ], [ 151.208957440341209, -33.899038408596212 ], [ 151.208942444250027, -33.899120249942563 ], [ 151.209172168803519, -33.899097186916372 ], [ 151.209171235697397, -33.899141807153129 ], [ 151.209026894321283, -33.89917969896068 ], [ 151.208990526047586, -33.899226905761985 ], [ 151.209016653234244, -33.899270582939153 ], [ 151.209118210701178, -33.899255896619046 ], [ 151.209143430171309, -33.89930928139583 ], [ 151.208894205712824, -33.899383511115545 ], [ 151.208937307023177, -33.899410758303091 ], [ 151.209067446072083, -33.899381198593652 ], [ 151.209104623294735, -33.899413300088248 ], [ 151.209080656223222, -33.899442109997594 ], [ 151.208929127042865, -33.899477982020542 ], [ 151.208911970184488, -33.899524330132373 ], [ 151.208391687854885, -33.899654947033248 ], [ 151.209052560279218, -33.899515617182054 ], [ 151.209084264667752, -33.899630522189604 ], [ 151.208930677635408, -33.899682111116626 ], [ 151.208931440591613, -33.899753592758209 ], [ 151.209027417184245, -33.899739188305162 ], [ 151.209049834552559, -33.899786641455727 ], [ 151.208897194697727, -33.899850427211 ], [ 151.208989362692137, -33.899836924433011 ], [ 151.209011780062099, -33.899884377589942 ], [ 151.208886387916777, -33.899927599489615 ], [ 151.208880053240563, -33.899955514068097 ], [ 151.209633700000012, -33.8997771 ], [ 151.209787, -33.899894 ], [ 151.209750500000041, -33.8999338 ], [ 151.209417473215211, -33.90001263971795 ], [ 151.209621433103422, -33.900137362780413 ], [ 151.209714494243258, -33.900115331754783 ], [ 151.209748888634721, -33.900042337438009 ], [ 151.210040443060308, -33.899973314993794 ], [ 151.210037976795462, -33.899952095024567 ], [ 151.209873543021587, -33.899966498987212 ], [ 151.20987714524, -33.899855297673803 ], [ 151.210320961113638, -33.899746506710812 ], [ 151.210348271238644, -33.899714505751028 ] ], [ [ 151.210687872553734, -33.889581906388742 ], [ 151.210349097860103, -33.889668038349008 ], [ 151.21069644893376, -33.889585793146722 ], [ 151.210687872553734, -33.889581906388742 ] ], [ [ 151.210817680905762, -33.875099684969143 ], [ 151.210746832743865, -33.875112074725571 ], [ 151.210745615486132, -33.875116752019039 ], [ 151.210817680905762, -33.875099684969143 ] ], [ [ 151.209963319927084, -33.895172549747407 ], [ 151.210158301180854, -33.895205986781413 ], [ 151.210365169460516, -33.895157009020409 ], [ 151.210375146820212, -33.895084659267667 ], [ 151.210204012716957, -33.895098022749188 ], [ 151.210152710722838, -33.895070491063628 ], [ 151.209834860644662, -33.895182491127933 ], [ 151.209963319927084, -33.895172549747407 ] ], [ [ 151.210601731204406, -33.881368097188606 ], [ 151.210650018140313, -33.881371574789974 ], [ 151.210657509412698, -33.881362684154276 ], [ 151.210628181135803, -33.881369146183744 ], [ 151.210601731204406, -33.881368097188606 ] ], [ [ 151.210448447304145, -33.891017551428178 ], [ 151.210452456899333, -33.891010639340521 ], [ 151.210438583033351, -33.891013924300061 ], [ 151.210448447304145, -33.891017551428178 ] ], [ [ 151.21075217003613, -33.875091566258185 ], [ 151.210752006205155, -33.875092195776432 ], [ 151.210753583601644, -33.875091822206393 ], [ 151.21075217003613, -33.875091566258185 ] ], [ [ 151.210090251237432, -33.901826152899588 ], [ 151.21014448767616, -33.901798447845707 ], [ 151.210050265817927, -33.901820753502477 ], [ 151.210090251237432, -33.901826152899588 ] ], [ [ 151.209540268705609, -33.89468175954601 ], [ 151.210088526050527, -33.894572111615467 ], [ 151.210093680247496, -33.894615628940635 ], [ 151.210283337620041, -33.894570725766741 ], [ 151.210275700477723, -33.894513734815604 ], [ 151.210221613745603, -33.894521342682502 ], [ 151.210206408213224, -33.894496275143659 ], [ 151.209533239527246, -33.894651486161095 ], [ 151.209540268705609, -33.89468175954601 ] ], [ [ 151.209780317848896, -33.903471827665946 ], [ 151.209778317618571, -33.903474570998945 ], [ 151.210069766564658, -33.903403306836005 ], [ 151.209780317848896, -33.903471827665946 ] ], [ [ 151.210079309366677, -33.893264520178889 ], [ 151.210250113438093, -33.893231750956907 ], [ 151.210252067009861, -33.893220333610536 ], [ 151.210079309366677, -33.893264520178889 ] ], [ [ 151.21021487007107, -33.893535534893239 ], [ 151.209980292994373, -33.89358289809644 ], [ 151.209894285146845, -33.893580927779475 ], [ 151.209935104860364, -33.893601772589939 ], [ 151.21021487007107, -33.893535534893239 ] ], [ [ 151.210437630507926, -33.881300797183471 ], [ 151.210446412172161, -33.881333071876917 ], [ 151.210461764383382, -33.88132943640678 ], [ 151.210463592736602, -33.881294649213181 ], [ 151.210437630507926, -33.881300797183471 ] ], [ [ 151.210196920716015, -33.89138186412999 ], [ 151.210181068338613, -33.891329192191009 ], [ 151.209919, -33.8914002 ], [ 151.209970165993496, -33.891435552560502 ], [ 151.210196920716015, -33.89138186412999 ] ], [ [ 151.209480221112017, -33.900329347721879 ], [ 151.209361300000012, -33.9004634 ], [ 151.208749005034718, -33.900608348844202 ], [ 151.20863866371883, -33.900540894730298 ], [ 151.208449895233343, -33.900600492169879 ], [ 151.20851298612925, -33.900614353969125 ], [ 151.20852639488362, -33.900671271167624 ], [ 151.209993151528693, -33.900321110898233 ], [ 151.209997874723086, -33.90020679981275 ], [ 151.209480221112017, -33.900329347721879 ] ], [ [ 151.209896389802935, -33.891304119435425 ], [ 151.209899255902741, -33.8913197533941 ], [ 151.209910223878069, -33.891300843976012 ], [ 151.209896389802935, -33.891304119435425 ] ], [ [ 151.209772304907489, -33.897781719445646 ], [ 151.209516274761427, -33.897759899336563 ], [ 151.209435068304373, -33.897779124396116 ], [ 151.209420292962989, -33.897818760659938 ], [ 151.20920256666264, -33.897889705274643 ], [ 151.209413918163079, -33.897840204769295 ], [ 151.209424901685708, -33.897863454936029 ], [ 151.209196688563168, -33.897919077141225 ], [ 151.209190146557603, -33.89795164700439 ], [ 151.20965454261497, -33.897844703298667 ], [ 151.209669992380128, -33.897805941431848 ], [ 151.209772304907489, -33.897781719445646 ] ], [ [ 151.209813783729857, -33.876131793926156 ], [ 151.209822273999777, -33.876163765904366 ], [ 151.210094154242682, -33.876099380131095 ], [ 151.210080070218652, -33.876078542564052 ], [ 151.209813783729857, -33.876131793926156 ] ], [ [ 151.209801568925116, -33.8760406686241 ], [ 151.209817914119441, -33.876104366116408 ], [ 151.210060255382984, -33.876045927692516 ], [ 151.21002954088172, -33.875970269744876 ], [ 151.209801568925116, -33.8760406686241 ] ], [ [ 151.210033746415832, -33.875941293267651 ], [ 151.210037879953319, -33.875917812529721 ], [ 151.209846966761177, -33.875985525874661 ], [ 151.210033746415832, -33.875941293267651 ] ], [ [ 151.210154528247841, -33.870095031839163 ], [ 151.210158118945543, -33.870077477030904 ], [ 151.210156900016955, -33.870077765719323 ], [ 151.210154528247841, -33.870095031839163 ] ], [ [ 151.209585442519653, -33.888224861471507 ], [ 151.20965973754997, -33.888207270269888 ], [ 151.209622033850565, -33.888191694591434 ], [ 151.209585442519653, -33.888224861471507 ] ], [ [ 151.208922798422833, -33.895492202998042 ], [ 151.208926226241118, -33.895526263531927 ], [ 151.208693095129576, -33.895599532502104 ], [ 151.208915296373135, -33.895584441245418 ], [ 151.208777284340471, -33.89561817800238 ], [ 151.208766065661791, -33.895652618537667 ], [ 151.208677875131713, -33.895680728301343 ], [ 151.208748457030993, -33.895688802232094 ], [ 151.20946950127302, -33.895504671029997 ], [ 151.209155589204983, -33.895569633447231 ], [ 151.209126343202769, -33.895531718748643 ], [ 151.209157156500595, -33.895494677355664 ], [ 151.209414078780327, -33.895433851334161 ], [ 151.209392445715906, -33.895414603578104 ], [ 151.209285437530184, -33.895435779530352 ], [ 151.209253620971623, -33.895403068507534 ], [ 151.208922798422833, -33.895492202998042 ] ], [ [ 151.20961594662424, -33.887327241070373 ], [ 151.209642148766648, -33.887227199776163 ], [ 151.209240915603743, -33.887336460950657 ], [ 151.209529115453023, -33.887280610820724 ], [ 151.209555667135561, -33.887303540286801 ], [ 151.209499146457489, -33.887333448934378 ], [ 151.209518725242646, -33.887358966885536 ], [ 151.20961594662424, -33.887327241070373 ] ], [ [ 151.209317378044972, -33.895647380168064 ], [ 151.209320036188615, -33.895658511875425 ], [ 151.209448784668695, -33.895616269776049 ], [ 151.209317378044972, -33.895647380168064 ] ], [ [ 151.209353682312155, -33.895799414037413 ], [ 151.209362003803477, -33.89583426244684 ], [ 151.209410446487055, -33.895822793717244 ], [ 151.209417595520364, -33.895784282678093 ], [ 151.209353682312155, -33.895799414037413 ] ], [ [ 151.208546129127001, -33.896528466644646 ], [ 151.208659076791065, -33.896513770680812 ], [ 151.208542341389602, -33.896548061597031 ], [ 151.209307000075739, -33.896380043463324 ], [ 151.209314813667135, -33.896337953150848 ], [ 151.208546129127001, -33.896528466644646 ] ], [ [ 151.209265590859957, -33.896501768127543 ], [ 151.209280351684669, -33.896523592858216 ], [ 151.209285268012565, -33.89649710965395 ], [ 151.209265590859957, -33.896501768127543 ] ], [ [ 151.209087540840528, -33.898298202948084 ], [ 151.209179776951629, -33.89830624605986 ], [ 151.209191838833618, -33.898249295197139 ], [ 151.209092708989829, -33.898272763046364 ], [ 151.209087540840528, -33.898298202948084 ] ], [ [ 151.209374960639593, -33.882981015919285 ], [ 151.209371100000027, -33.8829699 ], [ 151.209159019514004, -33.883023404914134 ], [ 151.209374960639593, -33.882981015919285 ] ], [ [ 151.208809962281691, -33.894776509551598 ], [ 151.209103524515996, -33.894707009234203 ], [ 151.209101325680024, -33.894704158621174 ], [ 151.208809962281691, -33.894776509551598 ] ], [ [ 151.208897194557721, -33.900115390785864 ], [ 151.208878824971038, -33.900127199973198 ], [ 151.20890579479854, -33.900120815397486 ], [ 151.208897194557721, -33.900115390785864 ] ], [ [ 151.209046928208721, -33.890480328588595 ], [ 151.209056013532461, -33.89048769006488 ], [ 151.209068064468369, -33.890475324310174 ], [ 151.209046928208721, -33.890480328588595 ] ], [ [ 151.20884512634052, -33.900090409920807 ], [ 151.208853682020248, -33.900087945184268 ], [ 151.208844587383965, -33.900090098157946 ], [ 151.20884512634052, -33.900090409920807 ] ], [ [ 151.208842728371678, -33.899985028190144 ], [ 151.208773711592556, -33.900001366531889 ], [ 151.208768692550365, -33.900024124026203 ], [ 151.208818850676352, -33.900012250103721 ], [ 151.208842728371678, -33.899985028190144 ] ], [ [ 151.209032767720799, -33.890530500907545 ], [ 151.209023077484858, -33.890548346996553 ], [ 151.20903520867742, -33.890529922980889 ], [ 151.209032767720799, -33.890530500907545 ] ], [ [ 151.208975842224675, -33.876832465569649 ], [ 151.208983458128074, -33.876857416891454 ], [ 151.209070330387419, -33.876861577616332 ], [ 151.209190509907131, -33.87682803225654 ], [ 151.209171504058929, -33.876781608939098 ], [ 151.208975842224675, -33.876832465569649 ] ], [ [ 151.208908646607171, -33.888090388505461 ], [ 151.208911010571825, -33.888081029730714 ], [ 151.208881096893606, -33.888088112362063 ], [ 151.208908646607171, -33.888090388505461 ] ], [ [ 151.208639597510512, -33.894831854069878 ], [ 151.208639590977157, -33.894831833396545 ], [ 151.208376372975778, -33.894894170853675 ], [ 151.208639597510512, -33.894831854069878 ] ], [ [ 151.208931613056677, -33.876980447290428 ], [ 151.208881215799892, -33.876992381597503 ], [ 151.208944722923576, -33.876997446495409 ], [ 151.208931613056677, -33.876980447290428 ] ], [ [ 151.208411444775862, -33.90072583819267 ], [ 151.208416577759152, -33.900719668217185 ], [ 151.208399736858496, -33.900723654864976 ], [ 151.208411444775862, -33.90072583819267 ] ], [ [ 151.208250570977384, -33.89231082725172 ], [ 151.208506661839834, -33.892261125386611 ], [ 151.208566530531272, -33.892244726722929 ], [ 151.208250570977384, -33.89231082725172 ] ], [ [ 151.208764192813618, -33.882704259810254 ], [ 151.208752600133153, -33.882555915060102 ], [ 151.208338622037502, -33.882640768091257 ], [ 151.207301506643034, -33.882913907575272 ], [ 151.2075106, -33.882864399999981 ], [ 151.2075915, -33.8829085 ], [ 151.207519950327395, -33.882998870510264 ], [ 151.208764192813618, -33.882704259810254 ] ], [ [ 151.208648939341685, -33.883171863355969 ], [ 151.208641222720246, -33.883146011464916 ], [ 151.207411167127901, -33.883437260015988 ], [ 151.207382495761635, -33.883471727497053 ], [ 151.208648939341685, -33.883171863355969 ] ], [ [ 151.208220060958098, -33.892280743496649 ], [ 151.208289048617132, -33.892238153831698 ], [ 151.208176692888514, -33.892264754027465 ], [ 151.208220060958098, -33.892280743496649 ] ], [ [ 151.207974, -33.89295280000001 ], [ 151.207817122390168, -33.892990735159096 ], [ 151.20807270040919, -33.892930228342983 ], [ 151.20807847092604, -33.892901301678911 ], [ 151.20825687331731, -33.892850543414582 ], [ 151.208184771031029, -33.892838847155076 ], [ 151.208008541446304, -33.892880568918443 ], [ 151.207974, -33.89295280000001 ] ], [ [ 151.208253993617944, -33.892666631918466 ], [ 151.208133174099828, -33.892650780572204 ], [ 151.20816277762836, -33.892688227140994 ], [ 151.208253993617944, -33.892666631918466 ] ], [ [ 151.208510107934558, -33.879972090214949 ], [ 151.208508984933673, -33.879972562330977 ], [ 151.208510286558749, -33.87997225411705 ], [ 151.208510107934558, -33.879972090214949 ] ], [ [ 151.208252501024134, -33.876999231888739 ], [ 151.208233439373231, -33.877135926007803 ], [ 151.208555992811881, -33.877059545402297 ], [ 151.208552241015667, -33.877006164701129 ], [ 151.208403976597452, -33.877002894115392 ], [ 151.208387157153908, -33.876967345376592 ], [ 151.208252501024134, -33.876999231888739 ] ], [ [ 151.20737543453339, -33.893581615192403 ], [ 151.207340380254948, -33.893559289212206 ], [ 151.207061843252859, -33.893640767969053 ], [ 151.207336067101807, -33.893583345653724 ], [ 151.207385419753479, -33.893611896905981 ], [ 151.207383553250537, -33.893647770301058 ], [ 151.207574274700534, -33.893574639744315 ], [ 151.208104117909983, -33.893449203447297 ], [ 151.208121023039098, -33.893417836849068 ], [ 151.20737543453339, -33.893581615192403 ] ], [ [ 151.208260213160827, -33.88057008022826 ], [ 151.20837742135538, -33.880511569880944 ], [ 151.208343940198631, -33.880500807352227 ], [ 151.20826098665799, -33.88052044976245 ], [ 151.208260213160827, -33.88057008022826 ] ], [ [ 151.208109974377606, -33.892617632546653 ], [ 151.208063192811153, -33.892628707957059 ], [ 151.208106617727566, -33.892635232602586 ], [ 151.208109974377606, -33.892617632546653 ] ], [ [ 151.20787251329179, -33.892327811657047 ], [ 151.208022675473416, -33.892292261195522 ], [ 151.20800843896356, -33.892277789627116 ], [ 151.20787251329179, -33.892327811657047 ] ], [ [ 151.207974392107275, -33.893353575062108 ], [ 151.207976869279292, -33.893352988606509 ], [ 151.207975912173623, -33.893351747748284 ], [ 151.207974392107275, -33.893353575062108 ] ], [ [ 151.207911944469316, -33.890099025417783 ], [ 151.207798417359953, -33.890097510678693 ], [ 151.207786708813842, -33.89015278388176 ], [ 151.207908042514418, -33.890124057740579 ], [ 151.207911944469316, -33.890099025417783 ] ], [ [ 151.207553363951263, -33.901258968044218 ], [ 151.207530083565217, -33.901225203888835 ], [ 151.207349311807604, -33.901267995087188 ], [ 151.207361029332162, -33.901304496341119 ], [ 151.207553363951263, -33.901258968044218 ] ], [ [ 151.207018498239705, -33.895217081520805 ], [ 151.207609285070049, -33.895085551447089 ], [ 151.207611073122621, -33.895076799820913 ], [ 151.207018498239705, -33.895217081520805 ] ], [ [ 151.20736654955104, -33.893489588542863 ], [ 151.207390728293632, -33.893491752337276 ], [ 151.207556094409796, -33.893452603693326 ], [ 151.20736654955104, -33.893489588542863 ] ], [ [ 151.207400363703329, -33.895865370008018 ], [ 151.207401245503121, -33.8958686571507 ], [ 151.20745247865554, -33.895853032776138 ], [ 151.207400363703329, -33.895865370008018 ] ], [ [ 151.207554789379088, -33.889960175104328 ], [ 151.207565755765501, -33.889866304638211 ], [ 151.207306660811383, -33.88992764546208 ], [ 151.207554789379088, -33.889960175104328 ] ], [ [ 151.207438417682198, -33.895929616258115 ], [ 151.207438642696076, -33.895928263684134 ], [ 151.207418841423731, -33.895934250563847 ], [ 151.207438417682198, -33.895929616258115 ] ], [ [ 151.20736383084926, -33.89901546372802 ], [ 151.207356529985049, -33.899019304851201 ], [ 151.207369391741111, -33.899016260210644 ], [ 151.20736383084926, -33.89901546372802 ] ], [ [ 151.20713370954681, -33.893580235632903 ], [ 151.207369251508112, -33.893506941559359 ], [ 151.207111297899132, -33.893568008711476 ], [ 151.20713370954681, -33.893580235632903 ] ], [ [ 151.207220953384478, -33.900480298366773 ], [ 151.207221094991013, -33.900479486184672 ], [ 151.206915871044316, -33.900552515336088 ], [ 151.207220953384478, -33.900480298366773 ] ], [ [ 151.20719158616285, -33.90057052740142 ], [ 151.207215864955486, -33.900509482961056 ], [ 151.207054662045806, -33.900547641880756 ], [ 151.20719158616285, -33.90057052740142 ] ], [ [ 151.207509938497168, -33.884099919119237 ], [ 151.207547304905972, -33.884091071882395 ], [ 151.207522484572081, -33.884081304880368 ], [ 151.207509938497168, -33.884099919119237 ] ], [ [ 151.207007117551967, -33.901841738084414 ], [ 151.20709148275489, -33.901830522822635 ], [ 151.207104158592529, -33.901818767624526 ], [ 151.207007117551967, -33.901841738084414 ] ], [ [ 151.207217992183018, -33.89282449468066 ], [ 151.207215100000013, -33.8928222 ], [ 151.207093115070791, -33.892851078522959 ], [ 151.207217992183018, -33.89282449468066 ] ], [ [ 151.205462016842887, -33.893907954924458 ], [ 151.206271813479987, -33.893762505931484 ], [ 151.207110989997318, -33.893549428179327 ], [ 151.205462016842887, -33.893907954924458 ] ], [ [ 151.206873328390628, -33.889877206438399 ], [ 151.206895777680302, -33.88987702361333 ], [ 151.206896539526184, -33.889871711304302 ], [ 151.206873328390628, -33.889877206438399 ] ], [ [ 151.206595460455816, -33.893850155802276 ], [ 151.206620617815474, -33.893850198546886 ], [ 151.206672092885327, -33.893832014556779 ], [ 151.206595460455816, -33.893850155802276 ] ], [ [ 151.206600658883161, -33.88782511849481 ], [ 151.206380652304262, -33.887884756072282 ], [ 151.206384591574476, -33.887899540405293 ], [ 151.206590953702602, -33.887850684475431 ], [ 151.206600658883161, -33.88782511849481 ] ], [ [ 151.206182876026844, -33.896198493023405 ], [ 151.205869166175574, -33.896272753678161 ], [ 151.205862599999989, -33.8963083 ], [ 151.205471826323702, -33.896418427212225 ], [ 151.205500058287242, -33.896458670072157 ], [ 151.20562770399755, -33.89642845468417 ], [ 151.205635764120473, -33.896380768316028 ], [ 151.206325035376437, -33.896217606069577 ], [ 151.206182876026844, -33.896198493023405 ] ], [ [ 151.205955025264643, -33.885168920155827 ], [ 151.206547498800546, -33.885028648869081 ], [ 151.206488530242012, -33.884996852675634 ], [ 151.206518088772526, -33.884957288663443 ], [ 151.205814409885051, -33.885107352572518 ], [ 151.205641195027283, -33.885301955647797 ], [ 151.205886958845554, -33.885243770933968 ], [ 151.205955025264643, -33.885168920155827 ] ], [ [ 151.206231771426985, -33.886279967752991 ], [ 151.206226149259464, -33.886286726682478 ], [ 151.206479238619551, -33.886221379256654 ], [ 151.206231771426985, -33.886279967752991 ] ], [ [ 151.206299281103355, -33.893160190658243 ], [ 151.206253485983012, -33.893178182399041 ], [ 151.206318766117448, -33.893162671737677 ], [ 151.206299281103355, -33.893160190658243 ] ], [ [ 151.205921323506942, -33.898417000005146 ], [ 151.205959064865056, -33.89846722868603 ], [ 151.205892933347712, -33.898496420152114 ], [ 151.205884213767007, -33.898549271708269 ], [ 151.2060504, -33.8985106 ], [ 151.20614354915179, -33.898518855911611 ], [ 151.206047880316419, -33.898441424982813 ], [ 151.206058402521194, -33.898384551981096 ], [ 151.205921323506942, -33.898417000005146 ] ], [ [ 151.20532958069299, -33.897577589010169 ], [ 151.205298760413598, -33.897512340090998 ], [ 151.20537123627696, -33.897452120351304 ], [ 151.205473712651383, -33.897427863325149 ], [ 151.205454911365081, -33.897381935171694 ], [ 151.205923442364821, -33.897262618240532 ], [ 151.205933159261178, -33.897209513943196 ], [ 151.205437461199352, -33.897326851291659 ], [ 151.205390501124782, -33.897318348124514 ], [ 151.205380290730432, -33.897285291498434 ], [ 151.204930880817301, -33.897389172600867 ], [ 151.204877759907873, -33.897369910419549 ], [ 151.204861135599373, -33.897307285799464 ], [ 151.204786020252527, -33.897283047689527 ], [ 151.204831510091878, -33.897199505435069 ], [ 151.204406511795128, -33.897300103395523 ], [ 151.204463794491943, -33.897363164779598 ], [ 151.204421579506175, -33.897467818246682 ], [ 151.204440470916552, -33.897505810766681 ], [ 151.204323622944145, -33.897542397736473 ], [ 151.204353380336585, -33.897585276275649 ], [ 151.20433237316351, -33.897621613678808 ], [ 151.204700998658382, -33.897535608556502 ], [ 151.204736531664707, -33.897574015926736 ], [ 151.204859630456241, -33.897546126684077 ], [ 151.204895440076228, -33.897583472051281 ], [ 151.205022199369694, -33.89755453781757 ], [ 151.205115365392999, -33.897588781294935 ], [ 151.205203653255836, -33.897574120211608 ], [ 151.205220464282519, -33.897609710543755 ], [ 151.205154972359992, -33.897642273880088 ], [ 151.205453906553885, -33.897559594908429 ], [ 151.20532958069299, -33.897577589010169 ] ], [ [ 151.205964834699444, -33.895474616451359 ], [ 151.205485779314131, -33.895571394057583 ], [ 151.20544629684602, -33.8955485524422 ], [ 151.205470685479639, -33.895501780658627 ], [ 151.205617602062659, -33.89546700317927 ], [ 151.205524575844521, -33.895061210313713 ], [ 151.205502363959567, -33.894806413455989 ], [ 151.2053645, -33.8955074 ], [ 151.205200664646696, -33.895546182021519 ], [ 151.205172200976079, -33.895594066899648 ], [ 151.204849722481242, -33.895680316403059 ], [ 151.204867528617513, -33.895698576784916 ], [ 151.205162142108492, -33.895644711126209 ], [ 151.205199316254493, -33.895676813718708 ], [ 151.205175349008755, -33.895705622875759 ], [ 151.20476618890234, -33.895809256206917 ], [ 151.204760795613907, -33.895838723115077 ], [ 151.205225230727081, -33.895730213600572 ], [ 151.205264134893326, -33.895780653297976 ], [ 151.205146577085003, -33.895826675257652 ], [ 151.205337282637657, -33.89578218214757 ], [ 151.205333847195334, -33.895624203055917 ], [ 151.205964834699444, -33.895474616451359 ] ], [ [ 151.205508208588441, -33.900380468431543 ], [ 151.20581518227857, -33.900321018142115 ], [ 151.205781689209914, -33.900315735270446 ], [ 151.205508208588441, -33.900380468431543 ] ], [ [ 151.205943510567238, -33.894134225549301 ], [ 151.205922651449725, -33.894106117774122 ], [ 151.205584455473769, -33.89418617618621 ], [ 151.205653423699715, -33.894192946209898 ], [ 151.205576556638164, -33.894225785032262 ], [ 151.205943510567238, -33.894134225549301 ] ], [ [ 151.205804258897956, -33.89961850640141 ], [ 151.205823373656358, -33.899613981844041 ], [ 151.205805700632567, -33.899610327317397 ], [ 151.205804258897956, -33.89961850640141 ] ], [ [ 151.205705268716514, -33.899545365015697 ], [ 151.205706169491009, -33.899537956990621 ], [ 151.205682154781925, -33.899543641371046 ], [ 151.205705268716514, -33.899545365015697 ] ], [ [ 151.205759096297612, -33.89401503699019 ], [ 151.205479027009119, -33.894081335296768 ], [ 151.205763676370651, -33.894020975153516 ], [ 151.205759096297612, -33.89401503699019 ] ], [ [ 151.205323660194921, -33.883649245660081 ], [ 151.20512694104869, -33.883575247517257 ], [ 151.2050241, -33.8837067 ], [ 151.204984154870687, -33.883716156964269 ], [ 151.20467577964385, -33.884126816600592 ], [ 151.205794624106233, -33.883847676660451 ], [ 151.205821206840483, -33.883813704250137 ], [ 151.20561893973246, -33.883861591948502 ], [ 151.205486340920885, -33.88380648815594 ], [ 151.20543893237965, -33.883630324746278 ], [ 151.205323660194921, -33.883649245660081 ] ], [ [ 151.205643531883936, -33.89221976547109 ], [ 151.205463373399709, -33.892258895429649 ], [ 151.205461654150241, -33.89226723996002 ], [ 151.205579816429633, -33.892239267877855 ], [ 151.205643531883936, -33.89221976547109 ] ], [ [ 151.205002558205223, -33.889870751551165 ], [ 151.205679985726135, -33.889939779545109 ], [ 151.205676078877786, -33.889846813176192 ], [ 151.205597967877793, -33.889865304760534 ], [ 151.205407882622239, -33.889805714521458 ], [ 151.205099685155886, -33.889878674534025 ], [ 151.205002558205223, -33.889870751551165 ] ], [ [ 151.20507210455267, -33.899687868235389 ], [ 151.205466963749728, -33.899594405038073 ], [ 151.205451766023089, -33.89959243037795 ], [ 151.20507210455267, -33.899687868235389 ] ], [ [ 151.201405791602696, -33.88791500793586 ], [ 151.201445167486611, -33.887703954348559 ], [ 151.20168240000001, -33.8876478 ], [ 151.201871399999987, -33.8876911 ], [ 151.201861196390979, -33.887725134908202 ], [ 151.2020991, -33.887687 ], [ 151.201854890544752, -33.8877461685192 ], [ 151.2017936, -33.887934199999989 ], [ 151.201610100000011, -33.8880748 ], [ 151.201372866249812, -33.888130954165582 ], [ 151.201377105228431, -33.888011770727076 ], [ 151.2013101, -33.88837 ], [ 151.201231013580355, -33.888388719844336 ], [ 151.201225099999988, -33.8884195 ], [ 151.200945805763524, -33.888485608740069 ], [ 151.2010272, -33.8884709 ], [ 151.201297899999986, -33.8885032 ], [ 151.201259544912261, -33.888686579398318 ], [ 151.201344147802445, -33.88866726731495 ], [ 151.201362365082559, -33.888704823548231 ], [ 151.201219565521484, -33.888763871118201 ], [ 151.201323048207911, -33.888740090231273 ], [ 151.201330266558358, -33.888779549452472 ], [ 151.20069252746805, -33.888943805987843 ], [ 151.200539729119242, -33.888922490065255 ], [ 151.200412898847702, -33.888960558297342 ], [ 151.200412439209401, -33.889037039933115 ], [ 151.200819158027684, -33.888944930323866 ], [ 151.200818458382969, -33.888978244025502 ], [ 151.200474140121145, -33.889059741951378 ], [ 151.2007475, -33.8890024 ], [ 151.200932, -33.8890309 ], [ 151.2009225, -33.8890786 ], [ 151.2008007, -33.8892353 ], [ 151.200554476138905, -33.889293579483471 ], [ 151.200650346654299, -33.889279479142211 ], [ 151.200544509864045, -33.889342899224729 ], [ 151.200634935008679, -33.889322031400724 ], [ 151.200649522000646, -33.889340946782852 ], [ 151.200538571878468, -33.889372284286793 ], [ 151.200495, -33.8895801 ], [ 151.200428494936517, -33.889595841093104 ], [ 151.2004804, -33.8896265 ], [ 151.200300199999987, -33.8898601 ], [ 151.200212776695253, -33.889880791997882 ], [ 151.2002783, -33.8899624 ], [ 151.200109200000043, -33.8901783 ], [ 151.20007012627363, -33.890187548163723 ], [ 151.1999511, -33.8903796 ], [ 151.199603551386161, -33.890461858314964 ], [ 151.199562899999989, -33.8905289 ], [ 151.199450399999989, -33.8905638 ], [ 151.1996858, -33.8906653 ], [ 151.199417716821387, -33.890917171193486 ], [ 151.200005064471327, -33.890778158036404 ], [ 151.200015648570286, -33.890748479922529 ], [ 151.199691212678829, -33.890822948994021 ], [ 151.199622182736391, -33.890763327003739 ], [ 151.199666693985478, -33.890709826275213 ], [ 151.199766068244941, -33.890686306371563 ], [ 151.199797119257425, -33.890618773746439 ], [ 151.200200654801904, -33.890523263772813 ], [ 151.200224649520351, -33.89045638118349 ], [ 151.200472861164656, -33.89039763284822 ], [ 151.20011673661881, -33.890444051813752 ], [ 151.200063621125054, -33.890424787709776 ], [ 151.200048663782979, -33.890355779726939 ], [ 151.200137731692365, -33.890311008478541 ], [ 151.200193462879952, -33.890212916991196 ], [ 151.201158910244288, -33.889984404880849 ], [ 151.201130744674771, -33.889940903969197 ], [ 151.200290446594124, -33.890137654491511 ], [ 151.200226726733547, -33.890082619117806 ], [ 151.200267813358209, -33.890033233601699 ], [ 151.201203469140125, -33.88981177185515 ], [ 151.20101340993773, -33.889788271186148 ], [ 151.201052912871404, -33.889586771670295 ], [ 151.201280134119202, -33.889517049394819 ], [ 151.201269428764874, -33.88946293909612 ], [ 151.201225105792048, -33.889461387293636 ], [ 151.201274605429148, -33.889443060688762 ], [ 151.201313194407334, -33.889369296161568 ], [ 151.201254952346716, -33.889367813176122 ], [ 151.201353597898219, -33.889337592266358 ], [ 151.201144554525456, -33.889371726138229 ], [ 151.201409060529159, -33.889306115679226 ], [ 151.20116385778951, -33.889353570798981 ], [ 151.201395474140838, -33.889288498089421 ], [ 151.201387387217181, -33.889143352379755 ], [ 151.201433073689884, -33.889088435923959 ], [ 151.201537448902826, -33.889043530286287 ], [ 151.201500672607608, -33.888952289239022 ], [ 151.201558418504277, -33.888841547895566 ], [ 151.201854057096568, -33.888752963951916 ], [ 151.201866007148254, -33.888709662833961 ], [ 151.202117089008624, -33.888650230129322 ], [ 151.202141666886604, -33.888573348536497 ], [ 151.20178432797087, -33.888656684405866 ], [ 151.201747158078035, -33.888624580887921 ], [ 151.201771124352973, -33.888595772339777 ], [ 151.202033648781907, -33.888533631213221 ], [ 151.202038701040294, -33.888494406670986 ], [ 151.203498930688539, -33.888174262393413 ], [ 151.203504589888382, -33.888200367503259 ], [ 151.203063149804791, -33.888304864845878 ], [ 151.203041972233564, -33.888350467358876 ], [ 151.203498978945277, -33.888244147902164 ], [ 151.203489290265537, -33.888273886178212 ], [ 151.203609361674268, -33.888335582521542 ], [ 151.20400165820962, -33.888245835226286 ], [ 151.204001134417865, -33.888270820549081 ], [ 151.203574543190371, -33.888383822598144 ], [ 151.203992449298426, -33.88832268929692 ], [ 151.203358266743237, -33.888485472774953 ], [ 151.203874958360984, -33.888403269927082 ], [ 151.203389488426637, -33.888525956846301 ], [ 151.203804882950607, -33.88842886686971 ], [ 151.203398251177845, -33.888543421758698 ], [ 151.203751269219509, -33.888479664525029 ], [ 151.203797993393465, -33.888516019660948 ], [ 151.204365186574478, -33.888377610133958 ], [ 151.204369877924222, -33.888346606707991 ], [ 151.20453387638949, -33.888307783480997 ], [ 151.20453727435725, -33.888267602323907 ], [ 151.205385409989674, -33.888067313695267 ], [ 151.205364268742557, -33.888032256946005 ], [ 151.205284088163381, -33.88805123871834 ], [ 151.205269250538862, -33.888090793791349 ], [ 151.204352365194325, -33.888310103154915 ], [ 151.204317313709822, -33.888297391715959 ], [ 151.204332555581829, -33.888268159429572 ], [ 151.20559734802228, -33.887943419658789 ], [ 151.205613176652037, -33.887904633440201 ], [ 151.204739407850838, -33.888107527705536 ], [ 151.205069515415772, -33.88802023171764 ], [ 151.205033266811512, -33.887979186876159 ], [ 151.204542643980631, -33.88808307164291 ], [ 151.204552181149808, -33.888046442536549 ], [ 151.205680305360261, -33.887740141897908 ], [ 151.205710580650958, -33.887665955382815 ], [ 151.204621481692612, -33.887901777224663 ], [ 151.204633675048058, -33.887878391359678 ], [ 151.205223937291493, -33.887738655592415 ], [ 151.20509259267439, -33.887719339984095 ], [ 151.20510641273637, -33.887649027947106 ], [ 151.204683593548822, -33.887742416068328 ], [ 151.204524305190859, -33.887796920843769 ], [ 151.204452000256396, -33.887857820980294 ], [ 151.202933536667501, -33.888219023504305 ], [ 151.202874843133117, -33.88820839354652 ], [ 151.202861899548736, -33.888167775204678 ], [ 151.202113393495722, -33.888337821118043 ], [ 151.201961637278913, -33.888282783284602 ], [ 151.201900994510595, -33.888154372864349 ], [ 151.201966988556876, -33.888027811056844 ], [ 151.202037943350945, -33.887989752300541 ], [ 151.20264773433442, -33.887845407447834 ], [ 151.202715582299504, -33.887760210965169 ], [ 151.203649051664172, -33.887539239870961 ], [ 151.203528480208576, -33.887547410769727 ], [ 151.203445014476671, -33.887517140948063 ], [ 151.203411659959244, -33.88744651558364 ], [ 151.203447955175733, -33.887376906092456 ], [ 151.203727141830342, -33.887299120902043 ], [ 151.203698742920778, -33.887268559037864 ], [ 151.204443648870694, -33.886760463879931 ], [ 151.204790138666027, -33.886674116644777 ], [ 151.204788916209651, -33.886566526072855 ], [ 151.204680146648968, -33.886491904985959 ], [ 151.204682170719792, -33.886395311832231 ], [ 151.204765498351321, -33.886328203773893 ], [ 151.205087794101729, -33.88624820708683 ], [ 151.205049322014048, -33.886208785952178 ], [ 151.205349878284977, -33.886001967867472 ], [ 151.205301018907136, -33.885936370602444 ], [ 151.205327413829366, -33.885885745051112 ], [ 151.205539087210724, -33.88582712692569 ], [ 151.205556811401976, -33.885708172921333 ], [ 151.205299986275207, -33.885768975265364 ], [ 151.20509688592864, -33.885741671729207 ], [ 151.205125551231049, -33.885616770624644 ], [ 151.2046479, -33.8859593 ], [ 151.203734552713769, -33.886191759605104 ], [ 151.2035905537237, -33.886050858745094 ], [ 151.203679061230503, -33.885988450697631 ], [ 151.203183219730789, -33.886103475078727 ], [ 151.203155619873002, -33.886080974924084 ], [ 151.203350021618547, -33.885912476109908 ], [ 151.204075204400255, -33.885755024004965 ], [ 151.204329159092623, -33.885605763527415 ], [ 151.204686319219604, -33.885521209949502 ], [ 151.204854923100783, -33.885308848153279 ], [ 151.204694828311432, -33.885346749261288 ], [ 151.204705928366565, -33.885328649283942 ], [ 151.205008613725738, -33.885246324710558 ], [ 151.205341833603939, -33.884888288051471 ], [ 151.205686663448233, -33.88480268727605 ], [ 151.205735384728598, -33.884739504477473 ], [ 151.205426468414259, -33.884795570679309 ], [ 151.205394468869827, -33.884738670496304 ], [ 151.205432838586205, -33.884681486662835 ], [ 151.204915067403959, -33.884804067463435 ], [ 151.204863838264174, -33.88477593597549 ], [ 151.204619566596193, -33.884833765597357 ], [ 151.204573266735736, -33.884808965314306 ], [ 151.204677268132372, -33.884675366010228 ], [ 151.205265243204167, -33.884524211916307 ], [ 151.205410002415135, -33.884339214686179 ], [ 151.204319705685151, -33.884565853597188 ], [ 151.203984025434551, -33.885095519292634 ], [ 151.2040079, -33.8851077 ], [ 151.203970170149773, -33.885119958926794 ], [ 151.204005500000022, -33.885135399999989 ], [ 151.203964, -33.8852005 ], [ 151.203734428034579, -33.885254847459713 ], [ 151.203692428061714, -33.885236347382325 ], [ 151.203730406950683, -33.885176719060027 ], [ 151.202728780093167, -33.885398958562696 ], [ 151.202780337421814, -33.885435758127706 ], [ 151.202779324352463, -33.885484054661859 ], [ 151.202638124950937, -33.885573571899556 ], [ 151.202949553731571, -33.885519372538035 ], [ 151.202995543445155, -33.885536485322199 ], [ 151.20307760645079, -33.885433224185448 ], [ 151.2036898, -33.8852883 ], [ 151.2037949, -33.885331 ], [ 151.203811800000011, -33.885375 ], [ 151.2035955, -33.8857424 ], [ 151.203465990520471, -33.885773058697943 ], [ 151.2035143, -33.8857832 ], [ 151.2035057, -33.8858115 ], [ 151.203276126127804, -33.885865846537534 ], [ 151.203223726128954, -33.885854846439834 ], [ 151.20323172795338, -33.88582851512237 ], [ 151.202983303031431, -33.885887323595909 ], [ 151.202903103144848, -33.885855423200908 ], [ 151.20293271332315, -33.885727948191722 ], [ 151.202865509798187, -33.885746444523889 ], [ 151.202904558421693, -33.885793385990056 ], [ 151.202886410969512, -33.885828190669464 ], [ 151.202804976641829, -33.885853315437259 ], [ 151.20286897295631, -33.885922897666468 ], [ 151.202815462255217, -33.885988066876344 ], [ 151.202816448866116, -33.886046043595634 ], [ 151.202758131577525, -33.886143711258029 ], [ 151.202707490291601, -33.886164204397588 ], [ 151.202687446952751, -33.886233362857645 ], [ 151.202611044238779, -33.886259422609861 ], [ 151.20258904213685, -33.886327264832239 ], [ 151.202839399999988, -33.886268 ], [ 151.2028842, -33.886289 ], [ 151.202879700000011, -33.886322299999982 ], [ 151.202415233903338, -33.886440145665922 ], [ 151.202387678667264, -33.886528526209879 ], [ 151.202093884225889, -33.886615019267495 ], [ 151.202133492280609, -33.886657569138393 ], [ 151.202412600000031, -33.886591499999987 ], [ 151.2025462, -33.8866349 ], [ 151.202415300000013, -33.8869026 ], [ 151.20211158969019, -33.886974492622478 ], [ 151.2021933, -33.887000399999977 ], [ 151.202081875105733, -33.887231437289493 ], [ 151.2021662, -33.887254 ], [ 151.2021316, -33.8873277 ], [ 151.202044688668423, -33.887348272923916 ], [ 151.2020303, -33.8873792 ], [ 151.201555836579814, -33.88749150963784 ], [ 151.201495884427146, -33.887483454635294 ], [ 151.201489, -33.8875306 ], [ 151.201433344616021, -33.887570491734294 ], [ 151.201497312158637, -33.887560547854761 ], [ 151.201505307309702, -33.887597432697497 ], [ 151.201243281626205, -33.887662113227243 ], [ 151.201321296983309, -33.887654461065218 ], [ 151.201353156401439, -33.88768197846511 ], [ 151.201239694456916, -33.887732189644844 ], [ 151.201425, -33.8877693 ], [ 151.201395693095037, -33.88782035698992 ], [ 151.201405791602696, -33.88791500793586 ] ], [ [ 151.205403526802883, -33.899454416657065 ], [ 151.205405819029465, -33.89944464543705 ], [ 151.205380229747561, -33.899450702465344 ], [ 151.205403526802883, -33.899454416657065 ] ], [ [ 151.205427294523787, -33.892667331292913 ], [ 151.20551039311124, -33.892669675464106 ], [ 151.205502711401408, -33.892649478293116 ], [ 151.205427294523787, -33.892667331292913 ] ], [ [ 151.2049132, -33.8980622 ], [ 151.2051462, -33.8980708 ], [ 151.205144629158923, -33.898122637827299 ], [ 151.20521806537721, -33.898124077755959 ], [ 151.205308994474251, -33.898102554391613 ], [ 151.205330097937264, -33.898016562056164 ], [ 151.205128147976438, -33.898064364591065 ], [ 151.204873242724716, -33.898045527387566 ], [ 151.204681032973781, -33.898097032377507 ], [ 151.2049132, -33.8980622 ] ], [ [ 151.20486952093944, -33.896409160153652 ], [ 151.204775813262444, -33.896381341655442 ], [ 151.204616331548607, -33.896409736119871 ], [ 151.204591115714663, -33.896356350510906 ], [ 151.205357820616285, -33.896159635412808 ], [ 151.2053139987338, -33.896127029825251 ], [ 151.20511822051688, -33.896173372644171 ], [ 151.205112, -33.8962016 ], [ 151.204584246189683, -33.896326523130753 ], [ 151.20453717718101, -33.896487827697605 ], [ 151.20486952093944, -33.896409160153652 ] ], [ [ 151.20528547921964, -33.893140740438227 ], [ 151.205351260133, -33.893094778265869 ], [ 151.205398333048009, -33.893081508736934 ], [ 151.205293721504688, -33.893096923646432 ], [ 151.20528547921964, -33.893140740438227 ] ], [ [ 151.205361683911292, -33.886833915571231 ], [ 151.20546280218457, -33.886798629777203 ], [ 151.205358185977957, -33.886822508608553 ], [ 151.205361683911292, -33.886833915571231 ] ], [ [ 151.20508895467475, -33.887510296153522 ], [ 151.205424076906866, -33.88738639929317 ], [ 151.204921548034605, -33.887486784972552 ], [ 151.204896565569015, -33.887457832289151 ], [ 151.204272100179992, -33.887611593181809 ], [ 151.204237048989484, -33.887598881728273 ], [ 151.204252290753033, -33.887569649445545 ], [ 151.204864498026723, -33.887424719898476 ], [ 151.204899857535992, -33.887452107797309 ], [ 151.205112893121338, -33.887395745008675 ], [ 151.205116224586021, -33.8873723843314 ], [ 151.205434777622457, -33.887279618325152 ], [ 151.205011905774569, -33.887363235394105 ], [ 151.204987381022306, -33.887332524759344 ], [ 151.204556344973582, -33.887433317533358 ], [ 151.204521801236467, -33.887413330948057 ], [ 151.204543139518279, -33.88737240569516 ], [ 151.205293111491955, -33.887175738977106 ], [ 151.205447911161912, -33.887095834313115 ], [ 151.205323400043852, -33.887087130842019 ], [ 151.20494184724663, -33.887174849846282 ], [ 151.204875079216606, -33.887232554412918 ], [ 151.204498947065332, -33.887321597923638 ], [ 151.204494588081786, -33.887376016036939 ], [ 151.204338104552505, -33.887414123843563 ], [ 151.204324958351719, -33.887485757672785 ], [ 151.204238553353491, -33.887509401854587 ], [ 151.204207768236614, -33.887582877583533 ], [ 151.204142709012274, -33.887608910639251 ], [ 151.204135507844057, -33.887678144039654 ], [ 151.204011753234198, -33.887738200785442 ], [ 151.205019935186726, -33.887473983246295 ], [ 151.205072958036084, -33.88747372901598 ], [ 151.20508895467475, -33.887510296153522 ] ], [ [ 151.205432189328235, -33.88734622874339 ], [ 151.205239158558612, -33.88737126112359 ], [ 151.205238854421907, -33.887412310862395 ], [ 151.205432189328235, -33.88734622874339 ] ], [ [ 151.204978439497495, -33.898972163361833 ], [ 151.20481473937653, -33.898952462339153 ], [ 151.20482615262685, -33.898887361327013 ], [ 151.203981864074905, -33.899092563931951 ], [ 151.204543199800355, -33.898981139177721 ], [ 151.204611499275387, -33.899005905053293 ], [ 151.204636415300371, -33.899072821625971 ], [ 151.205111710691483, -33.898962772796736 ], [ 151.205122867271314, -33.898937977257837 ], [ 151.204978439497495, -33.898972163361833 ] ], [ [ 151.204739149154705, -33.896788128069595 ], [ 151.204823244524732, -33.896825127308091 ], [ 151.205045835863473, -33.896813743417404 ], [ 151.205069445366945, -33.896846116660036 ], [ 151.205165993016664, -33.89682326308386 ], [ 151.205154057776411, -33.896689916482373 ], [ 151.204739149154705, -33.896788128069595 ] ], [ [ 151.205344476702294, -33.886857743814879 ], [ 151.204880118183212, -33.886974057085233 ], [ 151.205344985126317, -33.88685891232673 ], [ 151.205344476702294, -33.886857743814879 ] ], [ [ 151.20523987585247, -33.881949018052865 ], [ 151.205326824954795, -33.881934572819965 ], [ 151.205414762133017, -33.881913753004881 ], [ 151.205298259627455, -33.881887405379445 ], [ 151.20523987585247, -33.881949018052865 ] ], [ [ 151.205232616649312, -33.887236693893435 ], [ 151.205201196467669, -33.8872726815435 ], [ 151.205288135490974, -33.887252099635276 ], [ 151.205244609993656, -33.887257397242905 ], [ 151.205232616649312, -33.887236693893435 ] ], [ [ 151.205251135614589, -33.88679969244663 ], [ 151.205111844625549, -33.886825552968531 ], [ 151.20503204271651, -33.886876694898682 ], [ 151.205143668349507, -33.886850268703384 ], [ 151.20514636592992, -33.886826541288038 ], [ 151.205251135614589, -33.88679969244663 ] ], [ [ 151.205135336317767, -33.886792011531803 ], [ 151.205226616274899, -33.886762259263755 ], [ 151.205131738870534, -33.886788138423007 ], [ 151.205135336317767, -33.886792011531803 ] ], [ [ 151.204937551944198, -33.896012397577259 ], [ 151.20503067017907, -33.895979234727669 ], [ 151.204847204776542, -33.895998077431713 ], [ 151.204937551944198, -33.896012397577259 ] ], [ [ 151.204874895633168, -33.901746102147577 ], [ 151.204819712862957, -33.90177147849495 ], [ 151.204903891992899, -33.901751554163795 ], [ 151.204874895633168, -33.901746102147577 ] ], [ [ 151.205130095657381, -33.887528536544274 ], [ 151.204539755632169, -33.887672460292919 ], [ 151.204480992521269, -33.887672289067027 ], [ 151.204524475774861, -33.887716618007325 ], [ 151.204911147021107, -33.887625079911963 ], [ 151.204928587875969, -33.887647110857358 ], [ 151.20511662592989, -33.887597066413846 ], [ 151.205130095657381, -33.887528536544274 ] ], [ [ 151.205057814444245, -33.887629642609255 ], [ 151.205112180681908, -33.887619682453575 ], [ 151.205112780635602, -33.887616630076479 ], [ 151.205057814444245, -33.887629642609255 ] ], [ [ 151.204660335747207, -33.89596769760179 ], [ 151.20486729965782, -33.895893750314052 ], [ 151.204610705062578, -33.895954488138493 ], [ 151.204660335747207, -33.89596769760179 ] ], [ [ 151.204717904043093, -33.896949582019928 ], [ 151.204808585781052, -33.89691564329339 ], [ 151.204705127593201, -33.896940132288776 ], [ 151.204717904043093, -33.896949582019928 ] ], [ [ 151.204677091142287, -33.902410386138641 ], [ 151.204673124274223, -33.902412226192659 ], [ 151.204676373504554, -33.90241145714549 ], [ 151.204677091142287, -33.902410386138641 ] ], [ [ 151.204493334879373, -33.902623616422019 ], [ 151.204618698964339, -33.902590438305111 ], [ 151.204486006095266, -33.902621844617265 ], [ 151.204493334879373, -33.902623616422019 ] ], [ [ 151.204842952090587, -33.889704823629138 ], [ 151.204720136785227, -33.889727680723134 ], [ 151.204616818871898, -33.889752138818892 ], [ 151.204636356531495, -33.889770165473848 ], [ 151.204842952090587, -33.889704823629138 ] ], [ [ 151.204549753054067, -33.881298268467987 ], [ 151.204626287561297, -33.881284350529604 ], [ 151.204546735188927, -33.881308309624416 ], [ 151.204527907268641, -33.8813709545419 ], [ 151.20480427423206, -33.881323296706569 ], [ 151.204855909646227, -33.881347732016081 ], [ 151.204923764073897, -33.881338000749672 ], [ 151.204929905655945, -33.881314410319746 ], [ 151.204880973860668, -33.881322876609538 ], [ 151.204876176166721, -33.881300745797105 ], [ 151.205002717259987, -33.881248200346221 ], [ 151.204789090492568, -33.881274117668774 ], [ 151.204953370329008, -33.881221474909431 ], [ 151.204910176862086, -33.881198082051966 ], [ 151.204722705052149, -33.881240387922091 ], [ 151.204886211287942, -33.881185102686999 ], [ 151.20477640130926, -33.88112454204547 ], [ 151.204590007982432, -33.881180395214074 ], [ 151.204549753054067, -33.881298268467987 ] ], [ [ 151.204656317879056, -33.896948328331383 ], [ 151.204613192628443, -33.896941191116682 ], [ 151.204613058395665, -33.89695856798614 ], [ 151.204656317879056, -33.896948328331383 ] ], [ [ 151.203987358064211, -33.903457869420485 ], [ 151.203988724650742, -33.903486345082037 ], [ 151.204462878277155, -33.903377964466124 ], [ 151.204069508509804, -33.903465695171526 ], [ 151.203987358064211, -33.903457869420485 ] ], [ [ 151.204675690405594, -33.892540400983343 ], [ 151.204561747600025, -33.892554165869846 ], [ 151.204555278791617, -33.892600805921802 ], [ 151.204639783590835, -33.892580802216095 ], [ 151.204675690405594, -33.892540400983343 ] ], [ [ 151.204532840715558, -33.89503896840268 ], [ 151.204615329406181, -33.895012092096067 ], [ 151.204616261893619, -33.895007348794095 ], [ 151.204540878267807, -33.894997251683499 ], [ 151.204532840715558, -33.89503896840268 ] ], [ [ 151.204550664959129, -33.895341020523119 ], [ 151.204472339368493, -33.895352982624416 ], [ 151.204471011385351, -33.895359875095963 ], [ 151.204550664959129, -33.895341020523119 ] ], [ [ 151.204555057323319, -33.895108217088392 ], [ 151.204549043218492, -33.895100419561956 ], [ 151.204517799354363, -33.895117036353987 ], [ 151.204555057323319, -33.895108217088392 ] ], [ [ 151.204467262674115, -33.896922506866943 ], [ 151.204499875199417, -33.896917471355181 ], [ 151.204500620016717, -33.896914611120224 ], [ 151.204467262674115, -33.896922506866943 ] ], [ [ 151.20464347148706, -33.88771642783464 ], [ 151.20453071383605, -33.887743121214228 ], [ 151.204532068884532, -33.887767102977989 ], [ 151.204641019236618, -33.887741310918159 ], [ 151.20464347148706, -33.88771642783464 ] ], [ [ 151.204537969441901, -33.889884076966737 ], [ 151.204287097273038, -33.889934727411948 ], [ 151.20428527175045, -33.889943896514929 ], [ 151.204537969441901, -33.889884076966737 ] ], [ [ 151.204574007484439, -33.884167610866861 ], [ 151.204376302645016, -33.884477221780543 ], [ 151.204641452183694, -33.884414449703918 ], [ 151.204600774727396, -33.884396497550405 ], [ 151.204556679943806, -33.884277996288553 ], [ 151.20464167104376, -33.884151591928216 ], [ 151.204574007484439, -33.884167610866861 ] ], [ [ 151.20451215052779, -33.889750878941712 ], [ 151.204463157432087, -33.889756639309674 ], [ 151.204445860207727, -33.88976073398883 ], [ 151.20451215052779, -33.889750878941712 ] ], [ [ 151.2037549, -33.8833541 ], [ 151.203767766925637, -33.883389567571875 ], [ 151.203829899999988, -33.8833936 ], [ 151.203782495995227, -33.883468969257358 ], [ 151.204004847971902, -33.883418470048518 ], [ 151.204079799999988, -33.8834307 ], [ 151.2044048, -33.88352 ], [ 151.204356694730194, -33.883595112410191 ], [ 151.204546517226646, -33.883354385750188 ], [ 151.20442333348268, -33.883383548936685 ], [ 151.204294433477372, -33.883359448696019 ], [ 151.2044488700611, -33.88330924674159 ], [ 151.204083064625735, -33.883153230386249 ], [ 151.204059265447455, -33.883102930119136 ], [ 151.204103808495603, -33.883035937614956 ], [ 151.203578439798747, -33.883160313733391 ], [ 151.203524153322462, -33.883228416712036 ], [ 151.203187792293022, -33.883308045419774 ], [ 151.202868785639026, -33.883585186657115 ], [ 151.202912040580401, -33.883595382031345 ], [ 151.202989675350238, -33.88353525576936 ], [ 151.2037549, -33.8833541 ] ], [ [ 151.204142222323725, -33.896909322331709 ], [ 151.204255345669964, -33.896898341008672 ], [ 151.204228863306327, -33.89688881446714 ], [ 151.204142222323725, -33.896909322331709 ] ], [ [ 151.203443359231784, -33.896453759163279 ], [ 151.20310548449109, -33.896552028076343 ], [ 151.203121666537925, -33.896629812978546 ], [ 151.203637475302372, -33.896504653276523 ], [ 151.203671515895735, -33.896548788429506 ], [ 151.203191475052478, -33.896674256282814 ], [ 151.203072445276945, -33.896646171153272 ], [ 151.202413291245222, -33.896802184510278 ], [ 151.202878641722634, -33.89670287629523 ], [ 151.202904200938974, -33.896729621848458 ], [ 151.203002087056461, -33.896721167432261 ], [ 151.202990640296179, -33.896765122093313 ], [ 151.202796248509372, -33.896811132368306 ], [ 151.202813448240533, -33.896847381063239 ], [ 151.20365459451213, -33.896647706055646 ], [ 151.203695684079804, -33.896655146892662 ], [ 151.203694748207141, -33.896699767013132 ], [ 151.203026033921361, -33.896853168854818 ], [ 151.203039040305612, -33.896877216046448 ], [ 151.203136042360086, -33.896858414727056 ], [ 151.203147249043496, -33.89688214178463 ], [ 151.202501335893601, -33.897045166176859 ], [ 151.203780216589337, -33.89675085023886 ], [ 151.203755645309911, -33.896715637650885 ], [ 151.203786461318714, -33.896678597697964 ], [ 151.204174395858644, -33.896586774209744 ], [ 151.204181444460914, -33.896476558814435 ], [ 151.204235027479257, -33.896428252583441 ], [ 151.203990789347017, -33.896414217365994 ], [ 151.203976364842134, -33.896284309462942 ], [ 151.203209797228851, -33.896471590387279 ], [ 151.20317457771651, -33.896465212392258 ], [ 151.203175380118324, -33.896426966584194 ], [ 151.203385651715593, -33.896374007290966 ], [ 151.203380584538593, -33.896355459393895 ], [ 151.203079420688766, -33.896426742647876 ], [ 151.203101786077212, -33.896534250284873 ], [ 151.203443359231784, -33.896453759163279 ] ], [ [ 151.204008079672377, -33.903346578294631 ], [ 151.203955821450364, -33.903358946605785 ], [ 151.203979809114941, -33.903394369922388 ], [ 151.204019587780721, -33.90336630135333 ], [ 151.204008079672377, -33.903346578294631 ] ], [ [ 151.203930469327958, -33.897150469586521 ], [ 151.204126418491029, -33.897137917568365 ], [ 151.204150796470969, -33.897098318733796 ], [ 151.203930469327958, -33.897150469586521 ] ], [ [ 151.204165021818227, -33.894783326767858 ], [ 151.204156569566919, -33.894785327465812 ], [ 151.204164427779943, -33.894786384550507 ], [ 151.204165021818227, -33.894783326767858 ] ], [ [ 151.202905, -33.8732658 ], [ 151.202823742775536, -33.87332001524571 ], [ 151.204608964813758, -33.872897325366509 ], [ 151.204322006563558, -33.872914332091192 ], [ 151.202905, -33.8732658 ] ], [ [ 151.204106224231367, -33.89621328998598 ], [ 151.204046339788874, -33.896206308510926 ], [ 151.204053305015265, -33.896234050140485 ], [ 151.204106224231367, -33.89621328998598 ] ], [ [ 151.204160646192321, -33.891785151911073 ], [ 151.204073346997603, -33.891795113613597 ], [ 151.204070376873432, -33.891806520023927 ], [ 151.204160646192321, -33.891785151911073 ] ], [ [ 151.203126810290996, -33.896321184639575 ], [ 151.20315162080766, -33.896276352498404 ], [ 151.203534290923358, -33.896185776738633 ], [ 151.203590378180564, -33.896206115529758 ], [ 151.203570707585584, -33.896250355756798 ], [ 151.203851685609891, -33.896159107236215 ], [ 151.203702090608232, -33.896130816296903 ], [ 151.203705411199024, -33.896068949976538 ], [ 151.203044417793819, -33.896260513793536 ], [ 151.20306071545528, -33.896336828732068 ], [ 151.203126810290996, -33.896321184639575 ] ], [ [ 151.203788202941894, -33.899095398603642 ], [ 151.203740620982387, -33.89905799812567 ], [ 151.203082292801923, -33.899213814779749 ], [ 151.203089979782533, -33.899243822804692 ], [ 151.203788202941894, -33.899095398603642 ] ], [ [ 151.203362208672843, -33.899042318188052 ], [ 151.20333251080001, -33.899006483016748 ], [ 151.202958187616133, -33.899095079068935 ], [ 151.202955664258951, -33.89912297702238 ], [ 151.203009235456932, -33.899128513787112 ], [ 151.203657742764875, -33.898975021858575 ], [ 151.203362208672843, -33.899042318188052 ] ], [ [ 151.20363887313772, -33.89589430536806 ], [ 151.203450595653493, -33.895899675847872 ], [ 151.203381528138408, -33.895932241087841 ], [ 151.203468879555288, -33.895912457199714 ], [ 151.203495236972998, -33.895934487840073 ], [ 151.20363887313772, -33.89589430536806 ] ], [ [ 151.20322253298437, -33.899628088624603 ], [ 151.203207491149499, -33.899716629290623 ], [ 151.203325114576131, -33.899720095044096 ], [ 151.203352449871801, -33.899652231482357 ], [ 151.203495956177619, -33.899608697427233 ], [ 151.203478070424552, -33.899571187756244 ], [ 151.20322253298437, -33.899628088624603 ] ], [ [ 151.199184301498377, -33.902075698910352 ], [ 151.198478804921365, -33.902214051790722 ], [ 151.198908724056764, -33.902102068771967 ], [ 151.198930961911429, -33.9020652643487 ], [ 151.200709619030732, -33.901647346745264 ], [ 151.200732723141357, -33.901614542093839 ], [ 151.200855442685253, -33.901578216123234 ], [ 151.203463804109447, -33.900939901323362 ], [ 151.203459246016195, -33.900918877894782 ], [ 151.199671079139705, -33.901788809398049 ], [ 151.199519047227426, -33.901831413845279 ], [ 151.199495799344902, -33.901863557371428 ], [ 151.19779255476999, -33.902296472585064 ], [ 151.195160984282779, -33.902903870770729 ], [ 151.19525535578785, -33.902976333857559 ], [ 151.195589626840416, -33.902915308321589 ], [ 151.195500779942051, -33.902946244897471 ], [ 151.195513106194824, -33.902987865534328 ], [ 151.195412945530819, -33.903025100908025 ], [ 151.195406849600516, -33.903076132652473 ], [ 151.19521361278737, -33.903148519267859 ], [ 151.195212673614748, -33.903180513977439 ], [ 151.195506695596521, -33.903107765026775 ], [ 151.195299430061738, -33.903138151839059 ], [ 151.196119989238156, -33.902955856705951 ], [ 151.196157266789641, -33.902921127412704 ], [ 151.196715039628998, -33.902789151548255 ], [ 151.196724530643024, -33.902757492486117 ], [ 151.196810884599842, -33.902733338831652 ], [ 151.196757652884145, -33.902675024366189 ], [ 151.195926052556075, -33.902843546423554 ], [ 151.196383349293853, -33.902698305160065 ], [ 151.197268136280456, -33.902509923440881 ], [ 151.198085023917315, -33.902288767379865 ], [ 151.198133090468048, -33.902305253875582 ], [ 151.198521623892418, -33.902213314930151 ], [ 151.198581580329261, -33.90222557320353 ], [ 151.199184301498377, -33.902075698910352 ] ], [ [ 151.203416974714202, -33.892823982462367 ], [ 151.203526271959674, -33.892791236883909 ], [ 151.203533265343793, -33.892751788927796 ], [ 151.203340508876153, -33.892797415544905 ], [ 151.203267175181509, -33.892788189084499 ], [ 151.203416974714202, -33.892823982462367 ] ], [ [ 151.203104323161739, -33.901739905206327 ], [ 151.203197175202888, -33.901738973908842 ], [ 151.203257021842177, -33.901703765238629 ], [ 151.203104323161739, -33.901739905206327 ] ], [ [ 151.203237583222773, -33.90235465998677 ], [ 151.203238418789368, -33.902346019566025 ], [ 151.203232076472119, -33.902347520624588 ], [ 151.203237583222773, -33.90235465998677 ] ], [ [ 151.202880805437076, -33.898176814241474 ], [ 151.2028856, -33.898197 ], [ 151.20272144479685, -33.898235852744975 ], [ 151.202948945980296, -33.89818626939519 ], [ 151.202994676604959, -33.898235474149999 ], [ 151.203296154231822, -33.898164118601834 ], [ 151.203310344414206, -33.898091153157218 ], [ 151.202880805437076, -33.898176814241474 ] ], [ [ 151.203136335238128, -33.898276558298754 ], [ 151.20329796657154, -33.898248935383045 ], [ 151.203295574110371, -33.898238868610392 ], [ 151.203136335238128, -33.898276558298754 ] ], [ [ 151.2027445788232, -33.898443529253427 ], [ 151.202745294002, -33.898446742609629 ], [ 151.203268246570389, -33.898319585348219 ], [ 151.2027445788232, -33.898443529253427 ] ], [ [ 151.203466413436473, -33.888669815501302 ], [ 151.203379242194302, -33.888673268862405 ], [ 151.203361444038933, -33.888694663747977 ], [ 151.203466413436473, -33.888669815501302 ] ], [ [ 151.203245075105258, -33.898640657066586 ], [ 151.203245821734697, -33.898636080703426 ], [ 151.203243961450994, -33.898635973169114 ], [ 151.203245075105258, -33.898640657066586 ] ], [ [ 151.203130747617678, -33.900867942839994 ], [ 151.203113250144042, -33.90078384253848 ], [ 151.202939108592602, -33.900830824588127 ], [ 151.202954712994767, -33.900864791976382 ], [ 151.203028333145738, -33.900872540488372 ], [ 151.203130747617678, -33.900867942839994 ] ], [ [ 151.203111394551684, -33.894606404873706 ], [ 151.203173500355348, -33.894569428028028 ], [ 151.203181395425503, -33.894527208480888 ], [ 151.203118537909972, -33.894524022234584 ], [ 151.203186869967141, -33.894497932884256 ], [ 151.203195114275388, -33.894453845671556 ], [ 151.203044252723686, -33.894467483006856 ], [ 151.20305154807221, -33.894361171924942 ], [ 151.203222213341206, -33.89430893050546 ], [ 151.203226386229858, -33.894286615484937 ], [ 151.202698048827244, -33.894411671259256 ], [ 151.202647967759901, -33.89465867456201 ], [ 151.202674963695785, -33.894709705964928 ], [ 151.203111394551684, -33.894606404873706 ] ], [ [ 151.203217403523155, -33.891881723698809 ], [ 151.203155128010422, -33.891893396976329 ], [ 151.203154554440943, -33.89189660049545 ], [ 151.203217403523155, -33.891881723698809 ] ], [ [ 151.203070878944544, -33.894879728937092 ], [ 151.203123191562952, -33.89483845737692 ], [ 151.202845092117428, -33.89490303365838 ], [ 151.202807919209732, -33.894870930390745 ], [ 151.20283188698383, -33.894842121709104 ], [ 151.203137951133442, -33.894759529870591 ], [ 151.203143167650893, -33.89473163425513 ], [ 151.203014339621234, -33.894750084419591 ], [ 151.203150651598747, -33.89469161339381 ], [ 151.202714426862769, -33.894784304514836 ], [ 151.202833477775357, -33.895009349625276 ], [ 151.203106024800945, -33.894930257244546 ], [ 151.203117539001283, -33.894868684675423 ], [ 151.203070878944544, -33.894879728937092 ] ], [ [ 151.2014675, -33.8959999 ], [ 151.200673470531996, -33.896187826605662 ], [ 151.200688213815539, -33.896247058424144 ], [ 151.2021461, -33.8959117 ], [ 151.202202199999988, -33.8959554 ], [ 151.202221734957419, -33.896032048633387 ], [ 151.2031237816432, -33.895847288425578 ], [ 151.20293896464301, -33.895823605569596 ], [ 151.202964039325906, -33.895689520947016 ], [ 151.20230559593557, -33.895834477655782 ], [ 151.201952818650142, -33.895788428082604 ], [ 151.201490135621953, -33.895897936418571 ], [ 151.20150240000001, -33.8959468 ], [ 151.2014675, -33.8959999 ] ], [ [ 151.202933818900703, -33.896846870508242 ], [ 151.202991863262696, -33.896833276932419 ], [ 151.203096004237807, -33.896808482972979 ], [ 151.202933818900703, -33.896846870508242 ] ], [ [ 151.20300996687925, -33.90080472755087 ], [ 151.202960632193538, -33.900794968369588 ], [ 151.202907357398914, -33.900807577226324 ], [ 151.202933025438796, -33.900822937753134 ], [ 151.20300996687925, -33.90080472755087 ] ], [ [ 151.20307975479318, -33.897310655321412 ], [ 151.20300259044015, -33.897303708425632 ], [ 151.20301023897494, -33.897274338863411 ], [ 151.2030665818952, -33.897257813691738 ], [ 151.203058753980059, -33.897227517602524 ], [ 151.203012882701017, -33.897233177195446 ], [ 151.202998356019236, -33.89720550866992 ], [ 151.202899636193735, -33.897217439706893 ], [ 151.202866310834764, -33.897182246222535 ], [ 151.202748000169123, -33.897189239778378 ], [ 151.202763244292356, -33.897160007795172 ], [ 151.20295408756337, -33.897113394086695 ], [ 151.202939126782042, -33.897043195490951 ], [ 151.202863020413673, -33.897059425273916 ], [ 151.202813436957115, -33.897029809156827 ], [ 151.202510057565632, -33.89708040816582 ], [ 151.202597225848848, -33.897433328180917 ], [ 151.20307975479318, -33.897310655321412 ] ], [ [ 151.202852824982614, -33.899931143673683 ], [ 151.202994301143576, -33.899916746897375 ], [ 151.202999598734948, -33.899896405464368 ], [ 151.202852824982614, -33.899931143673683 ] ], [ [ 151.202979789698645, -33.895100661217441 ], [ 151.203083515593335, -33.895050625687325 ], [ 151.203090397577256, -33.895013824180488 ], [ 151.202841227410687, -33.89507280141494 ], [ 151.202836967895934, -33.895100147034277 ], [ 151.202979789698645, -33.895100661217441 ] ], [ [ 151.203011520539121, -33.896142525543915 ], [ 151.203024206333765, -33.896142270964511 ], [ 151.203033377337107, -33.896137352223796 ], [ 151.203011520539121, -33.896142525543915 ] ], [ [ 151.202986107950096, -33.89605460647627 ], [ 151.202986288713504, -33.896055231857837 ], [ 151.20298654373147, -33.896055171497252 ], [ 151.202986107950096, -33.89605460647627 ] ], [ [ 151.203146028551885, -33.881441321051973 ], [ 151.20292438999445, -33.881497703150515 ], [ 151.203154294375679, -33.881443275857976 ], [ 151.203146028551885, -33.881441321051973 ] ], [ [ 151.202532249549876, -33.898664600427821 ], [ 151.202713420401807, -33.898637656539023 ], [ 151.202762816487535, -33.898625965419789 ], [ 151.202561610019615, -33.898645504628043 ], [ 151.202532249549876, -33.898664600427821 ] ], [ [ 151.202956017389312, -33.885627621373658 ], [ 151.202939024386779, -33.885631644036501 ], [ 151.202952628656732, -33.885642210292893 ], [ 151.202956017389312, -33.885627621373658 ] ], [ [ 151.200843953514692, -33.898742239349161 ], [ 151.200832294459133, -33.89871703859005 ], [ 151.201214977722458, -33.898626470507295 ], [ 151.201226863853208, -33.89865163702045 ], [ 151.201040831206029, -33.898695664785016 ], [ 151.20133911048265, -33.898650233491033 ], [ 151.201260000718435, -33.898642157649775 ], [ 151.201843229508142, -33.898495279420381 ], [ 151.201598082088964, -33.898572080373597 ], [ 151.202123535411317, -33.898485085995581 ], [ 151.202653689058366, -33.898359609924242 ], [ 151.20265024887189, -33.898339299738737 ], [ 151.202258418847322, -33.89843043254713 ], [ 151.20221127688805, -33.898392170495768 ], [ 151.201999446436332, -33.898441235540105 ], [ 151.201967837568361, -33.898414892676556 ], [ 151.201489431578068, -33.898560041636863 ], [ 151.200461443236634, -33.898796924154205 ], [ 151.200476916973116, -33.898870294852379 ], [ 151.200551517616162, -33.898852639802293 ], [ 151.200566072055238, -33.898808003548282 ], [ 151.200843953514692, -33.898742239349161 ] ], [ [ 151.202632043475745, -33.894324701966703 ], [ 151.202687376455884, -33.894311604968578 ], [ 151.202585719149113, -33.894328758290811 ], [ 151.202632043475745, -33.894324701966703 ] ], [ [ 151.203077146136962, -33.871494355026442 ], [ 151.203062990087886, -33.871388082299042 ], [ 151.202604606481685, -33.871496613420931 ], [ 151.202568165331485, -33.871614865773822 ], [ 151.203077146136962, -33.871494355026442 ] ], [ [ 151.202342219986519, -33.90274400467797 ], [ 151.20217855359212, -33.902798391560225 ], [ 151.201786561128245, -33.902891160860051 ], [ 151.202345507101199, -33.902759166622033 ], [ 151.202342219986519, -33.90274400467797 ] ], [ [ 151.202404120714988, -33.898290569208214 ], [ 151.202146956061171, -33.8983505019321 ], [ 151.20214669724993, -33.898351495685006 ], [ 151.202404120714988, -33.898290569208214 ] ], [ [ 151.200973788195768, -33.884286800411196 ], [ 151.201019730259105, -33.884335162191945 ], [ 151.201126989473096, -33.884325041387122 ], [ 151.200944052831119, -33.88437617283175 ], [ 151.201133304113199, -33.884369348513829 ], [ 151.202571791278984, -33.884028830335581 ], [ 151.202529491338652, -33.884002532100915 ], [ 151.202383669711821, -33.884037051802231 ], [ 151.202365769847233, -33.884018451695674 ], [ 151.202639576836219, -33.883794391484187 ], [ 151.201536489816647, -33.88406218669877 ], [ 151.201478995217144, -33.884135408301745 ], [ 151.200482162632142, -33.884392827161165 ], [ 151.200973788195768, -33.884286800411196 ] ], [ [ 151.202810649274937, -33.870991143835887 ], [ 151.202759317503904, -33.871003297669816 ], [ 151.202602154983907, -33.871019992190405 ], [ 151.202645371410711, -33.871034686272566 ], [ 151.202810649274937, -33.870991143835887 ] ], [ [ 151.202137485711773, -33.901342511846124 ], [ 151.201642400345349, -33.901457834738238 ], [ 151.201532717880781, -33.901488445277344 ], [ 151.201965299025858, -33.901386069154256 ], [ 151.202137485711773, -33.901342511846124 ] ], [ [ 151.202102835593678, -33.898794688606017 ], [ 151.202094257953746, -33.89880024583389 ], [ 151.202103661303795, -33.898798020296582 ], [ 151.202102835593678, -33.898794688606017 ] ], [ [ 151.201852813336473, -33.899595091594868 ], [ 151.202087056255749, -33.899522731337917 ], [ 151.201423148072536, -33.899681703347262 ], [ 151.2017871, -33.8996043 ], [ 151.201858464353137, -33.899637855049797 ], [ 151.201852813336473, -33.899595091594868 ] ], [ [ 151.202442582001339, -33.880911435569558 ], [ 151.201173449521633, -33.881244521426254 ], [ 151.201185352219966, -33.88126600780943 ], [ 151.201472850694984, -33.881197949853359 ], [ 151.201549547047676, -33.881209521950282 ], [ 151.201567575676961, -33.881154506056255 ], [ 151.202258493188538, -33.880985261957917 ], [ 151.202442582001339, -33.880911435569558 ] ], [ [ 151.202008232663246, -33.898838300263577 ], [ 151.201746105763988, -33.898891056413817 ], [ 151.201749011214872, -33.898899650924648 ], [ 151.202008232663246, -33.898838300263577 ] ], [ [ 151.201914663609386, -33.90179204482159 ], [ 151.201296011822535, -33.901922626536113 ], [ 151.20122685607609, -33.901963134778939 ], [ 151.201246273072542, -33.902002421099439 ], [ 151.201512170093906, -33.901939494325951 ], [ 151.201503884207966, -33.901889260594608 ], [ 151.201914663609386, -33.90179204482159 ] ], [ [ 151.202072122612435, -33.890859975461304 ], [ 151.202067713739041, -33.890876648101042 ], [ 151.202101393638799, -33.890853046999617 ], [ 151.202072122612435, -33.890859975461304 ] ], [ [ 151.20203424545312, -33.892690098639065 ], [ 151.20206036065332, -33.892683917325002 ], [ 151.202036039679172, -33.892680805328233 ], [ 151.20203424545312, -33.892690098639065 ] ], [ [ 151.201941122898063, -33.891868879671335 ], [ 151.201991973352079, -33.891869246549831 ], [ 151.202015281015889, -33.89186372971065 ], [ 151.201980891116676, -33.891859466693312 ], [ 151.201941122898063, -33.891868879671335 ] ], [ [ 151.201791228212215, -33.898639143182535 ], [ 151.201750137895516, -33.898631701686668 ], [ 151.201742225057416, -33.89859886002435 ], [ 151.201666553968067, -33.898616769259235 ], [ 151.201685114203457, -33.898670887971427 ], [ 151.201791228212215, -33.898639143182535 ] ], [ [ 151.2017510112357, -33.900084792153621 ], [ 151.201700030937843, -33.900087529520086 ], [ 151.201351206668647, -33.90017008423807 ], [ 151.201407363850507, -33.900200876663774 ], [ 151.201746956617825, -33.900120506606214 ], [ 151.2017510112357, -33.900084792153621 ] ], [ [ 151.200336955688726, -33.902534919198835 ], [ 151.200423788067269, -33.902572374110065 ], [ 151.20130508051983, -33.9023495796635 ], [ 151.201056881161179, -33.902435282444259 ], [ 151.201429499999989, -33.9023471 ], [ 151.201467520754221, -33.902395077057427 ], [ 151.201592760306937, -33.90236390322449 ], [ 151.201553080227939, -33.902372560739217 ], [ 151.201530970156711, -33.90227667926235 ], [ 151.200336955688726, -33.902534919198835 ] ], [ [ 151.201624571540293, -33.89489823031704 ], [ 151.201659523055127, -33.894927193065513 ], [ 151.201713624876447, -33.894914388042352 ], [ 151.201722939908535, -33.894866555133845 ], [ 151.201507820539803, -33.89492586326417 ], [ 151.201624571540293, -33.89489823031704 ] ], [ [ 151.201699947623723, -33.894984620945515 ], [ 151.201706008776313, -33.894953496850015 ], [ 151.201492749781693, -33.895003971590462 ], [ 151.201486747154689, -33.895035081801367 ], [ 151.201699947623723, -33.894984620945515 ] ], [ [ 151.201625152940636, -33.898605398233038 ], [ 151.201628805042787, -33.898592788741837 ], [ 151.201473606702137, -33.898629519647201 ], [ 151.201625152940636, -33.898605398233038 ] ], [ [ 151.201590208092284, -33.895197125361214 ], [ 151.201656630397792, -33.895207054698389 ], [ 151.20166186697557, -33.895180164966078 ], [ 151.201590208092284, -33.895197125361214 ] ], [ [ 151.202154048082349, -33.870376528758314 ], [ 151.202156159334606, -33.870338587234208 ], [ 151.200623049880591, -33.870701565452279 ], [ 151.200279445951338, -33.870725755381088 ], [ 151.200274305933419, -33.870688471460213 ], [ 151.199239308970192, -33.870933501024069 ], [ 151.199407011735929, -33.871312669788509 ], [ 151.200474029639935, -33.871060059017267 ], [ 151.200442044975318, -33.870781860047025 ], [ 151.202154048082349, -33.870376528758314 ] ], [ [ 151.201198193868464, -33.90334678578354 ], [ 151.20119510641689, -33.903323737744266 ], [ 151.201117159220445, -33.903310316091556 ], [ 151.200936751239766, -33.903353009816179 ], [ 151.201034525592632, -33.90343542387091 ], [ 151.201461732833479, -33.903334324104243 ], [ 151.201440524186296, -33.903292555982411 ], [ 151.201198193868464, -33.90334678578354 ] ], [ [ 151.201154514122322, -33.894247961992342 ], [ 151.201192289659701, -33.894197720778756 ], [ 151.201489245952359, -33.894127436221531 ], [ 151.201592984941527, -33.894072723326218 ], [ 151.201488373962064, -33.894057499581066 ], [ 151.201494505280635, -33.894025902421262 ], [ 151.201460697057087, -33.894033904313858 ], [ 151.201446, -33.8941132 ], [ 151.201208749242483, -33.894169353250142 ], [ 151.201021441107201, -33.894145458581498 ], [ 151.2010019, -33.8942511 ], [ 151.200304835624337, -33.894416078819269 ], [ 151.200342698035627, -33.89450713655809 ], [ 151.200619412211353, -33.894441645334211 ], [ 151.200631396938888, -33.894380704676621 ], [ 151.201154514122322, -33.894247961992342 ] ], [ [ 151.201322922824659, -33.903177682906325 ], [ 151.200743807969445, -33.903298487481507 ], [ 151.200726977636691, -33.903318714065627 ], [ 151.201322922824659, -33.903177682906325 ] ], [ [ 151.201630333142504, -33.886909261097763 ], [ 151.201595161433914, -33.88696251439621 ], [ 151.201647322839648, -33.886950167334085 ], [ 151.201630333142504, -33.886909261097763 ] ], [ [ 151.20162209665736, -33.886840557767975 ], [ 151.201614708306977, -33.886842306657833 ], [ 151.201611777152209, -33.886860332455313 ], [ 151.20162209665736, -33.886840557767975 ] ], [ [ 151.20161064605918, -33.886867288364996 ], [ 151.201612698709596, -33.886866802484214 ], [ 151.201611280369747, -33.88686338753029 ], [ 151.20161064605918, -33.886867288364996 ] ], [ [ 151.199465114467529, -33.871722532099653 ], [ 151.199477876280241, -33.871815754472102 ], [ 151.200883847969635, -33.871482897332847 ], [ 151.200880254894315, -33.871452596045998 ], [ 151.201789217401654, -33.871237393387027 ], [ 151.201847665214729, -33.87115846295606 ], [ 151.199465114467529, -33.871722532099653 ] ], [ [ 151.201415614842716, -33.889861930191302 ], [ 151.201414412085427, -33.889861234246759 ], [ 151.201413396220715, -33.889862455333876 ], [ 151.201415614842716, -33.889861930191302 ] ], [ [ 151.200546, -33.89909 ], [ 151.200390168090507, -33.89913999907791 ], [ 151.200552, -33.8991017 ], [ 151.200625326163987, -33.8993572738068 ], [ 151.20071334820264, -33.89933644245545 ], [ 151.200692669616529, -33.899268703950746 ], [ 151.201162054629094, -33.899147901678624 ], [ 151.200739869878419, -33.899231504142008 ], [ 151.200722770146598, -33.899180204085503 ], [ 151.200840911562494, -33.899152244478103 ], [ 151.200709170321772, -33.899146204039212 ], [ 151.200684970688911, -33.899075803958816 ], [ 151.20078587107497, -33.899027304361582 ], [ 151.200619970733072, -33.899054803709618 ], [ 151.200571983397708, -33.898913081886 ], [ 151.200468146874613, -33.898937655907744 ], [ 151.200546, -33.89909 ] ], [ [ 151.199913079408219, -33.895776343899882 ], [ 151.199994727143434, -33.895805192140351 ], [ 151.199913742790756, -33.895862742522759 ], [ 151.199966377461834, -33.895856522774494 ], [ 151.199977836500977, -33.895898543220831 ], [ 151.2005668, -33.8957669 ], [ 151.20058804255649, -33.895850724369033 ], [ 151.201227729716635, -33.895660067438072 ], [ 151.20096088593678, -33.895722331163071 ], [ 151.200854742633538, -33.895709250318198 ], [ 151.200866190314684, -33.89566529587961 ], [ 151.20100572783781, -33.895632270857639 ], [ 151.200974862408913, -33.895628439261586 ], [ 151.200986437395699, -33.895567919950317 ], [ 151.200404650905966, -33.895721594137434 ], [ 151.200392765387164, -33.895696427554554 ], [ 151.2006733565498, -33.895630019689278 ], [ 151.200505091309282, -33.89565464113511 ], [ 151.20047171939234, -33.895636175686661 ], [ 151.200049988458261, -33.895735451151261 ], [ 151.200044329928318, -33.89570934593106 ], [ 151.200179625167948, -33.895677325948697 ], [ 151.200142135842071, -33.895610404495542 ], [ 151.200080017055001, -33.895599797887229 ], [ 151.1999114458946, -33.895639693065498 ], [ 151.199913079408219, -33.895776343899882 ] ], [ [ 151.199548252629086, -33.872329835919842 ], [ 151.201577841444873, -33.871849336441493 ], [ 151.201605425988276, -33.871733181649482 ], [ 151.199533716545517, -33.872223653926305 ], [ 151.199548252629086, -33.872329835919842 ] ], [ [ 151.20081085092707, -33.90182307166463 ], [ 151.200805023752224, -33.901857503630659 ], [ 151.20095673723776, -33.901821599953884 ], [ 151.20094899744538, -33.901790378658092 ], [ 151.20081085092707, -33.90182307166463 ] ], [ [ 151.200760457993397, -33.901673264058466 ], [ 151.200758330754041, -33.901674898598884 ], [ 151.200911125485675, -33.901637607891253 ], [ 151.200760457993397, -33.901673264058466 ] ], [ [ 151.201362267063132, -33.87275707884978 ], [ 151.200781549446248, -33.872819905880689 ], [ 151.200754957130385, -33.87261840543389 ], [ 151.201433522453016, -33.872457038459729 ], [ 151.199505195355783, -33.872913559237276 ], [ 151.19965946036092, -33.873160208047025 ], [ 151.201362267063132, -33.87275707884978 ] ], [ [ 151.200992525655124, -33.89248244625832 ], [ 151.201010581297965, -33.892468894850971 ], [ 151.200967664050296, -33.892479052741521 ], [ 151.200992525655124, -33.89248244625832 ] ], [ [ 151.200890030226191, -33.895909041417433 ], [ 151.200894195442032, -33.895874195011061 ], [ 151.200605768987998, -33.895920673786229 ], [ 151.200619072391532, -33.895973169635781 ], [ 151.200890030226191, -33.895909041417433 ] ], [ [ 151.200872587527925, -33.892455592805945 ], [ 151.200844345533199, -33.892462277245762 ], [ 151.200896157576722, -33.892458671118767 ], [ 151.200872587527925, -33.892455592805945 ] ], [ [ 151.199100334753467, -33.870619283698154 ], [ 151.199109835184061, -33.870640764015242 ], [ 151.201346927375482, -33.870111132957504 ], [ 151.201346997555873, -33.870087386730383 ], [ 151.199100334753467, -33.870619283698154 ] ], [ [ 151.200190562854402, -33.894724345580151 ], [ 151.200239913629588, -33.894752899635641 ], [ 151.200227164940713, -33.894801848598554 ], [ 151.19996767348195, -33.894868578210058 ], [ 151.199958091800795, -33.894918628979418 ], [ 151.200173801417435, -33.894868468880524 ], [ 151.200192102472698, -33.894907220393307 ], [ 151.200033221931392, -33.894947480512229 ], [ 151.200025357187855, -33.894983118512101 ], [ 151.199937755346667, -33.895024858046575 ], [ 151.200157528290191, -33.894973914755013 ], [ 151.200186703873271, -33.89501174565347 ], [ 151.19992653414846, -33.895083472728537 ], [ 151.199921937371784, -33.895107484273481 ], [ 151.20014952289452, -33.895061937973296 ], [ 151.200175515583652, -33.895095641706519 ], [ 151.20013519289131, -33.895131625391926 ], [ 151.200243437652347, -33.895187365496668 ], [ 151.200291940594241, -33.894936955567815 ], [ 151.200798646519758, -33.89481703150205 ], [ 151.200556094708219, -33.89476360430762 ], [ 151.200602098750352, -33.894529681678883 ], [ 151.200218607948358, -33.894619821475786 ], [ 151.200258581835982, -33.894646677178791 ], [ 151.200245833176297, -33.894695626145314 ], [ 151.200004939354386, -33.89476649353098 ], [ 151.200190562854402, -33.894724345580151 ] ], [ [ 151.200767647021763, -33.893546788664338 ], [ 151.200518250777606, -33.893605815500514 ], [ 151.200508324398754, -33.893644366755446 ], [ 151.200731476433504, -33.893610983828552 ], [ 151.200767647021763, -33.893546788664338 ] ], [ [ 151.201084, -33.8784318 ], [ 151.200714174954612, -33.878519348555677 ], [ 151.200727447893655, -33.878542863645613 ], [ 151.201084, -33.8784318 ] ], [ [ 151.200311925261417, -33.89250129942846 ], [ 151.200255794603322, -33.892544333809006 ], [ 151.200765232191742, -33.892441571845879 ], [ 151.200636613016655, -33.892424630605113 ], [ 151.200311925261417, -33.89250129942846 ] ], [ [ 151.200737047195958, -33.893613626391264 ], [ 151.200733172866649, -33.893613183537127 ], [ 151.200734059704047, -33.893614333469721 ], [ 151.200737047195958, -33.893613626391264 ] ], [ [ 151.200519486920541, -33.903431007205633 ], [ 151.200507040932081, -33.90339033362249 ], [ 151.199363788579319, -33.903696909210524 ], [ 151.199366223815048, -33.903703916197095 ], [ 151.200519486920541, -33.903431007205633 ] ], [ [ 151.1996663854394, -33.901153367312389 ], [ 151.200478048681333, -33.900953134924819 ], [ 151.200435854280499, -33.900875246147869 ], [ 151.199704815378681, -33.901033726445938 ], [ 151.199638001556593, -33.901074871079331 ], [ 151.199732319634734, -33.901088338521014 ], [ 151.1996663854394, -33.901153367312389 ] ], [ [ 151.200290869348066, -33.895475283738662 ], [ 151.200386412745786, -33.895454098373229 ], [ 151.200428027156221, -33.895486783715363 ], [ 151.200510062022602, -33.895443008988963 ], [ 151.20046977007263, -33.895430188485719 ], [ 151.200290869348066, -33.895475283738662 ] ], [ [ 151.20035278670349, -33.90008527738226 ], [ 151.200361160932601, -33.900110493306222 ], [ 151.200391918613519, -33.900103214328098 ], [ 151.20035278670349, -33.90008527738226 ] ], [ [ 151.2005191, -33.8920121 ], [ 151.200498893850664, -33.892063251134864 ], [ 151.200526116195903, -33.892065207165764 ], [ 151.200545721137615, -33.89197023239344 ], [ 151.200439943235779, -33.891971275400273 ], [ 151.2005191, -33.8920121 ] ], [ [ 151.200522263956913, -33.892084934995133 ], [ 151.200486701142893, -33.892094116499415 ], [ 151.20047701040474, -33.892118648207607 ], [ 151.200517554623218, -33.892109052106832 ], [ 151.200522263956913, -33.892084934995133 ] ], [ [ 151.200195177701715, -33.900693451736878 ], [ 151.200326098269898, -33.900662469021654 ], [ 151.200322661447473, -33.900651502235846 ], [ 151.200188041253767, -33.900673766961788 ], [ 151.200195177701715, -33.900693451736878 ] ], [ [ 151.200536637316901, -33.888922058745585 ], [ 151.200397363811021, -33.888902949763867 ], [ 151.200293548509535, -33.888943372444452 ], [ 151.200388399597529, -33.888957030537561 ], [ 151.200536637316901, -33.888922058745585 ] ], [ [ 151.200384645462918, -33.891959047236099 ], [ 151.200364229670328, -33.891938516012978 ], [ 151.200315683066492, -33.891950006096508 ], [ 151.200384645462918, -33.891959047236099 ] ], [ [ 151.199904530669897, -33.900534250080767 ], [ 151.20018697219902, -33.900440269249046 ], [ 151.200175838829352, -33.900407918128863 ], [ 151.199916063348866, -33.900466448145785 ], [ 151.199837295096216, -33.900450593708378 ], [ 151.199523259475001, -33.900524909700444 ], [ 151.199446172352111, -33.900503534988204 ], [ 151.199258300887522, -33.900547993884764 ], [ 151.199374696935564, -33.90052601157165 ], [ 151.199398937026302, -33.900557626518811 ], [ 151.199498505410844, -33.900542380107758 ], [ 151.199523339401509, -33.900580537334505 ], [ 151.199679562036351, -33.900545708017056 ], [ 151.199725094811214, -33.900562220396246 ], [ 151.19972348667514, -33.900638711815631 ], [ 151.199574679907897, -33.900683121637975 ], [ 151.199928048414336, -33.900599497539723 ], [ 151.199904530669897, -33.900534250080767 ] ], [ [ 151.200568847262559, -33.879250138580083 ], [ 151.20061951882505, -33.879238143379126 ], [ 151.20061630797133, -33.879212688326888 ], [ 151.200541508067744, -33.879202235042357 ], [ 151.200568847262559, -33.879250138580083 ] ], [ [ 151.20000940767477, -33.89909918340507 ], [ 151.200061181439338, -33.899138904495373 ], [ 151.200193762551777, -33.899107528300775 ], [ 151.200171253155702, -33.899057196411391 ], [ 151.199932701568912, -33.89911365108847 ], [ 151.20000940767477, -33.89909918340507 ] ], [ [ 151.199916351866761, -33.900840175593579 ], [ 151.200045640833167, -33.900809579379775 ], [ 151.200048550258145, -33.900767515605203 ], [ 151.200136942962246, -33.900739355783244 ], [ 151.199812140018793, -33.900820515800291 ], [ 151.1999031, -33.9008066 ], [ 151.199916351866761, -33.900840175593579 ] ], [ [ 151.200462104626467, -33.884124550996262 ], [ 151.199404743076087, -33.884367401294561 ], [ 151.199389998469002, -33.884342315129622 ], [ 151.199262373849109, -33.884372523490732 ], [ 151.199248599086559, -33.884414766348939 ], [ 151.19963531693088, -33.884323231027537 ], [ 151.199705580265231, -33.884342322502114 ], [ 151.199835811052367, -33.884313458751606 ], [ 151.199890090348703, -33.88434486819979 ], [ 151.199860362024936, -33.88440713684723 ], [ 151.199974222688525, -33.884391676425359 ], [ 151.199998610770763, -33.884342557065331 ], [ 151.200074483394246, -33.884316624130022 ], [ 151.200142310381921, -33.884201311416618 ], [ 151.200462104626467, -33.884124550996262 ] ], [ [ 151.200216098624793, -33.895328510092703 ], [ 151.200178782329459, -33.895348523163833 ], [ 151.199970671437825, -33.895397798317063 ], [ 151.200210380234154, -33.895358032653405 ], [ 151.200216098624793, -33.895328510092703 ] ], [ [ 151.200261364016882, -33.892278509732691 ], [ 151.200264876129978, -33.892243689843539 ], [ 151.200170456521164, -33.892266037023717 ], [ 151.200261364016882, -33.892278509732691 ] ], [ [ 151.19989620000004, -33.8919198 ], [ 151.20005194263689, -33.891965733343163 ], [ 151.200248268784122, -33.891919266900047 ], [ 151.19999641145489, -33.891886126888586 ], [ 151.19989620000004, -33.8919198 ] ], [ [ 151.199981367628254, -33.899578403952646 ], [ 151.199961038205117, -33.899552655393634 ], [ 151.199694191698569, -33.899619813163973 ], [ 151.199703173820325, -33.899646385280619 ], [ 151.199981367628254, -33.899578403952646 ] ], [ [ 151.2000065, -33.8889118 ], [ 151.200034030876651, -33.888915609311645 ], [ 151.200196320213905, -33.88887557968993 ], [ 151.200171609440616, -33.888872215541681 ], [ 151.2000065, -33.8889118 ] ], [ [ 151.199928557852047, -33.900093153812399 ], [ 151.19956046942707, -33.90016702851355 ], [ 151.199560651247481, -33.900184584533413 ], [ 151.199928557852047, -33.900093153812399 ] ], [ [ 151.199272526508963, -33.879328150030503 ], [ 151.199315873502485, -33.879349360188165 ], [ 151.200352084438464, -33.879092322016163 ], [ 151.200258568949835, -33.87887756069172 ], [ 151.200145881714718, -33.878905728744307 ], [ 151.200139400000012, -33.8789734 ], [ 151.199939699999987, -33.8790555 ], [ 151.199956500000042, -33.8790845 ], [ 151.199560159683017, -33.879251998304497 ], [ 151.199272526508963, -33.879328150030503 ] ], [ [ 151.199825371797232, -33.897559058290895 ], [ 151.199705858005188, -33.897533321522324 ], [ 151.199477153930388, -33.897569325106879 ], [ 151.199398139386147, -33.897588024333366 ], [ 151.1994247, -33.89768 ], [ 151.198342710286511, -33.897931404757763 ], [ 151.198321895381241, -33.897913427609957 ], [ 151.198389550652422, -33.897892340886607 ], [ 151.198379451816493, -33.897872218230724 ], [ 151.197896562570236, -33.89798649057478 ], [ 151.197894322833491, -33.89804906845545 ], [ 151.197754611900422, -33.898087445317614 ], [ 151.197705018412137, -33.898122380992248 ], [ 151.197716670050539, -33.898154928954227 ], [ 151.19791374899529, -33.898109719191552 ], [ 151.197944103079919, -33.898120727850241 ], [ 151.197955876913227, -33.898144773418707 ], [ 151.197963878559932, -33.89814287990329 ], [ 151.19796943233149, -33.898112374118043 ], [ 151.198565573820929, -33.897961618080451 ], [ 151.198552531763028, -33.897895919450718 ], [ 151.199941468844344, -33.897567222857361 ], [ 151.199914109560581, -33.897538057666033 ], [ 151.199825371797232, -33.897559058290895 ] ], [ [ 151.199200320292618, -33.90186819457864 ], [ 151.199753676001592, -33.901725839189275 ], [ 151.199711575682102, -33.901680639664157 ], [ 151.199568252303948, -33.901713486111184 ], [ 151.199536388470221, -33.90168596815807 ], [ 151.199774251412748, -33.901605327615094 ], [ 151.199758895085694, -33.90157736842891 ], [ 151.199507814881713, -33.901636785123387 ], [ 151.1995581, -33.9017742 ], [ 151.199200320292618, -33.90186819457864 ] ], [ [ 151.19969, -33.8888676 ], [ 151.199668718874136, -33.888923422944373 ], [ 151.20001513113877, -33.888834640128955 ], [ 151.200025826674732, -33.888778158599571 ], [ 151.199664277731017, -33.88886373260506 ], [ 151.19969, -33.8888676 ] ], [ [ 151.199709361624429, -33.901961035643055 ], [ 151.199686954351932, -33.901958177423445 ], [ 151.199427882524532, -33.902019484799588 ], [ 151.199585239915052, -33.901999291157502 ], [ 151.199709361624429, -33.901961035643055 ] ], [ [ 151.199684596378773, -33.901442092879641 ], [ 151.199456336601315, -33.90149610922581 ], [ 151.199479546810608, -33.901559536362406 ], [ 151.199718095721465, -33.901503085141066 ], [ 151.199684596378773, -33.901442092879641 ] ], [ [ 151.199431209502478, -33.901427443651471 ], [ 151.199648330384662, -33.901376063271478 ], [ 151.199574722227737, -33.901378068590965 ], [ 151.199635856512089, -33.901353352028003 ], [ 151.199580153953633, -33.901212828058704 ], [ 151.199372070646973, -33.901265832705434 ], [ 151.199431209502478, -33.901427443651471 ] ], [ [ 151.198861026355956, -33.891303586153235 ], [ 151.198696970258169, -33.891342944850535 ], [ 151.198782881812775, -33.891346506342984 ], [ 151.198546733619992, -33.891423348704741 ], [ 151.198715153918926, -33.891384380782242 ], [ 151.198724583750106, -33.891427889575873 ], [ 151.198238866936293, -33.891542842559751 ], [ 151.198328800000013, -33.8915557 ], [ 151.1983491, -33.8915928 ], [ 151.1982271, -33.8916738 ], [ 151.19795409333841, -33.891750815388669 ], [ 151.197986880452532, -33.891784491055382 ], [ 151.198272930239085, -33.891717507180751 ], [ 151.198287569897786, -33.891748508592414 ], [ 151.198016400111555, -33.891814810687372 ], [ 151.197921761071541, -33.89188745457534 ], [ 151.198081662118994, -33.891806841057431 ], [ 151.198269500000038, -33.8917713 ], [ 151.198310099999986, -33.8918109 ], [ 151.198171106590735, -33.89190902276917 ], [ 151.19821116308529, -33.891899542887771 ], [ 151.198366019069766, -33.891792749270593 ], [ 151.198297503202639, -33.891706340604394 ], [ 151.198209063574467, -33.891723069336038 ], [ 151.198289815712371, -33.891695119540735 ], [ 151.198199842192167, -33.89170761814011 ], [ 151.198291718405585, -33.891685342782999 ], [ 151.198302654714638, -33.891629147839112 ], [ 151.198539899999986, -33.891573 ], [ 151.19916656675278, -33.891661925003561 ], [ 151.199136452295505, -33.891563702238599 ], [ 151.199298582155564, -33.891480228824655 ], [ 151.19921465143446, -33.891449854374791 ], [ 151.199196459234116, -33.891411330882775 ], [ 151.199216641103703, -33.891341800165684 ], [ 151.199274268672724, -33.89132125077272 ], [ 151.19926629829348, -33.891252120617423 ], [ 151.199638479492506, -33.891158718488356 ], [ 151.199658638958994, -33.891090079046478 ], [ 151.199804060870974, -33.891047687124221 ], [ 151.199860301402111, -33.890952318389026 ], [ 151.199443349844699, -33.89104832640686 ], [ 151.199369327231352, -33.891005494930184 ], [ 151.199374746720423, -33.89094854221436 ], [ 151.198861026355956, -33.891303586153235 ] ], [ [ 151.199318269000855, -33.900340784514782 ], [ 151.199323149734681, -33.900439383097691 ], [ 151.199611852921691, -33.900350791318814 ], [ 151.199597653453679, -33.900324815225893 ], [ 151.199443062077904, -33.900361398865108 ], [ 151.199424267474939, -33.90031544066462 ], [ 151.199318269000855, -33.900340784514782 ] ], [ [ 151.199490074670535, -33.89989891720505 ], [ 151.199499343777404, -33.899920720003379 ], [ 151.199487389521522, -33.899886529555829 ], [ 151.199490074670535, -33.89989891720505 ] ], [ [ 151.200117959693785, -33.869229277543049 ], [ 151.200134743274162, -33.869102232261419 ], [ 151.199987354416436, -33.869137126917209 ], [ 151.199768806499748, -33.869311939846433 ], [ 151.200117959693785, -33.869229277543049 ] ], [ [ 151.199473396888038, -33.899863604030351 ], [ 151.199474953347419, -33.89985096074227 ], [ 151.19945833964303, -33.899854892349673 ], [ 151.199473396888038, -33.899863604030351 ] ], [ [ 151.199361093401933, -33.900188555948731 ], [ 151.199418612602074, -33.900174944218584 ], [ 151.199407422551673, -33.900143620559582 ], [ 151.199326088077555, -33.900162868087165 ], [ 151.199361093401933, -33.900188555948731 ] ], [ [ 151.199020418778588, -33.899224338641396 ], [ 151.19935904595593, -33.899127095009746 ], [ 151.199318069514021, -33.899009398644942 ], [ 151.19943209755931, -33.898979574249331 ], [ 151.199194325232952, -33.899035843027299 ], [ 151.199227772811781, -33.899119859792627 ], [ 151.199040544559267, -33.89918954921621 ], [ 151.199020418778588, -33.899224338641396 ] ], [ [ 151.199365187452713, -33.900264136466134 ], [ 151.199399924887985, -33.900255915976913 ], [ 151.199392247397867, -33.900237142268828 ], [ 151.199374879858766, -33.900241252235872 ], [ 151.199365187452713, -33.900264136466134 ] ], [ [ 151.199196372544094, -33.898758077037641 ], [ 151.199331153610899, -33.898738328574979 ], [ 151.199327517105019, -33.898727041648399 ], [ 151.199196372544094, -33.898758077037641 ] ], [ [ 151.199300810229033, -33.898644149201772 ], [ 151.198468867743031, -33.898817851096886 ], [ 151.198359645369862, -33.898778175424724 ], [ 151.198483864917762, -33.898721239579359 ], [ 151.198205325270408, -33.898787153795226 ], [ 151.19817530073496, -33.898839407056848 ], [ 151.198217679490313, -33.898942057484184 ], [ 151.198081875900584, -33.898997850582724 ], [ 151.198378652946332, -33.898915051875242 ], [ 151.198403051071381, -33.898868303129433 ], [ 151.199300810229033, -33.898644149201772 ] ], [ [ 151.199452529718769, -33.890298218866405 ], [ 151.199331570082364, -33.890326847403358 ], [ 151.19926727576339, -33.890428254330857 ], [ 151.199383283873487, -33.890400797819389 ], [ 151.199452529718769, -33.890298218866405 ] ], [ [ 151.199560782502772, -33.883443975479985 ], [ 151.199455637891901, -33.883467985486348 ], [ 151.199477689273152, -33.883510438326851 ], [ 151.199589153145922, -33.883484054655128 ], [ 151.199560782502772, -33.883443975479985 ] ], [ [ 151.19937899044794, -33.893389125609325 ], [ 151.199377466744011, -33.893387353684844 ], [ 151.199369704603185, -33.893400286378082 ], [ 151.19937899044794, -33.893389125609325 ] ], [ [ 151.199377516438204, -33.893459242812177 ], [ 151.199364966615889, -33.893442969371371 ], [ 151.19936492272879, -33.893408253574044 ], [ 151.199325610810121, -33.893473752041174 ], [ 151.199377516438204, -33.893459242812177 ] ], [ [ 151.199180065699949, -33.879412256073145 ], [ 151.198804807975193, -33.879532037046957 ], [ 151.199336590917397, -33.879440476094096 ], [ 151.199618081267175, -33.879342847461366 ], [ 151.199222122196829, -33.879427511402916 ], [ 151.199180065699949, -33.879412256073145 ] ], [ [ 151.199054453742121, -33.898777895353582 ], [ 151.199055059248565, -33.89878068888941 ], [ 151.199086377545655, -33.898773277463505 ], [ 151.199054453742121, -33.898777895353582 ] ], [ [ 151.198321566048577, -33.877888054113434 ], [ 151.198363621643324, -33.877903309710668 ], [ 151.198354097427085, -33.877933685453741 ], [ 151.198884620018333, -33.877760131816892 ], [ 151.199489496619748, -33.877616947145654 ], [ 151.199490768216322, -33.877594806076083 ], [ 151.198321566048577, -33.877888054113434 ] ], [ [ 151.199166269363957, -33.89166360048474 ], [ 151.19915295659527, -33.891676651007757 ], [ 151.199164435157655, -33.891673934353349 ], [ 151.199166269363957, -33.89166360048474 ] ], [ [ 151.199032620787023, -33.896953691037595 ], [ 151.199027318029977, -33.896932190041234 ], [ 151.198724396965275, -33.897003877077658 ], [ 151.198731715805934, -33.897024900958819 ], [ 151.199032620787023, -33.896953691037595 ] ], [ [ 151.197552139586776, -33.899566036575884 ], [ 151.197511485911406, -33.899531988803702 ], [ 151.197048724458, -33.899641492099605 ], [ 151.197044659315452, -33.899689690928241 ], [ 151.197896380977625, -33.899518896593101 ], [ 151.19897358025753, -33.899249053117948 ], [ 151.197552139586776, -33.899566036575884 ] ], [ [ 151.198924608837274, -33.895735880895508 ], [ 151.19884815024642, -33.89575397532186 ], [ 151.198859274413621, -33.895807719782084 ], [ 151.198922996060219, -33.895792639645663 ], [ 151.198924608837274, -33.895735880895508 ] ], [ [ 151.198921643267113, -33.895840248629099 ], [ 151.198922729257959, -33.895802029251961 ], [ 151.198861114687048, -33.895816610734023 ], [ 151.198869242608993, -33.89585264957514 ], [ 151.198921643267113, -33.895840248629099 ] ], [ [ 151.19810285542448, -33.89847797368936 ], [ 151.198072566275869, -33.89855148470798 ], [ 151.198109374643849, -33.898568776926112 ], [ 151.198194255960033, -33.898548690520848 ], [ 151.198204231657172, -33.898495453894689 ], [ 151.198558886298741, -33.898407507022036 ], [ 151.198546897940247, -33.898372894129992 ], [ 151.19810285542448, -33.89847797368936 ] ], [ [ 151.198658813369491, -33.892110052310393 ], [ 151.198678424820883, -33.89209302038401 ], [ 151.198655309773869, -33.892110881493089 ], [ 151.198658813369491, -33.892110052310393 ] ], [ [ 151.198127252398848, -33.898672633227761 ], [ 151.198436656441714, -33.898584352581125 ], [ 151.1984335864868, -33.898575450840525 ], [ 151.198143789832415, -33.898644028930768 ], [ 151.198127252398848, -33.898672633227761 ] ], [ [ 151.198627508952399, -33.876990230806349 ], [ 151.198146635363429, -33.877187071378515 ], [ 151.198351723578611, -33.877146738729849 ], [ 151.198363501619184, -33.877169028114764 ], [ 151.19883368081355, -33.877035456996026 ], [ 151.198838461808151, -33.87697620927851 ], [ 151.198884932798876, -33.876929294535429 ], [ 151.198627508952399, -33.876990230806349 ] ], [ [ 151.197774668384341, -33.89762445029141 ], [ 151.197782148802219, -33.897655431073879 ], [ 151.198331013013728, -33.897515163850933 ], [ 151.198323936483035, -33.897494469633934 ], [ 151.197774668384341, -33.89762445029141 ] ], [ [ 151.198414233722929, -33.892324964555456 ], [ 151.198400454532873, -33.892312560728755 ], [ 151.198366251186087, -33.892336320254209 ], [ 151.198414233722929, -33.892324964555456 ] ], [ [ 151.198360576082962, -33.892156749056916 ], [ 151.198321727878067, -33.892183580835422 ], [ 151.198331778676703, -33.892181202182485 ], [ 151.198360576082962, -33.892156749056916 ] ], [ [ 151.1981331, -33.9017658 ], [ 151.198039243956913, -33.901788009170126 ], [ 151.198061806655858, -33.901806921143439 ], [ 151.198145756751586, -33.901786392218639 ], [ 151.1981331, -33.9017658 ] ], [ [ 151.198247670039649, -33.887349262898077 ], [ 151.198325336200497, -33.887377274406539 ], [ 151.198408289903284, -33.887359078773912 ], [ 151.198313338964624, -33.887333720494098 ], [ 151.198247670039649, -33.887349262898077 ] ], [ [ 151.198095054422055, -33.901631027939473 ], [ 151.198094346890599, -33.901628859887047 ], [ 151.198091927015525, -33.901631767979836 ], [ 151.198095054422055, -33.901631027939473 ] ], [ [ 151.198210855881314, -33.888646681503594 ], [ 151.198353077739057, -33.888613021274594 ], [ 151.198119498746536, -33.888632297150508 ], [ 151.198210855881314, -33.888646681503594 ] ], [ [ 151.198066339380205, -33.898270759203633 ], [ 151.19785770003736, -33.898348450514995 ], [ 151.197798898877949, -33.898384628212867 ], [ 151.197809076469241, -33.898413058367268 ], [ 151.198097473021591, -33.898367330170338 ], [ 151.198066339380205, -33.898270759203633 ] ], [ [ 151.198066447161494, -33.898693524050088 ], [ 151.197921522386764, -33.898727164345736 ], [ 151.197929627173096, -33.898749804136258 ], [ 151.198051008666567, -33.89872108053104 ], [ 151.198066447161494, -33.898693524050088 ] ], [ [ 151.198069288586737, -33.892319381041148 ], [ 151.19808962104247, -33.892336032283687 ], [ 151.198199482707111, -33.892259787671108 ], [ 151.198136866852195, -33.892274606427861 ], [ 151.198069288586737, -33.892319381041148 ] ], [ [ 151.198194276226303, -33.886913610567575 ], [ 151.198047197143438, -33.886931567713674 ], [ 151.198042402992343, -33.886949555637322 ], [ 151.198194276226303, -33.886913610567575 ] ], [ [ 151.198024843894672, -33.888617393489547 ], [ 151.198141769489837, -33.888589720424477 ], [ 151.19800499074276, -33.888614267547553 ], [ 151.198024843894672, -33.888617393489547 ] ], [ [ 151.198339042964648, -33.87793987614598 ], [ 151.198020470795768, -33.878043102177394 ], [ 151.197946027564342, -33.878097223774304 ], [ 151.198163999322048, -33.878045628551853 ], [ 151.198209373137132, -33.87799319882452 ], [ 151.198339042964648, -33.87793987614598 ] ], [ [ 151.198164648257631, -33.877218465844145 ], [ 151.19817792346123, -33.877241603027727 ], [ 151.198348167606525, -33.877175024873914 ], [ 151.198164648257631, -33.877218465844145 ] ], [ [ 151.198069215182642, -33.888580388524325 ], [ 151.197895898199903, -33.888621433700351 ], [ 151.198069286292423, -33.888580397670474 ], [ 151.198069215182642, -33.888580388524325 ] ], [ [ 151.197728153279456, -33.897468650526264 ], [ 151.197881393637999, -33.897468624663212 ], [ 151.197875337051471, -33.897434243892 ], [ 151.197728153279456, -33.897468650526264 ] ], [ [ 151.197960371906277, -33.892230183680084 ], [ 151.197988903719505, -33.892210469965185 ], [ 151.197948093355933, -33.892220128138817 ], [ 151.197960371906277, -33.892230183680084 ] ], [ [ 151.1976446, -33.8703671 ], [ 151.197448178013701, -33.870413598228772 ], [ 151.1979864, -33.8703037 ], [ 151.198081500233513, -33.870362096771217 ], [ 151.198404101441383, -33.870282281548512 ], [ 151.198221144094532, -33.87029265076854 ], [ 151.19774768716789, -33.869867824447837 ], [ 151.196115298670463, -33.870230388604718 ], [ 151.196165602210442, -33.870268197225492 ], [ 151.197331042781627, -33.870001928138151 ], [ 151.197370511509121, -33.870024771992377 ], [ 151.197360314731412, -33.870063931128009 ], [ 151.197170322900746, -33.870127901495636 ], [ 151.19765053615339, -33.870045647729754 ], [ 151.197551000618716, -33.870078358681951 ], [ 151.1976799, -33.8700927 ], [ 151.197703756067057, -33.870133082217912 ], [ 151.197770499813402, -33.87014425778122 ], [ 151.197782248383021, -33.870198478588854 ], [ 151.197685938744172, -33.870239891553041 ], [ 151.19771931468938, -33.870267514356748 ], [ 151.19767757139212, -33.870280780475447 ], [ 151.1976446, -33.8703671 ] ], [ [ 151.197819887395582, -33.891948869772676 ], [ 151.197872739581072, -33.891945045738808 ], [ 151.19788793661894, -33.891932765263618 ], [ 151.197819887395582, -33.891948869772676 ] ], [ [ 151.197564074314641, -33.902270337449195 ], [ 151.197522423232641, -33.902214679481503 ], [ 151.197479189432812, -33.902224909618674 ], [ 151.196755497268555, -33.902459550704343 ], [ 151.197347598153755, -33.902327148687647 ], [ 151.197654452547795, -33.90225174238536 ], [ 151.197564074314641, -33.902270337449195 ] ], [ [ 151.197740508674457, -33.897951982299972 ], [ 151.197639426603473, -33.897956039394806 ], [ 151.197646038170603, -33.897974337701314 ], [ 151.197740508674457, -33.897951982299972 ] ], [ [ 151.19592410207386, -33.90108902534908 ], [ 151.196105997906528, -33.90101782145539 ], [ 151.195925556348982, -33.901059267991563 ], [ 151.195888383568615, -33.901027162662643 ], [ 151.19591235542876, -33.900998355487324 ], [ 151.196601211399184, -33.900835360549664 ], [ 151.196651847012674, -33.900860349515114 ], [ 151.197251051525768, -33.900718563725299 ], [ 151.197332793478182, -33.90065811413092 ], [ 151.197525238556977, -33.900609618334897 ], [ 151.197575752224623, -33.900560193256638 ], [ 151.1976643913967, -33.900539218568809 ], [ 151.197649451057742, -33.900499368330657 ], [ 151.19741812470005, -33.900534356426817 ], [ 151.197356391054967, -33.900454308693163 ], [ 151.197393911011972, -33.900390887581409 ], [ 151.196698358610547, -33.900555472817615 ], [ 151.196695729412312, -33.900611470358392 ], [ 151.196642148489218, -33.900654607230997 ], [ 151.195747331894239, -33.900866335887386 ], [ 151.19592410207386, -33.90108902534908 ] ], [ [ 151.197981613013297, -33.881686729368056 ], [ 151.197954099870401, -33.881731098035836 ], [ 151.198041913942291, -33.881710312991004 ], [ 151.197981613013297, -33.881686729368056 ] ], [ [ 151.19674423971324, -33.897847223439335 ], [ 151.19765343288455, -33.89760904432076 ], [ 151.197642606169893, -33.897556880995481 ], [ 151.197592989988323, -33.897568622147794 ], [ 151.19756518157152, -33.897619551023119 ], [ 151.197029426498801, -33.897746330164011 ], [ 151.196964982375817, -33.897717231575477 ], [ 151.196909856494301, -33.897730276183189 ], [ 151.196887143016198, -33.897779225140383 ], [ 151.196693015943509, -33.897833793155947 ], [ 151.19674423971324, -33.897847223439335 ] ], [ [ 151.195315099999988, -33.9003388 ], [ 151.195342115625806, -33.900370509920499 ], [ 151.195776826599229, -33.90026765180032 ], [ 151.195789719112611, -33.900225567215188 ], [ 151.196437250634006, -33.900087063401251 ], [ 151.1964436602359, -33.900116638377931 ], [ 151.196406248206728, -33.900135643665443 ], [ 151.196479457503528, -33.900202935341859 ], [ 151.19642295765675, -33.900298841315667 ], [ 151.1954726310436, -33.900523703582024 ], [ 151.196433868661956, -33.900298302641225 ], [ 151.19648322123993, -33.900326858241776 ], [ 151.19647046944209, -33.900375806676628 ], [ 151.195537422017821, -33.900601896306824 ], [ 151.195596699987874, -33.900676573510808 ], [ 151.195761613217513, -33.900637552958486 ], [ 151.195741608130334, -33.900576604790984 ], [ 151.196616200000022, -33.9003708 ], [ 151.196630078271852, -33.900413080854712 ], [ 151.197568509974133, -33.900191023298248 ], [ 151.197532981595486, -33.900174072358581 ], [ 151.196731743030028, -33.900359564426445 ], [ 151.196644473303337, -33.900327913605068 ], [ 151.196609603926163, -33.900254076237793 ], [ 151.196688367020784, -33.900159423548473 ], [ 151.197535070240605, -33.899959070604474 ], [ 151.197516043425765, -33.899931464323643 ], [ 151.197120021308308, -33.900021785845972 ], [ 151.197043306702426, -33.899989646020231 ], [ 151.196591713032632, -33.900096504186848 ], [ 151.196569697926634, -33.900035238528666 ], [ 151.195858109597197, -33.900199154858015 ], [ 151.195763251759161, -33.900164751131676 ], [ 151.195729835550367, -33.90010518538854 ], [ 151.195164826363424, -33.900218401393396 ], [ 151.19512171762193, -33.900181168405446 ], [ 151.195122808279933, -33.900129422460601 ], [ 151.195236406155118, -33.900077162113384 ], [ 151.195244851621425, -33.900044745504417 ], [ 151.19472724779348, -33.90014973254555 ], [ 151.194624482475604, -33.900136932880756 ], [ 151.194468560392693, -33.900173824715438 ], [ 151.194583765287945, -33.900521759675648 ], [ 151.195315099999988, -33.9003388 ] ], [ [ 151.197692160529186, -33.891972617917695 ], [ 151.197515533530662, -33.892014417993401 ], [ 151.197696042911161, -33.891974453044995 ], [ 151.197692160529186, -33.891972617917695 ] ], [ [ 151.19747247606054, -33.89794163420185 ], [ 151.19736428359866, -33.89797149828027 ], [ 151.197473873911207, -33.897945565205326 ], [ 151.19747247606054, -33.89794163420185 ] ], [ [ 151.197360666184608, -33.90293484601019 ], [ 151.197349357639098, -33.902900435377838 ], [ 151.197304406547545, -33.902911071699094 ], [ 151.197316709793341, -33.902945246965331 ], [ 151.197360666184608, -33.90293484601019 ] ], [ [ 151.197572436938998, -33.892022358212742 ], [ 151.19758309791797, -33.892023788907103 ], [ 151.197584593770102, -33.892019481213204 ], [ 151.197572436938998, -33.892022358212742 ] ], [ [ 151.197880972233008, -33.876306311966673 ], [ 151.197824410336381, -33.876304653315344 ], [ 151.197661512004117, -33.876347353281631 ], [ 151.197684554641512, -33.876388787618524 ], [ 151.197895449109666, -33.87633821954033 ], [ 151.197880972233008, -33.876306311966673 ] ], [ [ 151.1972641847901, -33.90279934576985 ], [ 151.197297475632325, -33.902791468496858 ], [ 151.197262148012413, -33.902793688105959 ], [ 151.1972641847901, -33.90279934576985 ] ], [ [ 151.197966409047723, -33.868704166138087 ], [ 151.197672309286048, -33.86876479464091 ], [ 151.197666587363926, -33.868775144082555 ], [ 151.197966409047723, -33.868704166138087 ] ], [ [ 151.197316698911067, -33.897913211845996 ], [ 151.197298958771512, -33.897912888034767 ], [ 151.197300405001158, -33.897917067567299 ], [ 151.197316698911067, -33.897913211845996 ] ], [ [ 151.193581556742117, -33.902504015402329 ], [ 151.193041381726317, -33.902615055608877 ], [ 151.192977657790124, -33.902560016438692 ], [ 151.193018754808662, -33.902510633768387 ], [ 151.193680626107948, -33.90235404396882 ], [ 151.193679156482631, -33.902317598507409 ], [ 151.193209309570449, -33.902426261382523 ], [ 151.193156188462581, -33.902406994142559 ], [ 151.193134965012831, -33.902362049115084 ], [ 151.193182911309606, -33.902304435928095 ], [ 151.193590293018474, -33.902208054561989 ], [ 151.193531894347132, -33.90216819712434 ], [ 151.193545923503194, -33.902114354265414 ], [ 151.19379827346512, -33.902047705847494 ], [ 151.193793944919065, -33.901999563778674 ], [ 151.193829667041058, -33.901970806748309 ], [ 151.194508394472791, -33.901803639288808 ], [ 151.194549485556507, -33.901811083227173 ], [ 151.194549957713662, -33.901854005167095 ], [ 151.194945189514186, -33.901761741546743 ], [ 151.194979736522697, -33.901781730890278 ], [ 151.194970809490144, -33.901815994653639 ], [ 151.194809633823894, -33.901857850075523 ], [ 151.194813566055217, -33.901879008023798 ], [ 151.195005842839294, -33.901834228389482 ], [ 151.195013385906719, -33.901869035576382 ], [ 151.194872181752402, -33.901902444792256 ], [ 151.194896068573058, -33.90193240039644 ], [ 151.195084033756046, -33.901897736537435 ], [ 151.195076399352075, -33.901927039027534 ], [ 151.194586856677887, -33.902053370313894 ], [ 151.194556160659403, -33.902105134524646 ], [ 151.194761106329338, -33.902116832584078 ], [ 151.1957688, -33.9018637 ], [ 151.195853142595865, -33.902092036595107 ], [ 151.197149062010539, -33.901800449675996 ], [ 151.197120470994349, -33.901718609998639 ], [ 151.196472597753683, -33.901871908972915 ], [ 151.196297062340562, -33.901846807331019 ], [ 151.196116777325898, -33.901887784995331 ], [ 151.196105491002214, -33.901788158033213 ], [ 151.196007677782887, -33.901802584468392 ], [ 151.195978377887656, -33.901782184326251 ], [ 151.196086867610205, -33.901727672040181 ], [ 151.196081886174113, -33.901688759388705 ], [ 151.195447276663231, -33.90184428163947 ], [ 151.195414541379421, -33.90179706671956 ], [ 151.195218376334907, -33.90184348048853 ], [ 151.195188076614727, -33.901798680347575 ], [ 151.195398662433291, -33.901701066720499 ], [ 151.195342577500611, -33.901707381147858 ], [ 151.195313548509262, -33.901666326465588 ], [ 151.195105377189776, -33.901702479956228 ], [ 151.194812359052861, -33.901117641435448 ], [ 151.194452063660719, -33.901194983168729 ], [ 151.193880307852396, -33.901360835301681 ], [ 151.194180878531427, -33.901303816428417 ], [ 151.194230230879526, -33.901332372922148 ], [ 151.194229503382076, -33.901366870195019 ], [ 151.194087014357876, -33.901424287772741 ], [ 151.194296896400829, -33.901391813728971 ], [ 151.194328758381602, -33.901419332981099 ], [ 151.194308210522735, -33.901444024561876 ], [ 151.193788494489127, -33.901566987082042 ], [ 151.193790344449951, -33.901590014649059 ], [ 151.194400519697609, -33.901447076530168 ], [ 151.194440001699633, -33.901469921659775 ], [ 151.194429799175111, -33.901509080196718 ], [ 151.193696967816436, -33.901686717246356 ], [ 151.193697300231264, -33.901717602334827 ], [ 151.194539668045024, -33.901520263573971 ], [ 151.194593955902405, -33.901551675565514 ], [ 151.194579927508784, -33.901605518573035 ], [ 151.193576849320579, -33.901848689190629 ], [ 151.193543930114743, -33.901884745709459 ], [ 151.193232015121481, -33.901958541195619 ], [ 151.193239423664522, -33.901985558339675 ], [ 151.193430127669473, -33.901941153526067 ], [ 151.193451368925707, -33.901959499841404 ], [ 151.193158719043907, -33.902053268240593 ], [ 151.193322020264048, -33.902021535347963 ], [ 151.193375123409425, -33.902067401175657 ], [ 151.193291574154671, -33.902120217760618 ], [ 151.193295395600586, -33.902153526156411 ], [ 151.193235452674344, -33.902209281016063 ], [ 151.193179919591103, -33.902225608731214 ], [ 151.193193352237756, -33.902276492765324 ], [ 151.193120142368485, -33.90231073432205 ], [ 151.193077484014879, -33.902383729567369 ], [ 151.192816719321428, -33.902447548304757 ], [ 151.192753610126942, -33.902500051195062 ], [ 151.19273970339944, -33.902522584746094 ], [ 151.19294842625149, -33.902491268578942 ], [ 151.192729999209718, -33.90255285936987 ], [ 151.192869162985176, -33.902526896274608 ], [ 151.192908645040035, -33.902549741894418 ], [ 151.192770733608711, -33.902699073921951 ], [ 151.192460715613095, -33.902774543929297 ], [ 151.192729957574159, -33.90271969428224 ], [ 151.192697019065747, -33.902737736098409 ], [ 151.192712031406273, -33.902767578395768 ], [ 151.192654633485603, -33.902878753018527 ], [ 151.192549327405516, -33.902909513330904 ], [ 151.192551189681836, -33.902949303608359 ], [ 151.192472868576687, -33.902989973323436 ], [ 151.192479571701938, -33.903032564705001 ], [ 151.192400782660201, -33.903054393704245 ], [ 151.193178770914585, -33.902865600066484 ], [ 151.193151748315017, -33.902824517902459 ], [ 151.192797664642967, -33.902890025394882 ], [ 151.192744543353172, -33.902870757972302 ], [ 151.192723320019297, -33.902825812880387 ], [ 151.192771266860092, -33.902768199875368 ], [ 151.193345243270556, -33.902632406780249 ], [ 151.193359437059939, -33.902590103326851 ], [ 151.193581556742117, -33.902504015402329 ] ], [ [ 151.197450071927904, -33.88334457817016 ], [ 151.197533394815707, -33.883324856962581 ], [ 151.197524745671672, -33.883309807823572 ], [ 151.197450071927904, -33.88334457817016 ] ], [ [ 151.189076522103562, -33.894265723791989 ], [ 151.188702610055259, -33.89436268632933 ], [ 151.188663901210589, -33.894402909698989 ], [ 151.187957359481203, -33.894570054704928 ], [ 151.18792484936435, -33.89460454245166 ], [ 151.187671731270569, -33.894666978121464 ], [ 151.187634282567558, -33.894713271982766 ], [ 151.18743686127587, -33.894759973997303 ], [ 151.187495111486498, -33.894846736133559 ], [ 151.187484906743975, -33.894885894057012 ], [ 151.187248063487829, -33.894950146780694 ], [ 151.187385231645692, -33.894941186127568 ], [ 151.18742860852538, -33.894990471176527 ], [ 151.187555091116906, -33.894963047569682 ], [ 151.187608206310301, -33.894982317056467 ], [ 151.187629425166193, -33.895027262933318 ], [ 151.187587868071205, -33.895081448718976 ], [ 151.187682982503389, -33.895138065050432 ], [ 151.187690734309001, -33.895215721029452 ], [ 151.187730538576943, -33.895250228026029 ], [ 151.187729516649455, -33.895298524082143 ], [ 151.187687841915533, -33.895332071947401 ], [ 151.186157114528726, -33.895694169025461 ], [ 151.186099199290851, -33.895693316064936 ], [ 151.18605726921831, -33.895650708432932 ], [ 151.185981855805494, -33.895668547015809 ], [ 151.185995608506829, -33.895727739845363 ], [ 151.185849899477148, -33.895774884577342 ], [ 151.187510139848314, -33.895382154786951 ], [ 151.187731314396501, -33.895363215935433 ], [ 151.187790530492947, -33.895397486640974 ], [ 151.187789654579348, -33.895438883260908 ], [ 151.187651531907562, -33.895491862596501 ], [ 151.187605140301031, -33.895541473742306 ], [ 151.187757043694859, -33.895506609778991 ], [ 151.187778998262502, -33.895553113589457 ], [ 151.187259211629367, -33.895700750155363 ], [ 151.187602581304077, -33.895624721248161 ], [ 151.187610571017473, -33.895661606776301 ], [ 151.18747211138475, -33.895707634545573 ], [ 151.187673327017762, -33.895660927270335 ], [ 151.187758434205165, -33.895739048039239 ], [ 151.187923668889141, -33.895718670642879 ], [ 151.187982141787813, -33.895794509496589 ], [ 151.187920497111605, -33.895868581066651 ], [ 151.186803677538506, -33.896122374428629 ], [ 151.186742973893445, -33.896100351743755 ], [ 151.186724199208044, -33.89602797650651 ], [ 151.186587163168696, -33.896023524752032 ], [ 151.186560430049582, -33.896053893133967 ], [ 151.186208906446041, -33.896162416053215 ], [ 151.186218971377741, -33.896219860127452 ], [ 151.186116403643354, -33.896248374249247 ], [ 151.186136076300329, -33.896290070895638 ], [ 151.186107091116668, -33.896335236111383 ], [ 151.186257047099474, -33.896301771555862 ], [ 151.186304833328478, -33.896343053365115 ], [ 151.186274010089448, -33.896380088701264 ], [ 151.18613923781291, -33.896416513568745 ], [ 151.18627583562062, -33.896384737357266 ], [ 151.186281489957537, -33.896410843071834 ], [ 151.18533101466079, -33.896610594886695 ], [ 151.185309243212885, -33.896670573308789 ], [ 151.185094173789878, -33.89672144440943 ], [ 151.18504716038629, -33.89675668155585 ], [ 151.184076876570543, -33.897007800956317 ], [ 151.184096814011468, -33.897028105917691 ], [ 151.184608245337444, -33.896902290913026 ], [ 151.184549554595634, -33.896948999670016 ], [ 151.184154659220155, -33.897045290865634 ], [ 151.184730887916402, -33.896911673216984 ], [ 151.184834822076851, -33.896933289581817 ], [ 151.184759157395973, -33.897042202059929 ], [ 151.183166919654781, -33.897441882438841 ], [ 151.18280313026446, -33.89752211497732 ], [ 151.182771273520871, -33.897494592894489 ], [ 151.18285344292687, -33.897437145984867 ], [ 151.183404932747976, -33.897280914596429 ], [ 151.183450198991522, -33.897219381571965 ], [ 151.183336062648266, -33.897226758952804 ], [ 151.183339656386806, -33.897124043223648 ], [ 151.182806769520283, -33.897266633437042 ], [ 151.182792134704044, -33.897235630363618 ], [ 151.18288235584231, -33.897201850011619 ], [ 151.182631783597429, -33.897260042786492 ], [ 151.182602615247703, -33.897222207969833 ], [ 151.183079708644755, -33.897099217650023 ], [ 151.183114926648386, -33.8971056013525 ], [ 151.183118015779513, -33.897139160473337 ], [ 151.183163150011097, -33.897128485600255 ], [ 151.183164851079539, -33.897084844638435 ], [ 151.183319209161738, -33.897035837390931 ], [ 151.182961710891789, -33.897120390764243 ], [ 151.182859749361342, -33.8971185060228 ], [ 151.182989312657583, -33.897077918631595 ], [ 151.182671401875069, -33.897152394688881 ], [ 151.182663864186935, -33.897117586898311 ], [ 151.182969924252546, -33.897045200256706 ], [ 151.182966208534765, -33.897014111950654 ], [ 151.182566464862759, -33.897107407190084 ], [ 151.182531922751849, -33.8970874145054 ], [ 151.182540854138523, -33.897053151765853 ], [ 151.183992014418124, -33.896706677444044 ], [ 151.184125785674127, -33.896699562557025 ], [ 151.184174611790809, -33.89680857174573 ], [ 151.18448795733778, -33.896721080677096 ], [ 151.184461893818565, -33.896684996130986 ], [ 151.184492717936081, -33.896647961279527 ], [ 151.184928025341605, -33.896526093164184 ], [ 151.184400553527496, -33.896639119909985 ], [ 151.184356800108219, -33.896582368277755 ], [ 151.184436882968271, -33.896548197869187 ], [ 151.184379026721473, -33.896439037104962 ], [ 151.184851926982162, -33.896313645742936 ], [ 151.18484075297053, -33.89627966731571 ], [ 151.184636237512052, -33.89632510979461 ], [ 151.184589925563586, -33.896304029796653 ], [ 151.184083540036113, -33.896423803580575 ], [ 151.184063097018878, -33.896576768051233 ], [ 151.183144640616092, -33.896794000813806 ], [ 151.183090418029337, -33.896747920431338 ], [ 151.182825456316209, -33.896809740574653 ], [ 151.182887667838486, -33.896845834725625 ], [ 151.183038063161263, -33.896820386786771 ], [ 151.184083925380293, -33.896574625698058 ], [ 151.184128336902376, -33.896600330025421 ], [ 151.184100886410505, -33.896652943076241 ], [ 151.182571833878626, -33.897011376320705 ], [ 151.182536615961283, -33.897004992465355 ], [ 151.18253468970147, -33.896970036498651 ], [ 151.1821328354645, -33.897066556312261 ], [ 151.182129889024594, -33.897087868878891 ], [ 151.182334909544494, -33.897040450384985 ], [ 151.182366765980362, -33.897067972572522 ], [ 151.182346215868762, -33.897092662094607 ], [ 151.181658592473468, -33.897245612353174 ], [ 151.18096661302917, -33.897447398193897 ], [ 151.182354245376018, -33.897097454842182 ], [ 151.18236888000996, -33.897128457962346 ], [ 151.182256660001684, -33.897157124912056 ], [ 151.182344744900121, -33.897214286004875 ], [ 151.182346090640692, -33.897275669014711 ], [ 151.182449222788989, -33.897253774492938 ], [ 151.182518307116879, -33.897293759901601 ], [ 151.182602817741298, -33.897465784533026 ], [ 151.182544592295557, -33.897535738273533 ], [ 151.181284677022603, -33.897830677963263 ], [ 151.181220179780638, -33.897807275981705 ], [ 151.181196083419678, -33.89774630698281 ], [ 151.181105689266246, -33.897765544464136 ], [ 151.181046474404212, -33.897731270589851 ], [ 151.181061786494467, -33.897672534692056 ], [ 151.181156888618574, -33.897634875826327 ], [ 151.181064568048015, -33.897654925600698 ], [ 151.180957703172083, -33.89761874053206 ], [ 151.180083933553448, -33.897825377450921 ], [ 151.180018601826873, -33.897792142530662 ], [ 151.179798637141857, -33.897844160513245 ], [ 151.179392320862178, -33.897868682203963 ], [ 151.18036840000002, -33.897859 ], [ 151.1803698, -33.8979146 ], [ 151.18014018066242, -33.897968901753821 ], [ 151.179788691716482, -33.897988135113764 ], [ 151.179790131424426, -33.898079579781069 ], [ 151.1802442, -33.8979722 ], [ 151.180843323391144, -33.89811985818087 ], [ 151.181745552002724, -33.897878391586097 ], [ 151.182055780920479, -33.897846809101551 ], [ 151.182063312459945, -33.89787547522743 ], [ 151.182289981316217, -33.897822402390837 ], [ 151.182309791778692, -33.897846861254095 ], [ 151.182278836275231, -33.897872265774097 ], [ 151.182327103459016, -33.897927912138286 ], [ 151.182309863836679, -33.897973622780462 ], [ 151.182386728154711, -33.898078702685496 ], [ 151.183046910508608, -33.897957384643803 ], [ 151.183023664792017, -33.897960814823676 ], [ 151.182984165561379, -33.897811014703564 ], [ 151.183299408886626, -33.897715351416501 ], [ 151.183291866596846, -33.897682115888969 ], [ 151.183737816422251, -33.897576641802324 ], [ 151.183744899980866, -33.897521727644516 ], [ 151.184024896017263, -33.897455503180417 ], [ 151.184161596369222, -33.897372630048253 ], [ 151.18530967125821, -33.897101078688806 ], [ 151.185573799999986, -33.8970552 ], [ 151.185580517144047, -33.897081095239052 ], [ 151.1860671, -33.896966 ], [ 151.1862385, -33.897329 ], [ 151.185610881752353, -33.897504616190858 ], [ 151.18560597994815, -33.89754410417769 ], [ 151.185528158796046, -33.897566232360212 ], [ 151.185485385562885, -33.897619755613832 ], [ 151.18549667219321, -33.897674709046768 ], [ 151.185613939778108, -33.897673191548385 ], [ 151.185523813512447, -33.89770938527726 ], [ 151.185831900000011, -33.89766680000001 ], [ 151.185839293738098, -33.897732347461186 ], [ 151.1858795, -33.8977291 ], [ 151.1858842, -33.8977697 ], [ 151.185777494682242, -33.897826387033575 ], [ 151.185791928346191, -33.897906220631349 ], [ 151.1861854, -33.8978183 ], [ 151.1862693, -33.8978608 ], [ 151.186273699999987, -33.8979423 ], [ 151.186227, -33.8979822 ], [ 151.185949755541145, -33.898048838373761 ], [ 151.185953500000011, -33.8980808 ], [ 151.185810550259106, -33.898114612597176 ], [ 151.185911, -33.8981065 ], [ 151.18591570000001, -33.8981463 ], [ 151.1860438, -33.898136 ], [ 151.18605, -33.8981967 ], [ 151.185949035646928, -33.898220581657391 ], [ 151.1859595, -33.898283 ], [ 151.1860156, -33.8982785 ], [ 151.185988400000014, -33.8983966 ], [ 151.185942039104674, -33.898407565956461 ], [ 151.185946199999989, -33.898443099999987 ], [ 151.185830041500395, -33.898470575406797 ], [ 151.1859298, -33.8984591 ], [ 151.185936295153112, -33.898497970993155 ], [ 151.185967299999987, -33.8984944 ], [ 151.185968300000013, -33.8986403 ], [ 151.185629983118247, -33.898720322857386 ], [ 151.185640132099564, -33.898790720488819 ], [ 151.185539056632592, -33.898823498386307 ], [ 151.185566283822112, -33.898879497129727 ], [ 151.185616994471928, -33.898876297066799 ], [ 151.185244633204519, -33.898988743638405 ], [ 151.185756954696018, -33.898904369556917 ], [ 151.185647068970951, -33.898938647504643 ], [ 151.185647054257913, -33.898977353369098 ], [ 151.185578782911051, -33.898996690862568 ], [ 151.185782518132811, -33.898972964451339 ], [ 151.185805472311444, -33.899038107633856 ], [ 151.185745764063654, -33.899123026965 ], [ 151.185577400514546, -33.899176909514331 ], [ 151.185684852687103, -33.899159725714149 ], [ 151.185688861257972, -33.899200519837734 ], [ 151.186669847095828, -33.898968483038743 ], [ 151.18668904344679, -33.898940240278172 ], [ 151.186412105319505, -33.899005746645877 ], [ 151.18630790595688, -33.898914246020162 ], [ 151.186310306717047, -33.898830646062038 ], [ 151.186735806338476, -33.898718205498291 ], [ 151.186876529274031, -33.898661085837254 ], [ 151.186856387422182, -33.898623939259359 ], [ 151.187439230941976, -33.898435184283166 ], [ 151.187419312644352, -33.898398553172065 ], [ 151.187471212181009, -33.898379087786907 ], [ 151.187306912264148, -33.898417952459262 ], [ 151.187251813115694, -33.898312652146636 ], [ 151.187649170199506, -33.898199901461233 ], [ 151.187618708167349, -33.898147273494118 ], [ 151.187643466888574, -33.898099816118389 ], [ 151.187997801879163, -33.898008024164035 ], [ 151.188094575191542, -33.89791223443909 ], [ 151.18931317904395, -33.897623960675979 ], [ 151.188365134669027, -33.897619541045728 ], [ 151.188337135448961, -33.897490640951403 ], [ 151.188531636227367, -33.897406841826061 ], [ 151.1906461, -33.8969137 ], [ 151.191073820918177, -33.896827448710489 ], [ 151.191123069398117, -33.896843658638566 ], [ 151.1916132, -33.8967277 ], [ 151.191987851363763, -33.896695800044398 ], [ 151.191929238559709, -33.896441182147562 ], [ 151.192784565155904, -33.896158217196451 ], [ 151.192638292310875, -33.896192825493934 ], [ 151.192675492409563, -33.896163925566846 ], [ 151.193057609626152, -33.896067885100969 ], [ 151.19304349294822, -33.896039526272688 ], [ 151.193167793131494, -33.895997026511168 ], [ 151.194114595352403, -33.895759926108774 ], [ 151.194101748940824, -33.895730996029855 ], [ 151.194189749442046, -33.895693296594999 ], [ 151.195832757178579, -33.895168907089221 ], [ 151.196598099999989, -33.8949878 ], [ 151.196690100000012, -33.8950081 ], [ 151.196679052618663, -33.895114999569778 ], [ 151.196745384921911, -33.895099302725612 ], [ 151.196698029276064, -33.895077645341544 ], [ 151.196708229867625, -33.895038486518999 ], [ 151.196916021699337, -33.894985061965009 ], [ 151.196933087681742, -33.894898084017107 ], [ 151.196856580888493, -33.89491476182566 ], [ 151.196814100224941, -33.89487807039302 ], [ 151.196841494210361, -33.894845147593571 ], [ 151.196948439994941, -33.894819839728939 ], [ 151.196955162085487, -33.894785580007053 ], [ 151.196899418363984, -33.894750887490638 ], [ 151.196970455264534, -33.894707636867302 ], [ 151.196993003936853, -33.894592715120893 ], [ 151.196811921214447, -33.894635567037845 ], [ 151.196855199999987, -33.8947446 ], [ 151.196559755418775, -33.894838018773697 ], [ 151.1965716, -33.8948634 ], [ 151.19537170842014, -33.895191879973162 ], [ 151.195385, -33.8952317 ], [ 151.19512210000002, -33.895326699999984 ], [ 151.194647584239704, -33.895438981149908 ], [ 151.194602311007259, -33.895407839506873 ], [ 151.194543900000014, -33.895427 ], [ 151.1944562, -33.8955268 ], [ 151.1943511, -33.8955585 ], [ 151.193876582068896, -33.895670778099465 ], [ 151.193771739221489, -33.895651829264423 ], [ 151.1922042, -33.8961698 ], [ 151.191438838481787, -33.896350879093937 ], [ 151.19138840210158, -33.896245746591141 ], [ 151.190783562488718, -33.896388843328438 ], [ 151.190149254034338, -33.896709796134232 ], [ 151.1901607, -33.896738 ], [ 151.1898165, -33.8968604 ], [ 151.18875460000001, -33.8971541 ], [ 151.18795143909631, -33.897431600974038 ], [ 151.187970400000012, -33.8974661 ], [ 151.187839700000012, -33.8975156 ], [ 151.187074318360914, -33.897696651228252 ], [ 151.187004519381759, -33.897569650830192 ], [ 151.187305151336659, -33.897479954676456 ], [ 151.187265821367589, -33.89740265252626 ], [ 151.187316222124821, -33.897329052866695 ], [ 151.187794819383953, -33.896984077084966 ], [ 151.187752426740786, -33.896906355744058 ], [ 151.188906985982271, -33.896457801158448 ], [ 151.188891389608358, -33.896433718405198 ], [ 151.188995082580533, -33.896387428571025 ], [ 151.188515531959695, -33.896482860676514 ], [ 151.1892975, -33.896309864964444 ], [ 151.189933612396572, -33.896068886328806 ], [ 151.189704790895689, -33.896123019968918 ], [ 151.189680890995703, -33.896081319927845 ], [ 151.189740991093089, -33.896057520043477 ], [ 151.1899706, -33.8960032 ], [ 151.1899946, -33.8960449 ], [ 151.189941184479579, -33.896066017766053 ], [ 151.190994243852003, -33.895667076518052 ], [ 151.191759600000012, -33.895486 ], [ 151.1918686, -33.8956846 ], [ 151.19169855540602, -33.895749007527598 ], [ 151.192156890812129, -33.895623908170109 ], [ 151.192072047883272, -33.895438483365723 ], [ 151.192424650569791, -33.895212385654254 ], [ 151.192771352368851, -33.895083287874677 ], [ 151.193408441489851, -33.89493254746337 ], [ 151.193396815585373, -33.89490771110205 ], [ 151.193026253628119, -33.894995389504913 ], [ 151.192979454047077, -33.894939589228592 ], [ 151.193794248047112, -33.894733917827494 ], [ 151.194810227338991, -33.894399460449648 ], [ 151.194967771659805, -33.894085211354074 ], [ 151.195416950662718, -33.893978922292582 ], [ 151.195603301733996, -33.893617134474333 ], [ 151.195790086274116, -33.89357293462875 ], [ 151.195815479765656, -33.893518012415683 ], [ 151.195623104638486, -33.893563535264107 ], [ 151.195266803321232, -33.893517722850355 ], [ 151.195373017397287, -33.893260027033499 ], [ 151.196624051090112, -33.892963982845437 ], [ 151.196685989127616, -33.892782917747034 ], [ 151.197329936077921, -33.892630527816792 ], [ 151.197298911645646, -33.892602169829892 ], [ 151.197067451136832, -33.892656945331034 ], [ 151.197288517755851, -33.892592669254107 ], [ 151.197100417846173, -33.892420735288432 ], [ 151.195945051755729, -33.892694148100283 ], [ 151.195711550937034, -33.89266323996673 ], [ 151.195714521224573, -33.89260260499448 ], [ 151.1948438766143, -33.892818801624017 ], [ 151.194816242554992, -33.892761661984807 ], [ 151.194170774522803, -33.892914397363107 ], [ 151.194119326075366, -33.892790674209031 ], [ 151.192913591668372, -33.893071520912606 ], [ 151.192936300000014, -33.893122299999973 ], [ 151.192788928426637, -33.893165055494556 ], [ 151.192799, -33.8931864 ], [ 151.192073288784115, -33.893400480809873 ], [ 151.1920902, -33.8934363 ], [ 151.1904575, -33.8939671 ], [ 151.189104652660234, -33.894311465074736 ], [ 151.189076522103562, -33.894265723791989 ] ], [ [ 151.197172770061968, -33.899002478982382 ], [ 151.1945981, -33.899649 ], [ 151.194100688491289, -33.899766689554319 ], [ 151.194123053890252, -33.899815423981003 ], [ 151.195961949225904, -33.899359661941808 ], [ 151.197182030089436, -33.899049789922429 ], [ 151.197172770061968, -33.899002478982382 ] ], [ [ 151.197357648781491, -33.87982328171497 ], [ 151.197584907024833, -33.879765651087524 ], [ 151.197355724454383, -33.879819897534325 ], [ 151.197357648781491, -33.87982328171497 ] ], [ [ 151.197472038537882, -33.878241176911835 ], [ 151.197611745492424, -33.878219788100736 ], [ 151.197614754918163, -33.878193913811351 ], [ 151.197472038537882, -33.878241176911835 ] ], [ [ 151.197238035633944, -33.895049389019043 ], [ 151.197131761600815, -33.89507453811116 ], [ 151.197226525591702, -33.895081094511418 ], [ 151.197238035633944, -33.895049389019043 ] ], [ [ 151.197460795358495, -33.873597858448264 ], [ 151.197264056558396, -33.873663082268848 ], [ 151.197342326074278, -33.873678632970815 ], [ 151.197295388664458, -33.873719841905597 ], [ 151.197625150234728, -33.873641782437026 ], [ 151.197616146383183, -33.873545286466758 ], [ 151.197247237017024, -33.873632612817168 ], [ 151.197460795358495, -33.873597858448264 ] ], [ [ 151.197002159909488, -33.902601952647053 ], [ 151.196970355975907, -33.902599207509468 ], [ 151.196968642729104, -33.902609883409589 ], [ 151.197002159909488, -33.902601952647053 ] ], [ [ 151.196980017780959, -33.898003467314162 ], [ 151.197085982538823, -33.897975299477693 ], [ 151.196976366004634, -33.898001354351479 ], [ 151.196980017780959, -33.898003467314162 ] ], [ [ 151.197628856178511, -33.869674412254511 ], [ 151.197453156402901, -33.869704145128658 ], [ 151.197450854440689, -33.869714707728924 ], [ 151.197455720031599, -33.86971539849548 ], [ 151.197628856178511, -33.869674412254511 ] ], [ [ 151.1959785, -33.9014775 ], [ 151.196009065913472, -33.901536255387846 ], [ 151.196058653204062, -33.901552242774486 ], [ 151.196015400856737, -33.901436406237778 ], [ 151.196948970378827, -33.901212672160071 ], [ 151.196619531459504, -33.901279602402873 ], [ 151.196444465132117, -33.901266843564379 ], [ 151.196465810971773, -33.901225920036865 ], [ 151.196754625066006, -33.901153127276253 ], [ 151.196311628450019, -33.90125794840889 ], [ 151.196086332519883, -33.901286368768773 ], [ 151.196012704803138, -33.901265888324815 ], [ 151.1959094, -33.9014546 ], [ 151.195821844283159, -33.901514566602295 ], [ 151.1959785, -33.9014775 ] ], [ [ 151.196847444909565, -33.898277622273177 ], [ 151.196972292648809, -33.898242397477873 ], [ 151.196845196051754, -33.898271159084118 ], [ 151.196847444909565, -33.898277622273177 ] ], [ [ 151.197331768747745, -33.878382104906414 ], [ 151.197064959898825, -33.878422710695233 ], [ 151.197066392729965, -33.878447225556101 ], [ 151.197331768747745, -33.878382104906414 ] ], [ [ 151.196220292430212, -33.875098718105249 ], [ 151.196118845122697, -33.875149170917105 ], [ 151.196079515598967, -33.875216903191735 ], [ 151.196568946483836, -33.875103551898206 ], [ 151.196654834541533, -33.875112496864624 ], [ 151.19668374735113, -33.875151646801655 ], [ 151.197396255405721, -33.874987123347879 ], [ 151.197404658752873, -33.874805025295039 ], [ 151.196220292430212, -33.875098718105249 ] ], [ [ 151.196738733988752, -33.897965187365479 ], [ 151.196817728659198, -33.897973114803229 ], [ 151.196825773513126, -33.897931160163957 ], [ 151.196877538375389, -33.89791465841018 ], [ 151.19673010651934, -33.897940391945212 ], [ 151.196738733988752, -33.897965187365479 ] ], [ [ 151.196763066879839, -33.897875061861313 ], [ 151.196842158276269, -33.897885427256334 ], [ 151.19684120741536, -33.897856571353337 ], [ 151.196763066879839, -33.897875061861313 ] ], [ [ 151.196549268322713, -33.897464672254912 ], [ 151.196533720671852, -33.897478251169531 ], [ 151.196815280611844, -33.897401725292355 ], [ 151.196549268322713, -33.897464672254912 ] ], [ [ 151.196755191969061, -33.895970339388441 ], [ 151.19675509947561, -33.895950026012279 ], [ 151.196464594471138, -33.896018769896727 ], [ 151.19646183569651, -33.896039757962086 ], [ 151.196755191969061, -33.895970339388441 ] ], [ [ 151.196884001708298, -33.888796616258347 ], [ 151.196886128384392, -33.888808819433329 ], [ 151.196893777690832, -33.888807009138489 ], [ 151.196884001708298, -33.888796616258347 ] ], [ [ 151.196990398430842, -33.882569065572753 ], [ 151.197019668765307, -33.882584882938161 ], [ 151.197007928984902, -33.882564916400881 ], [ 151.196990398430842, -33.882569065572753 ] ], [ [ 151.196810082845047, -33.887479756552047 ], [ 151.196852008366136, -33.88747073291303 ], [ 151.196851942232399, -33.887469849897286 ], [ 151.196810082845047, -33.887479756552047 ] ], [ [ 151.196754045228516, -33.889136923957331 ], [ 151.196734852110978, -33.889167072134256 ], [ 151.196785228114862, -33.889129544240284 ], [ 151.196754045228516, -33.889136923957331 ] ], [ [ 151.194869906139019, -33.897623920256002 ], [ 151.19656529045605, -33.897209786943627 ], [ 151.196550273404426, -33.897163585955361 ], [ 151.194474989646267, -33.897654642909963 ], [ 151.194644573510715, -33.897631801512482 ], [ 151.194685036131858, -33.897659179390111 ], [ 151.19475571419494, -33.89764316942199 ], [ 151.19484417461868, -33.897673935740514 ], [ 151.194869906139019, -33.897623920256002 ] ], [ [ 151.196253412806271, -33.880542003639356 ], [ 151.196289422701938, -33.880573446838333 ], [ 151.196902605185983, -33.880434947240076 ], [ 151.196887100485611, -33.880397887094638 ], [ 151.196561663782717, -33.88046170043372 ], [ 151.196253412806271, -33.880542003639356 ] ], [ [ 151.196880078740776, -33.880248233129457 ], [ 151.196855478008217, -33.880257876091619 ], [ 151.196880866163298, -33.880251867005391 ], [ 151.196880078740776, -33.880248233129457 ] ], [ [ 151.196487688278012, -33.888664188133482 ], [ 151.196585383230655, -33.888639088743609 ], [ 151.196484778385638, -33.888662897754813 ], [ 151.196487688278012, -33.888664188133482 ] ], [ [ 151.196258254058932, -33.892265507044343 ], [ 151.1960577275741, -33.892236501543216 ], [ 151.195707140877602, -33.892332210878642 ], [ 151.1957598, -33.8924666 ], [ 151.19571254667872, -33.892479359751214 ], [ 151.196466744924493, -33.892312367564926 ], [ 151.19639436821754, -33.892281428584397 ], [ 151.196251583833117, -33.892304110635472 ], [ 151.196258254058932, -33.892265507044343 ] ], [ [ 151.19613646089482, -33.899626839015518 ], [ 151.196287312688241, -33.899594072816889 ], [ 151.196294991215836, -33.899584845225803 ], [ 151.196280031170119, -33.899592867326092 ], [ 151.19613646089482, -33.899626839015518 ] ], [ [ 151.196197674513201, -33.888684273533002 ], [ 151.196084581884804, -33.888747487947057 ], [ 151.19641447074244, -33.888669417768412 ], [ 151.19625770121192, -33.888693277766983 ], [ 151.196197674513201, -33.888684273533002 ] ], [ [ 151.196084625063008, -33.90164410891466 ], [ 151.196089659703688, -33.901658921395665 ], [ 151.196092258755471, -33.90164894516429 ], [ 151.196084625063008, -33.90164410891466 ] ], [ [ 151.196186960016774, -33.896748284280939 ], [ 151.196171879849061, -33.896317983905263 ], [ 151.195573061133956, -33.896511195604084 ], [ 151.195724500000011, -33.896827 ], [ 151.19565369068539, -33.896894527422667 ], [ 151.1957339, -33.8970648 ], [ 151.195263691020187, -33.897198530348227 ], [ 151.195183832316843, -33.897027280826229 ], [ 151.195135785030203, -33.897038649761114 ], [ 151.1951049, -33.897070099999979 ], [ 151.193409192772378, -33.89746623012519 ], [ 151.193518782211754, -33.897457477692917 ], [ 151.193508230810096, -33.897556553194811 ], [ 151.19366117139981, -33.89755230078196 ], [ 151.193163159310245, -33.897673215877084 ], [ 151.193815403578441, -33.897523248347113 ], [ 151.19386115614742, -33.897547139644203 ], [ 151.194076746457711, -33.897553051128313 ], [ 151.194127696415734, -33.897540995921204 ], [ 151.19414380377134, -33.897505478163396 ], [ 151.196162947490876, -33.897027710596561 ], [ 151.196067717918112, -33.896781830329402 ], [ 151.196186960016774, -33.896748284280939 ] ], [ [ 151.195999649284516, -33.892081290241528 ], [ 151.195949841881429, -33.892043300571487 ], [ 151.19538743105025, -33.892242915516711 ], [ 151.196284775996475, -33.89201452948182 ], [ 151.195999649284516, -33.892081290241528 ] ], [ [ 151.194292563126567, -33.884588624876557 ], [ 151.194269046401018, -33.884636892713864 ], [ 151.194437800588105, -33.884619027338736 ], [ 151.194447412588033, -33.884663389975401 ], [ 151.194397992667888, -33.884715650683475 ], [ 151.195255483399393, -33.884497105097459 ], [ 151.195297105624491, -33.884533060246731 ], [ 151.195231519887329, -33.88455873464298 ], [ 151.195577522213966, -33.88448405870367 ], [ 151.195620695504061, -33.884504461290142 ], [ 151.196156146879673, -33.884416281672792 ], [ 151.196321018067607, -33.88436516969756 ], [ 151.19588742184331, -33.884378632955837 ], [ 151.195855289490254, -33.88433263319935 ], [ 151.194562566482887, -33.884636023446312 ], [ 151.19439859749221, -33.884583667516772 ], [ 151.194292563126567, -33.884588624876557 ] ], [ [ 151.195775816186512, -33.900680824147706 ], [ 151.195635145372449, -33.900725006156812 ], [ 151.195779135317792, -33.900690936305914 ], [ 151.195775816186512, -33.900680824147706 ] ], [ [ 151.195963205313063, -33.891120581142353 ], [ 151.195047970462639, -33.891402665863481 ], [ 151.193829608700241, -33.891713833215356 ], [ 151.193798976538659, -33.89175015607784 ], [ 151.193633308981163, -33.891802642338966 ], [ 151.194421861736402, -33.891617462923357 ], [ 151.194450788548409, -33.891571697441933 ], [ 151.194827643175103, -33.891482521268671 ], [ 151.194847556389021, -33.891454912955894 ], [ 151.195855413083819, -33.891199726655536 ], [ 151.195963205313063, -33.891120581142353 ] ], [ [ 151.196198254259912, -33.878703175816355 ], [ 151.196199213842476, -33.878697934760766 ], [ 151.196052641960392, -33.878737640352334 ], [ 151.196198254259912, -33.878703175816355 ] ], [ [ 151.194942465069602, -33.902611341706496 ], [ 151.194839305702686, -33.902686716378419 ], [ 151.195519112376331, -33.902525872775314 ], [ 151.195510293058959, -33.902503137161709 ], [ 151.194951288074719, -33.90263539916581 ], [ 151.194942465069602, -33.902611341706496 ] ], [ [ 151.192203854142662, -33.896973846280567 ], [ 151.192501494849864, -33.896931549887384 ], [ 151.192531104428326, -33.896948684141087 ], [ 151.19251280740707, -33.896983760866334 ], [ 151.192223586607469, -33.897052189135145 ], [ 151.192719899999986, -33.8970066 ], [ 151.192735537478285, -33.897072722175785 ], [ 151.193044955913138, -33.897011469398599 ], [ 151.193711059081693, -33.896792941678278 ], [ 151.194126082738478, -33.896694743037855 ], [ 151.194096534419003, -33.896624341917814 ], [ 151.194982442089952, -33.896346852439684 ], [ 151.195624521738438, -33.896194921360085 ], [ 151.195368746594909, -33.896156857068682 ], [ 151.195381432752839, -33.896098102431004 ], [ 151.194773785246952, -33.896252135386803 ], [ 151.1947774, -33.8963043 ], [ 151.1935097, -33.8967139 ], [ 151.192670535658579, -33.896911686656729 ], [ 151.192409427967903, -33.896925208554833 ], [ 151.192203854142662, -33.896973846280567 ] ], [ [ 151.195849166929889, -33.880779831121266 ], [ 151.195856799355511, -33.880743470300771 ], [ 151.195810081770816, -33.880754527320995 ], [ 151.195800377887991, -33.880791378400218 ], [ 151.195849166929889, -33.880779831121266 ] ], [ [ 151.195547875322291, -33.889704228733557 ], [ 151.195652760834975, -33.889687918338275 ], [ 151.195660050600196, -33.889677682770007 ], [ 151.195547875322291, -33.889704228733557 ] ], [ [ 151.195509641079525, -33.889925626857682 ], [ 151.195614569935941, -33.889890466093384 ], [ 151.195506618785771, -33.889916012314352 ], [ 151.195509641079525, -33.889925626857682 ] ], [ [ 151.195025646013391, -33.890985793997189 ], [ 151.195466401009838, -33.890885032574644 ], [ 151.195463513766299, -33.890875845960664 ], [ 151.195287672175539, -33.890917457344642 ], [ 151.195025646013391, -33.890985793997189 ] ], [ [ 151.195276860943324, -33.89880815091287 ], [ 151.195129352287665, -33.898834100666576 ], [ 151.195089850471476, -33.898868343634682 ], [ 151.194533066502572, -33.899000084592288 ], [ 151.194581836509258, -33.899019051101234 ], [ 151.195291183096316, -33.898855797751388 ], [ 151.195276860943324, -33.89880815091287 ] ], [ [ 151.195485849064113, -33.888668842413566 ], [ 151.195237777799207, -33.888710073421557 ], [ 151.1950859, -33.8888012 ], [ 151.1951652, -33.8888424 ], [ 151.195088361805716, -33.889004901344556 ], [ 151.195492096285136, -33.888917549155344 ], [ 151.195441060700858, -33.888914442532695 ], [ 151.195485849064113, -33.888668842413566 ] ], [ [ 151.195441921355894, -33.889159801635465 ], [ 151.195462427650057, -33.889154948870903 ], [ 151.195454935591584, -33.889151536757112 ], [ 151.195441921355894, -33.889159801635465 ] ], [ [ 151.195142214041852, -33.902903108961837 ], [ 151.195126425282183, -33.902883210560958 ], [ 151.194319533648809, -33.903074118520557 ], [ 151.194333959122275, -33.903083681861276 ], [ 151.195142214041852, -33.902903108961837 ] ], [ [ 151.195387805715399, -33.888591856949184 ], [ 151.195409784570643, -33.88857638024173 ], [ 151.195338023610901, -33.888603637813439 ], [ 151.195387805715399, -33.888591856949184 ] ], [ [ 151.19472023183863, -33.892403770708313 ], [ 151.19468379039111, -33.892444335631652 ], [ 151.194065839922075, -33.892591818568683 ], [ 151.194058880982624, -33.892619148275664 ], [ 151.195230406140126, -33.892326494696292 ], [ 151.19521590252387, -33.892290583987645 ], [ 151.195315383564633, -33.892262937840279 ], [ 151.19472023183863, -33.892403770708313 ] ], [ [ 151.195028735269204, -33.877842050951621 ], [ 151.195122574680198, -33.877898817938998 ], [ 151.195172861325005, -33.877987081240455 ], [ 151.195495880292299, -33.87791062829735 ], [ 151.195513111166264, -33.877871589189368 ], [ 151.195600506926638, -33.877835914308356 ], [ 151.195324037858143, -33.877900101553514 ], [ 151.195290008636249, -33.877855964346914 ], [ 151.195597225354334, -33.877755566348775 ], [ 151.195515533639366, -33.877772761214921 ], [ 151.195457860550221, -33.877740484624624 ], [ 151.195028735269204, -33.877842050951621 ] ], [ [ 151.195312976162541, -33.890396863699138 ], [ 151.195310211415261, -33.89038806674661 ], [ 151.195197055667364, -33.890424295334959 ], [ 151.195312976162541, -33.890396863699138 ] ], [ [ 151.195123111654482, -33.881855638019537 ], [ 151.195331760483356, -33.881820204894353 ], [ 151.195358337862018, -33.881802096332116 ], [ 151.195123111654482, -33.881855638019537 ] ], [ [ 151.1947736663993, -33.898212518462934 ], [ 151.194749694990378, -33.898241325441859 ], [ 151.194252015729148, -33.898362642711405 ], [ 151.194998636961373, -33.898215829959021 ], [ 151.194979218500947, -33.898156776837013 ], [ 151.1947736663993, -33.898212518462934 ] ], [ [ 151.195501212540108, -33.87346472663102 ], [ 151.195431494869752, -33.873468583001873 ], [ 151.19542921472501, -33.873481768372471 ], [ 151.195501212540108, -33.87346472663102 ] ], [ [ 151.194608893941989, -33.898133776968777 ], [ 151.194676809408833, -33.898193286692447 ], [ 151.194970682320132, -33.898130817589923 ], [ 151.194960835245809, -33.898100871785985 ], [ 151.194898402836316, -33.898114579831564 ], [ 151.194928149113736, -33.898058237089842 ], [ 151.194608893941989, -33.898133776968777 ] ], [ [ 151.19484932185145, -33.897714898485297 ], [ 151.194848150775982, -33.897710300287606 ], [ 151.19482673959979, -33.897715366486516 ], [ 151.19484932185145, -33.897714898485297 ] ], [ [ 151.194758124126395, -33.901009392364841 ], [ 151.194189459707957, -33.901149514215483 ], [ 151.194260799810792, -33.901172730455066 ], [ 151.194778099700301, -33.901049262228199 ], [ 151.194758124126395, -33.901009392364841 ] ], [ [ 151.195019947650451, -33.880892705585893 ], [ 151.195061233198913, -33.880936202899647 ], [ 151.195069117128753, -33.880934337005499 ], [ 151.195057935686918, -33.880883714938669 ], [ 151.195019947650451, -33.880892705585893 ] ], [ [ 151.1950476, -33.8707686 ], [ 151.19506512889879, -33.870798686947865 ], [ 151.195149763807791, -33.870778653567363 ], [ 151.195176269296638, -33.87073560939298 ], [ 151.194981927825154, -33.870781610672857 ], [ 151.1950476, -33.8707686 ] ], [ [ 151.194694486546865, -33.889178874030655 ], [ 151.194763575277733, -33.889102906440293 ], [ 151.194575684312269, -33.889153104395199 ], [ 151.1946688580353, -33.88914378618842 ], [ 151.194694486546865, -33.889178874030655 ] ], [ [ 151.194619044799026, -33.890756312752103 ], [ 151.194600102232556, -33.890728925362005 ], [ 151.194446592965534, -33.890756934974554 ], [ 151.194424185945394, -33.890709479438883 ], [ 151.194716311352607, -33.890626815299576 ], [ 151.194702061709989, -33.890581019558759 ], [ 151.19400050473908, -33.890763754940998 ], [ 151.194359600000013, -33.890681100000016 ], [ 151.1943745, -33.8907179 ], [ 151.194246611646861, -33.89075352876943 ], [ 151.194259025991386, -33.89078419405412 ], [ 151.1943207, -33.8907696 ], [ 151.1943359, -33.8908072 ], [ 151.19388242401476, -33.890965869353785 ], [ 151.1941253, -33.8909085 ], [ 151.194151433103855, -33.890975799123012 ], [ 151.194326745527746, -33.890934314743198 ], [ 151.194315884735147, -33.890906368730306 ], [ 151.194466351484209, -33.890869184556557 ], [ 151.194440485550786, -33.890802569301648 ], [ 151.194619044799026, -33.890756312752103 ] ], [ [ 151.194442274007542, -33.881017222164083 ], [ 151.194824883134288, -33.880926671338194 ], [ 151.194920595379074, -33.88091225222631 ], [ 151.194891807304629, -33.88087414562564 ], [ 151.194502642262108, -33.880966248300247 ], [ 151.194344809185708, -33.880985766798204 ], [ 151.194319232962386, -33.880967308308314 ], [ 151.194133115388468, -33.88101135545805 ], [ 151.194442274007542, -33.881017222164083 ] ], [ [ 151.194345009073118, -33.890122078355446 ], [ 151.194415557839534, -33.890149572314094 ], [ 151.194500313665117, -33.890129516061158 ], [ 151.194503191109817, -33.8900743111937 ], [ 151.194707614182761, -33.890008728562677 ], [ 151.194268181455726, -33.89009644684451 ], [ 151.194254942440352, -33.8901380806644 ], [ 151.194050259652158, -33.890191825896984 ], [ 151.194345009073118, -33.890122078355446 ] ], [ [ 151.19463273409761, -33.889218629481952 ], [ 151.194693453089485, -33.889221940892327 ], [ 151.194699496850887, -33.889187014747392 ], [ 151.19463273409761, -33.889218629481952 ] ], [ [ 151.194023452374836, -33.899245286810292 ], [ 151.194371302995222, -33.89917701031375 ], [ 151.194460702298784, -33.899141831417353 ], [ 151.194023452374836, -33.899245286810292 ] ], [ [ 151.19439352414787, -33.898522249248209 ], [ 151.194395701816148, -33.898540769919329 ], [ 151.194405896508272, -33.898519321845576 ], [ 151.19439352414787, -33.898522249248209 ] ], [ [ 151.191072696389369, -33.87637769684283 ], [ 151.191148985292244, -33.876391522714954 ], [ 151.191153446094802, -33.876466924552957 ], [ 151.191356316933877, -33.876496667182316 ], [ 151.191375918635487, -33.876538191201014 ], [ 151.191143205484821, -33.876608563202829 ], [ 151.191167892792464, -33.876634784573561 ], [ 151.191147350328407, -33.876659475885795 ], [ 151.190458682008455, -33.876822446929552 ], [ 151.190423471627355, -33.876816065562529 ], [ 151.19042337288127, -33.876778909154154 ], [ 151.190329676105989, -33.876801081815799 ], [ 151.190192499001313, -33.876862837110117 ], [ 151.190271201569885, -33.876862865359158 ], [ 151.190036303178601, -33.876925532242531 ], [ 151.190425984713755, -33.876854668099462 ], [ 151.190025477862974, -33.876952828691749 ], [ 151.189820081087277, -33.877021455422152 ], [ 151.191379789894171, -33.876641423284092 ], [ 151.191497157896322, -33.876662693558117 ], [ 151.191516513992354, -33.87676368033619 ], [ 151.191638638024671, -33.876766238569104 ], [ 151.192677097894546, -33.876555075930163 ], [ 151.192676571033132, -33.87658006114458 ], [ 151.192305965451652, -33.876667769338972 ], [ 151.19231420027694, -33.876754950305425 ], [ 151.1926178, -33.876683099999987 ], [ 151.1930037, -33.8769576 ], [ 151.1925604, -33.8776449 ], [ 151.192007219674963, -33.877775813730345 ], [ 151.19225530665193, -33.877734545889524 ], [ 151.192300825945779, -33.877751060630267 ], [ 151.192299212566297, -33.877827552020022 ], [ 151.192090251645254, -33.87788338248636 ], [ 151.192353677378918, -33.877855425792426 ], [ 151.192340319972999, -33.877906705112807 ], [ 151.192149549282135, -33.877960202980169 ], [ 151.192178367647728, -33.877997537311479 ], [ 151.192423297537658, -33.87796058161365 ], [ 151.192408053669283, -33.87798981239979 ], [ 151.192243927922163, -33.878046345716001 ], [ 151.1925473, -33.8779746 ], [ 151.192595899999986, -33.8780342 ], [ 151.192341355212051, -33.878129646823439 ], [ 151.192750018025606, -33.878032933652079 ], [ 151.192828744398724, -33.87793819355857 ], [ 151.193234888760031, -33.877822944665041 ], [ 151.193037745396794, -33.877492782694176 ], [ 151.194028180237808, -33.877119315469784 ], [ 151.193980968776202, -33.877060017090692 ], [ 151.19406192218463, -33.876982037258848 ], [ 151.193998499069068, -33.87699651278816 ], [ 151.193983915557084, -33.876977596698474 ], [ 151.194075098499525, -33.876950939640274 ], [ 151.194053834971015, -33.876851242328691 ], [ 151.193579674202851, -33.876963463165765 ], [ 151.193369809373451, -33.876620765200286 ], [ 151.193002731048011, -33.876707640818772 ], [ 151.192926441512924, -33.87669381607671 ], [ 151.192912559673516, -33.876629736541332 ], [ 151.192951247049677, -33.876598582882608 ], [ 151.193304960756649, -33.876514870297392 ], [ 151.193215231907487, -33.876368346613269 ], [ 151.192374129279557, -33.876549734816315 ], [ 151.192318912758765, -33.876478111275297 ], [ 151.192346962001182, -33.876424324669514 ], [ 151.192748838983135, -33.876320178609483 ], [ 151.192607867118937, -33.876297878124937 ], [ 151.192609444565392, -33.876215216737606 ], [ 151.192103782097632, -33.87631409791161 ], [ 151.192038821934744, -33.876229834788674 ], [ 151.192088199153574, -33.876157772189472 ], [ 151.192026808239916, -33.876119184506024 ], [ 151.192031605959301, -33.876066345904498 ], [ 151.191947260275413, -33.876017870165747 ], [ 151.191968935404901, -33.875934658250671 ], [ 151.192783838325283, -33.875732763998769 ], [ 151.192799668313654, -33.875666056023107 ], [ 151.193736550913371, -33.875445927322509 ], [ 151.1937809548389, -33.875471627988894 ], [ 151.193769480773, -33.87551568156092 ], [ 151.193603798648013, -33.87555967860866 ], [ 151.193633115512625, -33.875579460015125 ], [ 151.193788652352367, -33.875543718353043 ], [ 151.193818255010285, -33.875560852121019 ], [ 151.193799963486811, -33.875595929319658 ], [ 151.193654605564603, -33.875630332039357 ], [ 151.193635826714257, -33.875672031962409 ], [ 151.193832218555514, -33.875634647272427 ], [ 151.193674526191217, -33.875685717397268 ], [ 151.19370170004342, -33.875740807255966 ], [ 151.193884668729538, -33.875710108031228 ], [ 151.1936801298896, -33.875779267273579 ], [ 151.193779809145269, -33.875845351676134 ], [ 151.19474586754464, -33.87561411094827 ], [ 151.194758304808545, -33.875574505274528 ], [ 151.194882366824288, -33.875540357456394 ], [ 151.194633091895156, -33.875595971913491 ], [ 151.194611430964699, -33.875560228876807 ], [ 151.19401891375864, -33.875685752619098 ], [ 151.194030361760696, -33.875641798707107 ], [ 151.194551934009979, -33.875518352480476 ], [ 151.19454217475959, -33.875499713368633 ], [ 151.194287713764766, -33.875545225913605 ], [ 151.194299161607944, -33.87550127197057 ], [ 151.194542293197372, -33.875443726989381 ], [ 151.194524518807015, -33.87541298888533 ], [ 151.194460519568054, -33.875402926184492 ], [ 151.194496056243224, -33.875363767162142 ], [ 151.194473130050994, -33.875324119716694 ], [ 151.194358449696722, -33.87533865746844 ], [ 151.194458898793727, -33.875299508850496 ], [ 151.194382781328443, -33.875245082115157 ], [ 151.194413646584877, -33.875221251710443 ], [ 151.194390295994253, -33.875180870186512 ], [ 151.194439266532584, -33.875161353874823 ], [ 151.194279310743326, -33.875198142499698 ], [ 151.194251808984149, -33.875158309180634 ], [ 151.194147793487332, -33.87515771749711 ], [ 151.194166084768909, -33.875122640236711 ], [ 151.194399156014299, -33.875061813034563 ], [ 151.1939144961176, -33.875168119553351 ], [ 151.194385076051447, -33.87504306560534 ], [ 151.193841006235829, -33.875171836553179 ], [ 151.193798952836744, -33.875156579475046 ], [ 151.193817244258412, -33.875121502271107 ], [ 151.194349392480234, -33.874995552992324 ], [ 151.194326778940848, -33.874965443072334 ], [ 151.193903926809327, -33.875065524239872 ], [ 151.19383350687886, -33.875052763492931 ], [ 151.193835118720983, -33.874976272003863 ], [ 151.19409022696243, -33.874909514147348 ], [ 151.194104972789091, -33.874868453790413 ], [ 151.192300183701605, -33.875295598673382 ], [ 151.192183505742179, -33.875100131115232 ], [ 151.19180087251948, -33.875188367255561 ], [ 151.191736734637203, -33.875151243067982 ], [ 151.191766430729871, -33.875080572958929 ], [ 151.191447988200565, -33.875153438183787 ], [ 151.191378916838715, -33.875113458096344 ], [ 151.191384861708343, -33.875059241030819 ], [ 151.191199621063362, -33.875098434165537 ], [ 151.191088730895046, -33.875143803811753 ], [ 151.191056057072302, -33.875208585302616 ], [ 151.190925647071424, -33.875273911424358 ], [ 151.190895286677602, -33.87532705752713 ], [ 151.190705510210762, -33.87538560015178 ], [ 151.190677130071492, -33.875470205943081 ], [ 151.190419250815012, -33.875541863871902 ], [ 151.190470684785964, -33.875708379249232 ], [ 151.190442634641272, -33.875762165402762 ], [ 151.18999576735149, -33.875876950608074 ], [ 151.190239330939164, -33.875864899355413 ], [ 151.190237985019564, -33.875928642127157 ], [ 151.190135837811454, -33.875958130235112 ], [ 151.190138100000013, -33.8760314 ], [ 151.189796079304159, -33.876112336274723 ], [ 151.189817495497181, -33.876139234775707 ], [ 151.19070958862568, -33.875946836870177 ], [ 151.190817077191213, -33.875989665551806 ], [ 151.190835228199376, -33.87607346211275 ], [ 151.190784636365976, -33.876114200621231 ], [ 151.190572236964044, -33.876164464404127 ], [ 151.19060012306025, -33.87620971592699 ], [ 151.191017876800743, -33.876120664806237 ], [ 151.19109374046252, -33.876148190074574 ], [ 151.191124049772185, -33.876212397665292 ], [ 151.191055575160874, -33.87629470201481 ], [ 151.190674604174063, -33.876384858216909 ], [ 151.190996617291205, -33.876338963757128 ], [ 151.190981373258893, -33.876368194367501 ], [ 151.190730705554159, -33.876427514430276 ], [ 151.190752339605439, -33.876453508841699 ], [ 151.191072696389369, -33.87637769684283 ] ], [ [ 151.194552031047124, -33.880872185987663 ], [ 151.194548280912585, -33.880831861943676 ], [ 151.194206585147327, -33.880894665232859 ], [ 151.194545734893779, -33.880804485369339 ], [ 151.194542906096956, -33.880774068152903 ], [ 151.19421014166889, -33.880851573292304 ], [ 151.194172977972073, -33.880819467652181 ], [ 151.194196944418678, -33.88079066055532 ], [ 151.19472840766926, -33.880640657337523 ], [ 151.194730155546807, -33.880602846796613 ], [ 151.194535083423716, -33.880617541589082 ], [ 151.194528361936705, -33.880555558912903 ], [ 151.193922026522642, -33.880691018865186 ], [ 151.194206206096482, -33.880689606453132 ], [ 151.193823597476523, -33.880780155373266 ], [ 151.193664549482605, -33.880772664448529 ], [ 151.193475066590935, -33.880805247153567 ], [ 151.1934226, -33.8809484 ], [ 151.192935671038953, -33.881063633585633 ], [ 151.193015800000012, -33.881059 ], [ 151.193021930242651, -33.881127507129868 ], [ 151.1935068, -33.8810234 ], [ 151.193708500000014, -33.881008899999983 ], [ 151.193713498753567, -33.881058215133919 ], [ 151.193934950827213, -33.881030274245504 ], [ 151.194552031047124, -33.880872185987663 ] ], [ [ 151.19426989949568, -33.898710306104313 ], [ 151.194285744921331, -33.898743862260446 ], [ 151.194064409474464, -33.898809333417148 ], [ 151.194293459398608, -33.898755871656938 ], [ 151.19432398274509, -33.898691655534051 ], [ 151.19411112356093, -33.898742019300421 ], [ 151.19426989949568, -33.898710306104313 ] ], [ [ 151.194363752212013, -33.889000444910145 ], [ 151.194389380532158, -33.889007955429911 ], [ 151.194457319628697, -33.888991878387209 ], [ 151.194431531000873, -33.888984405816167 ], [ 151.194363752212013, -33.889000444910145 ] ], [ [ 151.194360810727659, -33.89238621525886 ], [ 151.194048336186228, -33.892455935017672 ], [ 151.194032565659285, -33.892495843450391 ], [ 151.194325854076794, -33.892419818797372 ], [ 151.194360810727659, -33.89238621525886 ] ], [ [ 151.194122750482052, -33.902990661803258 ], [ 151.193622050154801, -33.903075241657973 ], [ 151.193582063986213, -33.903114065375334 ], [ 151.194122750482052, -33.902990661803258 ] ], [ [ 151.194305950438206, -33.891158447258071 ], [ 151.194288919147198, -33.891162477389493 ], [ 151.194308631132628, -33.8911599985423 ], [ 151.194305950438206, -33.891158447258071 ] ], [ [ 151.194156690021799, -33.89807289881194 ], [ 151.193602871372917, -33.898089485852736 ], [ 151.193045122259917, -33.898221449287249 ], [ 151.193133091915314, -33.898213888923102 ], [ 151.193177507135033, -33.898239590096082 ], [ 151.193166029161119, -33.898283643347263 ], [ 151.193091351139287, -33.898306096063372 ], [ 151.193157394598472, -33.898306478305116 ], [ 151.193174200669716, -33.898342070119796 ], [ 151.193102680748467, -33.89837811283104 ], [ 151.193649749834947, -33.898252650984467 ], [ 151.193648025843714, -33.898194692391108 ], [ 151.194156690021799, -33.89807289881194 ] ], [ [ 151.194518861799992, -33.880467952596497 ], [ 151.193950520459168, -33.880580155817007 ], [ 151.193908047909559, -33.880543463572913 ], [ 151.193935438138766, -33.880510541234031 ], [ 151.194057539756614, -33.880481644347405 ], [ 151.194041670381836, -33.880451461423249 ], [ 151.19407248429701, -33.880414423754573 ], [ 151.194502033033814, -33.880312764354002 ], [ 151.19449702729068, -33.880266603279715 ], [ 151.193998978014349, -33.880382869041725 ], [ 151.193955225872884, -33.880326120741373 ], [ 151.19448662082263, -33.880170638631789 ], [ 151.193635466461018, -33.880356857648387 ], [ 151.193614885420885, -33.880412722027714 ], [ 151.19375554171171, -33.880394702729049 ], [ 151.193607357185869, -33.880433156357228 ], [ 151.193596396045905, -33.880462908802144 ], [ 151.193730544103261, -33.88044875092158 ], [ 151.193588867801537, -33.880483343130066 ], [ 151.193567700000017, -33.8805408 ], [ 151.193133992897828, -33.880646943676183 ], [ 151.193351452147027, -33.880701996106708 ], [ 151.193800544439512, -33.880596606437003 ], [ 151.193881890616098, -33.880624266109173 ], [ 151.194518861799992, -33.880467952596497 ] ], [ [ 151.194147549719077, -33.885492662071606 ], [ 151.194141737987906, -33.885516458937182 ], [ 151.194351118810459, -33.885456763501246 ], [ 151.194322019253264, -33.885449869977016 ], [ 151.194147549719077, -33.885492662071606 ] ], [ [ 151.194230265893282, -33.879541470758049 ], [ 151.193849742868309, -33.879643678490744 ], [ 151.19409666220298, -33.879586311435631 ], [ 151.19412760007387, -33.8796173483098 ], [ 151.194262315810562, -33.879597674740552 ], [ 151.194230265893282, -33.879541470758049 ] ], [ [ 151.193695101966625, -33.899939565894655 ], [ 151.193693545526656, -33.899942004676127 ], [ 151.193786219631306, -33.899918007641894 ], [ 151.193695101966625, -33.899939565894655 ] ], [ [ 151.194002996240073, -33.885485475802753 ], [ 151.193971626949264, -33.88551328522729 ], [ 151.194048707228404, -33.885495044438109 ], [ 151.194002996240073, -33.885485475802753 ] ], [ [ 151.193271586445832, -33.899182231036818 ], [ 151.193468885707063, -33.899152649289221 ], [ 151.193719951308111, -33.899071228952273 ], [ 151.193701768547612, -33.899043676259787 ], [ 151.193633118163802, -33.899052284769581 ], [ 151.19375854406502, -33.898986402890458 ], [ 151.193355185486013, -33.899065899042476 ], [ 151.193354964193958, -33.899130291787181 ], [ 151.193262047459257, -33.899157591200122 ], [ 151.193271586445832, -33.899182231036818 ] ], [ [ 151.193906320657931, -33.887993497555371 ], [ 151.193905847828319, -33.888001599113757 ], [ 151.193966195897417, -33.887979328797137 ], [ 151.193906320657931, -33.887993497555371 ] ], [ [ 151.193691415920597, -33.885372589325875 ], [ 151.193905986806982, -33.885334803361907 ], [ 151.193999097372398, -33.885335174798442 ], [ 151.193935041454665, -33.885308996037473 ], [ 151.193691415920597, -33.885372589325875 ] ], [ [ 151.193643652559956, -33.900084812642703 ], [ 151.193663531496981, -33.900061554124207 ], [ 151.193595068697704, -33.900096307408006 ], [ 151.193643652559956, -33.900084812642703 ] ], [ [ 151.193553923179678, -33.902991569189609 ], [ 151.193410972292071, -33.903069221973503 ], [ 151.193584879411475, -33.903028078018643 ], [ 151.193553923179678, -33.902991569189609 ] ], [ [ 151.194002824290834, -33.882348326709739 ], [ 151.19400665401858, -33.882348176470458 ], [ 151.194006863902928, -33.882347370708352 ], [ 151.194002824290834, -33.882348326709739 ] ], [ [ 151.193390161918956, -33.900611600040634 ], [ 151.193615479971641, -33.900558291196262 ], [ 151.19361536508552, -33.900557966963106 ], [ 151.193390161918956, -33.900611600040634 ] ], [ [ 151.193867240091549, -33.873914480003918 ], [ 151.193857946816252, -33.873959695480337 ], [ 151.194085946273134, -33.873868026234291 ], [ 151.193913501852961, -33.873908841042798 ], [ 151.193867240091549, -33.873914480003918 ] ], [ [ 151.193815450911899, -33.885596875303818 ], [ 151.19277552833708, -33.885839482917525 ], [ 151.192583298126522, -33.885911270463033 ], [ 151.192594693062091, -33.885930486263575 ], [ 151.193016430467679, -33.885849724596149 ], [ 151.19310405251224, -33.885881855194498 ], [ 151.193378014058595, -33.885819104250025 ], [ 151.193116214970928, -33.885897629743759 ], [ 151.193128246751172, -33.885994748914463 ], [ 151.192997906685378, -33.886079800358814 ], [ 151.193082181268409, -33.886073371305798 ], [ 151.193118962932772, -33.886149054110398 ], [ 151.193199533825037, -33.88616234674668 ], [ 151.193230351457629, -33.886105395656578 ], [ 151.193492335683544, -33.886043399940696 ], [ 151.193462647407301, -33.885976135485215 ], [ 151.193425426470554, -33.88597233840752 ], [ 151.193446528347494, -33.885899799691316 ], [ 151.193763588218104, -33.885812802463185 ], [ 151.1937721895126, -33.885794576367644 ], [ 151.193680632279296, -33.885815707681665 ], [ 151.193645857505743, -33.885798575780747 ], [ 151.193482423175624, -33.885834754117667 ], [ 151.193429312118411, -33.885815487279892 ], [ 151.193408092226889, -33.88577054231375 ], [ 151.193431193783454, -33.885726247385193 ], [ 151.193800065571935, -33.885631514692719 ], [ 151.193815450911899, -33.885596875303818 ] ], [ [ 151.193351862342155, -33.886347948206385 ], [ 151.192701609381743, -33.886520662021205 ], [ 151.192682708538342, -33.886559174779158 ], [ 151.193336478135649, -33.886429333684084 ], [ 151.193790784213945, -33.886320016128344 ], [ 151.193457317662194, -33.886397144219671 ], [ 151.193351862342155, -33.886347948206385 ] ], [ [ 151.193557718280061, -33.895251445407716 ], [ 151.193487125301203, -33.895271082839265 ], [ 151.193522446817127, -33.895346673195498 ], [ 151.193594332819146, -33.895329664169772 ], [ 151.193557718280061, -33.895251445407716 ] ], [ [ 151.193858300548953, -33.880678571998743 ], [ 151.193804375079736, -33.880699744077646 ], [ 151.19388606235907, -33.880692262168523 ], [ 151.193858300548953, -33.880678571998743 ] ], [ [ 151.193601507014137, -33.886431901851779 ], [ 151.193587619818743, -33.886451400173463 ], [ 151.193757492267963, -33.886394989373393 ], [ 151.193601507014137, -33.886431901851779 ] ], [ [ 151.193793241690258, -33.880674933715127 ], [ 151.193848378804859, -33.880662267372109 ], [ 151.193848299990094, -33.880661903589953 ], [ 151.193793241690258, -33.880674933715127 ] ], [ [ 151.185485683170526, -33.89391574398077 ], [ 151.185480827665401, -33.894027465105665 ], [ 151.185543821874063, -33.894100500521269 ], [ 151.18551747013737, -33.894152232826258 ], [ 151.185579568952505, -33.894225105917371 ], [ 151.185553885750153, -33.894276034924111 ], [ 151.185794703462847, -33.894219070600016 ], [ 151.185797658993749, -33.894160762045821 ], [ 151.185854217714507, -33.894115233664081 ], [ 151.18686464292054, -33.893876215328788 ], [ 151.186864396748206, -33.893826008874427 ], [ 151.187485778755843, -33.893679014641698 ], [ 151.187487005554004, -33.893657188519263 ], [ 151.186999924634023, -33.893788879567225 ], [ 151.186984082933833, -33.893755322571039 ], [ 151.187450731947621, -33.893645571146394 ], [ 151.186620398799676, -33.893828743679144 ], [ 151.186551315167179, -33.893788760579739 ], [ 151.186552337700732, -33.893740464543299 ], [ 151.186594012057412, -33.893706917043382 ], [ 151.18812470192816, -33.893344813199235 ], [ 151.188182615643569, -33.893345665155934 ], [ 151.188222844462643, -33.893380418052608 ], [ 151.188209657530791, -33.893504658602858 ], [ 151.187585795882427, -33.893667923140413 ], [ 151.188244565475117, -33.893525635557197 ], [ 151.188298845960645, -33.893557050122332 ], [ 151.188294840739957, -33.89359884536988 ], [ 151.189055060869748, -33.893420780540495 ], [ 151.189104406990879, -33.89344933891951 ], [ 151.189093845275522, -33.893495651243718 ], [ 151.189229984543402, -33.893482526423767 ], [ 151.189229310762073, -33.893514397700677 ], [ 151.189101619961264, -33.893572302622495 ], [ 151.188330532527004, -33.893754228286411 ], [ 151.188152771132422, -33.893840841527549 ], [ 151.187631902823426, -33.893964061250408 ], [ 151.188330327648799, -33.893816354298778 ], [ 151.188369804516128, -33.893839201234108 ], [ 151.188345407215849, -33.893885969352908 ], [ 151.18765257850103, -33.894066635907123 ], [ 151.187655780764715, -33.894078210357449 ], [ 151.188358337898563, -33.893903062428393 ], [ 151.188411245466, -33.893946293689289 ], [ 151.188383798488815, -33.893998907830586 ], [ 151.187796916141025, -33.894138172577719 ], [ 151.188227998014099, -33.894037938474632 ], [ 151.188272410822293, -33.894063647092842 ], [ 151.188389690185403, -33.894036259103181 ], [ 151.188465576258437, -33.894053657563489 ], [ 151.188595982424488, -33.894017751699806 ], [ 151.188546655760206, -33.893855961713307 ], [ 151.18867546748649, -33.89381532983456 ], [ 151.188622117813111, -33.8937940350567 ], [ 151.188499478903424, -33.893822334578843 ], [ 151.188491939058451, -33.893787527059253 ], [ 151.189257282779465, -33.893606465667915 ], [ 151.189286673900455, -33.89362413619984 ], [ 151.189944062253886, -33.893419270636301 ], [ 151.1907094, -33.89323820000002 ], [ 151.190773808303192, -33.893358836076992 ], [ 151.191150236125281, -33.893269775207884 ], [ 151.191162383242727, -33.893200394276427 ], [ 151.19137681493487, -33.893142749897692 ], [ 151.191362370024308, -33.893080873993981 ], [ 151.190993116884016, -33.893165919633887 ], [ 151.190928966274441, -33.893128794700146 ], [ 151.190945546036431, -33.893065162497919 ], [ 151.19204007398136, -33.8927992861435 ], [ 151.192187009374891, -33.892791487874341 ], [ 151.192176072204262, -33.892768484872988 ], [ 151.192210272367845, -33.89275728509152 ], [ 151.192736674496075, -33.892627988441298 ], [ 151.192778874704942, -33.892613388711183 ], [ 151.19274307532109, -33.892537988510284 ], [ 151.193068690463008, -33.892450162528228 ], [ 151.193109277236829, -33.892399890855984 ], [ 151.193261685473203, -33.892349457939872 ], [ 151.193573774330503, -33.89227561160596 ], [ 151.193602806364453, -33.892236773864788 ], [ 151.192717949961832, -33.892440691432441 ], [ 151.192537410423512, -33.892497642879043 ], [ 151.1925709, -33.8925686 ], [ 151.191512570324079, -33.892842680679102 ], [ 151.191499617543968, -33.892816070355209 ], [ 151.191249369549666, -33.892875279014433 ], [ 151.191193240266188, -33.892750156293921 ], [ 151.191089588352156, -33.892757873574212 ], [ 151.191172472626306, -33.892703861227801 ], [ 151.191011345950301, -33.892741983452837 ], [ 151.191003673618752, -33.892779694171821 ], [ 151.190402288258866, -33.892956738156514 ], [ 151.190290531017808, -33.893035785837498 ], [ 151.189830228148026, -33.893144687796621 ], [ 151.189742433145, -33.893196754271834 ], [ 151.189418462079345, -33.893287343370204 ], [ 151.18894888009973, -33.893397544871 ], [ 151.188832597901524, -33.893318898988447 ], [ 151.188398593278919, -33.893404407463812 ], [ 151.188391119135019, -33.89336990292496 ], [ 151.188471134446104, -33.893309022289905 ], [ 151.189154797406189, -33.893131979843609 ], [ 151.189122006671624, -33.893110344793023 ], [ 151.189132210422031, -33.893071186691756 ], [ 151.189252750771431, -33.893038416792095 ], [ 151.189169499253097, -33.89284985913612 ], [ 151.189509012053236, -33.892746473916958 ], [ 151.188998606637512, -33.892812654324416 ], [ 151.188973870410678, -33.892857854946968 ], [ 151.188525975591944, -33.892969658209282 ], [ 151.188593767664742, -33.892993022514567 ], [ 151.18904259446731, -33.892897235077449 ], [ 151.189070600104941, -33.892956555602197 ], [ 151.188966245972154, -33.892998164588988 ], [ 151.188980431232693, -33.893017712224768 ], [ 151.189066106648255, -33.893006798515209 ], [ 151.189091311764372, -33.893060186983583 ], [ 151.188929088493552, -33.893132714521748 ], [ 151.186764356469808, -33.893649476488754 ], [ 151.186711531098865, -33.893639902548593 ], [ 151.186712745595997, -33.893582534331202 ], [ 151.186969135857339, -33.893517099222365 ], [ 151.186992020008972, -33.893468791758586 ], [ 151.186709168023555, -33.893517255128728 ], [ 151.186093811154876, -33.893686594784455 ], [ 151.186107115106665, -33.89372838169956 ], [ 151.1865953, -33.8936129 ], [ 151.186622, -33.893678 ], [ 151.185974155539213, -33.893839131373262 ], [ 151.185952734387172, -33.893799975318068 ], [ 151.185485683170526, -33.89391574398077 ] ], [ [ 151.192792733576596, -33.900349321716817 ], [ 151.192805550278933, -33.900408471966131 ], [ 151.192689119590369, -33.900486865142199 ], [ 151.192672471617414, -33.900539403687311 ], [ 151.1925801471223, -33.900579570917998 ], [ 151.192594034477793, -33.90061223623708 ], [ 151.19342153097034, -33.900416459141574 ], [ 151.193134634293216, -33.900464972551497 ], [ 151.193119995186521, -33.900433970581091 ], [ 151.193267834078426, -33.900396866895399 ], [ 151.193292083177198, -33.900341930884146 ], [ 151.193203157764003, -33.900360294557892 ], [ 151.193127214040999, -33.900324064470254 ], [ 151.192865983444335, -33.900385869030636 ], [ 151.192792733576596, -33.900349321716817 ] ], [ [ 151.193735577267034, -33.881305794312468 ], [ 151.19375827871977, -33.881304300508198 ], [ 151.193771221693851, -33.881297358777879 ], [ 151.193735577267034, -33.881305794312468 ] ], [ [ 151.18902426153258, -33.886878017024969 ], [ 151.189065352817721, -33.88682863538326 ], [ 151.189657102313873, -33.886688626376539 ], [ 151.189734748951764, -33.886424587028877 ], [ 151.189629341827754, -33.886430816331945 ], [ 151.189577622331598, -33.88638613469012 ], [ 151.189600578163009, -33.886298028709547 ], [ 151.189718612800192, -33.886260532964101 ], [ 151.189624427068679, -33.886189438982569 ], [ 151.189626322298238, -33.886099746079701 ], [ 151.189703708193775, -33.886037441262843 ], [ 151.190366744628022, -33.885880560012772 ], [ 151.190293296320107, -33.885797401999206 ], [ 151.190207766922555, -33.885802047124635 ], [ 151.190164667381254, -33.885764812625482 ], [ 151.190183796581579, -33.885691390856259 ], [ 151.190279119009375, -33.885660862950743 ], [ 151.190297714833918, -33.885580200594617 ], [ 151.191425253649982, -33.885304898288055 ], [ 151.19143497147013, -33.885268497925452 ], [ 151.191938085553232, -33.885149447448917 ], [ 151.190304872163921, -33.885523481672706 ], [ 151.189530600561284, -33.885629195435371 ], [ 151.189456702073613, -33.885434295061508 ], [ 151.189440502854438, -33.88533809499549 ], [ 151.189469503064061, -33.885318995170643 ], [ 151.191885811820981, -33.884746102424799 ], [ 151.192451032927806, -33.884651946837401 ], [ 151.192705200703642, -33.88468193090614 ], [ 151.19292901492139, -33.884632178237062 ], [ 151.192986300469101, -33.88465058451159 ], [ 151.193207355657137, -33.884609750137194 ], [ 151.19327186763573, -33.884633172823044 ], [ 151.193641201318997, -33.884545771956752 ], [ 151.193594889283048, -33.88454896027973 ], [ 151.193588920961503, -33.88447478612968 ], [ 151.19265998648558, -33.884610052970977 ], [ 151.192651092077966, -33.884509137298338 ], [ 151.192600436873988, -33.884479787120405 ], [ 151.191980846853028, -33.884632551164145 ], [ 151.19169635118709, -33.884644250875475 ], [ 151.191343343339014, -33.884727782210518 ], [ 151.191002942366396, -33.884766780059039 ], [ 151.190915940013952, -33.884735726173631 ], [ 151.190436614213297, -33.884849144087539 ], [ 151.190427403791034, -33.884894394453077 ], [ 151.18957316207792, -33.885095449074399 ], [ 151.189541307510808, -33.885067928770539 ], [ 151.189565251783932, -33.885039906562348 ], [ 151.190234243353189, -33.884859723396779 ], [ 151.190211360987263, -33.884829449607317 ], [ 151.190077414493345, -33.884884383034382 ], [ 151.189146645631638, -33.885103541814011 ], [ 151.189114791203878, -33.885076021404217 ], [ 151.189135336370413, -33.885051330548336 ], [ 151.189893799066169, -33.884857346835673 ], [ 151.189882283594727, -33.884818390371123 ], [ 151.189778100253562, -33.8848430414129 ], [ 151.189762420241635, -33.884870268560839 ], [ 151.189216358869771, -33.884998579697132 ], [ 151.1892069344579, -33.884955070312998 ], [ 151.189566939677093, -33.884869890207796 ], [ 151.189037844572908, -33.884992553333568 ], [ 151.189022696725431, -33.88494626496098 ], [ 151.189459245999245, -33.884842974456255 ], [ 151.189404414632918, -33.884829809042493 ], [ 151.189393395199829, -33.884774715921466 ], [ 151.188930981549902, -33.884884125889307 ], [ 151.188881914896825, -33.884866323885412 ], [ 151.188903259833069, -33.884825401549854 ], [ 151.189113432107973, -33.884766814275089 ], [ 151.188670210504483, -33.884877173081904 ], [ 151.1887874, -33.8848833 ], [ 151.188812500000012, -33.8850013 ], [ 151.1887709, -33.8852462 ], [ 151.188724570042353, -33.885257161727054 ], [ 151.188737777033651, -33.88533832973927 ], [ 151.189245699999987, -33.885313 ], [ 151.189266800000013, -33.885466 ], [ 151.189145548358027, -33.8854946886918 ], [ 151.1893331, -33.8864296 ], [ 151.188621390880684, -33.88659798983322 ], [ 151.187599688272542, -33.886702383830901 ], [ 151.187526268116017, -33.886456382922091 ], [ 151.187229908315487, -33.886526497286809 ], [ 151.1873247, -33.8865559 ], [ 151.187362024171478, -33.886799717135027 ], [ 151.1876154, -33.886761 ], [ 151.1879586, -33.8868117 ], [ 151.1879821, -33.8869629 ], [ 151.187920160139697, -33.886986197718919 ], [ 151.1884059, -33.8868896 ], [ 151.188429190356231, -33.887015935507371 ], [ 151.18902426153258, -33.886878017024969 ] ], [ [ 151.193456697691801, -33.892660781634248 ], [ 151.193032014252083, -33.892809006409834 ], [ 151.193467986146175, -33.892700060414057 ], [ 151.193456697691801, -33.892660781634248 ] ], [ [ 151.193526416377608, -33.879104586848236 ], [ 151.193578651392045, -33.879160094469171 ], [ 151.193748629187496, -33.879133474199769 ], [ 151.193716285871659, -33.879059651602624 ], [ 151.193526416377608, -33.879104586848236 ] ], [ [ 151.193790478248843, -33.874208013420031 ], [ 151.193704502729986, -33.874332868082682 ], [ 151.193843332094133, -33.874300009880706 ], [ 151.193790478248843, -33.874208013420031 ] ], [ [ 151.1917508, -33.902660500000025 ], [ 151.1919138, -33.9027627 ], [ 151.191852631828453, -33.902846920958787 ], [ 151.191889645740474, -33.902890610697895 ], [ 151.191808537724341, -33.902921643343355 ], [ 151.191842400000013, -33.9029429 ], [ 151.191806180823335, -33.902982734153341 ], [ 151.191899904154951, -33.902938872934385 ], [ 151.191908681554224, -33.90290180125325 ], [ 151.192213252164294, -33.902829747834481 ], [ 151.191989815231636, -33.902878372363368 ], [ 151.191957953510155, -33.90285085251891 ], [ 151.192121419318568, -33.902781796769482 ], [ 151.192020221929369, -33.902794260608104 ], [ 151.191980740015282, -33.902771414708241 ], [ 151.191990943828245, -33.90273225642337 ], [ 151.192060175648379, -33.902711625503706 ], [ 151.192056223962169, -33.9026641739353 ], [ 151.192282429329197, -33.902606938376955 ], [ 151.192144721617836, -33.902628685869963 ], [ 151.192131934116418, -33.902569669422952 ], [ 151.192557741068441, -33.902451913550834 ], [ 151.192345204230975, -33.902492687234719 ], [ 151.192313342528649, -33.90246516748153 ], [ 151.192631286300923, -33.902370118843926 ], [ 151.192554684683643, -33.90234842303974 ], [ 151.192645926321234, -33.90232176072773 ], [ 151.192590123690081, -33.902300561746195 ], [ 151.192381008753898, -33.902325246884729 ], [ 151.192352269747744, -33.902300424255785 ], [ 151.192365024218873, -33.902251476348191 ], [ 151.192586229472255, -33.902190497320198 ], [ 151.192593841858098, -33.902161181768612 ], [ 151.193027011060707, -33.90205644959655 ], [ 151.192672609123377, -33.902131297865232 ], [ 151.192650650337015, -33.902084794832852 ], [ 151.19273214013927, -33.902062326460076 ], [ 151.192707267151434, -33.902013081390322 ], [ 151.192644805351847, -33.902026788566822 ], [ 151.192612943715943, -33.901999268891707 ], [ 151.192717310911974, -33.901954747610539 ], [ 151.192696746638973, -33.901918875350098 ], [ 151.192724144544968, -33.901885953627712 ], [ 151.193255917355543, -33.901707511625133 ], [ 151.193077483566725, -33.901748656607992 ], [ 151.193015452314341, -33.901722386041996 ], [ 151.193007975727568, -33.901687881743321 ], [ 151.193079973585043, -33.901639804238386 ], [ 151.193054306639311, -33.901601620620454 ], [ 151.193073817040954, -33.901568369933926 ], [ 151.19257248880416, -33.901686976394693 ], [ 151.192596228136608, -33.901716649088804 ], [ 151.192574391691437, -33.901802896353935 ], [ 151.192529738620323, -33.901838842171422 ], [ 151.192020577382038, -33.901959298905666 ], [ 151.191975909833388, -33.902000097242421 ], [ 151.192015140925747, -33.902061870243159 ], [ 151.191988129898988, -33.902101420994001 ], [ 151.1923492, -33.902016 ], [ 151.192451799999986, -33.9020754 ], [ 151.192268, -33.9022939 ], [ 151.192027113061869, -33.902350888135707 ], [ 151.191984449300207, -33.90241296314781 ], [ 151.191633336398496, -33.902496026939247 ], [ 151.191874062067626, -33.902452530793724 ], [ 151.191784171201363, -33.902590817428312 ], [ 151.191275746359025, -33.902719789482802 ], [ 151.191673986647771, -33.902638931354922 ], [ 151.191704547712192, -33.902671441972707 ], [ 151.1917508, -33.902660500000025 ] ], [ [ 151.193384945465681, -33.881328505874897 ], [ 151.193496544348477, -33.881321384155235 ], [ 151.193651905755246, -33.881265328164318 ], [ 151.193384945465681, -33.881328505874897 ] ], [ [ 151.193622891748618, -33.882359387399738 ], [ 151.193372055839887, -33.882400478762015 ], [ 151.19335158921578, -33.882351226135732 ], [ 151.192888655064593, -33.882441376870723 ], [ 151.192884750550149, -33.882409107938777 ], [ 151.192758778499751, -33.882438918733754 ], [ 151.192762401162042, -33.882497749094007 ], [ 151.1930644, -33.8824412 ], [ 151.193379678521751, -33.882445980652854 ], [ 151.1936259162959, -33.882387707965769 ], [ 151.193622891748618, -33.882359387399738 ] ], [ [ 151.193214874134895, -33.899069378756579 ], [ 151.19321791143804, -33.899065315001678 ], [ 151.193174004939124, -33.899079048240807 ], [ 151.193214874134895, -33.899069378756579 ] ], [ [ 151.19349721256205, -33.88074482265845 ], [ 151.19359048758642, -33.880714370109857 ], [ 151.193492205631259, -33.880737629308079 ], [ 151.19349721256205, -33.88074482265845 ] ], [ [ 151.193386115798148, -33.887138096090482 ], [ 151.193410393800491, -33.887169351633894 ], [ 151.193411986352686, -33.887176702052244 ], [ 151.193428263063112, -33.887145326101276 ], [ 151.193386115798148, -33.887138096090482 ] ], [ [ 151.192585284408466, -33.889252599957025 ], [ 151.19259790000001, -33.8892689 ], [ 151.192540665923673, -33.889299444094753 ], [ 151.192895477682669, -33.889215487383169 ], [ 151.192945636929579, -33.889091153421305 ], [ 151.19336774938381, -33.888991269882567 ], [ 151.193342674898759, -33.888953719776886 ], [ 151.19286837831234, -33.889065951366518 ], [ 151.192821900000013, -33.8891777 ], [ 151.192585284408466, -33.889252599957025 ] ], [ [ 151.192819187708068, -33.901416534089662 ], [ 151.192790349208479, -33.90149122823901 ], [ 151.192580888280133, -33.901554421527891 ], [ 151.193053064785431, -33.901442711742995 ], [ 151.193089955654841, -33.90141031239888 ], [ 151.192883814973499, -33.901441916546943 ], [ 151.192884756644872, -33.90139729672655 ], [ 151.193005775792869, -33.901349007383203 ], [ 151.192865600926524, -33.9013821708321 ], [ 151.192819187708068, -33.901416534089662 ] ], [ [ 151.193167018428085, -33.891815754324412 ], [ 151.193272632175791, -33.891778312875374 ], [ 151.193162111547963, -33.891804464210416 ], [ 151.193167018428085, -33.891815754324412 ] ], [ [ 151.19355201208424, -33.867096707608013 ], [ 151.193560253632029, -33.86712633006195 ], [ 151.19379087614135, -33.867071741068827 ], [ 151.193779994131091, -33.86703187446345 ], [ 151.19355201208424, -33.867096707608013 ] ], [ [ 151.193490844388947, -33.880773773691025 ], [ 151.193486130597194, -33.880775059417672 ], [ 151.19349282441425, -33.88077347527728 ], [ 151.193490844388947, -33.880773773691025 ] ], [ [ 151.193259939065655, -33.891669400592519 ], [ 151.19325139290774, -33.891647759747165 ], [ 151.193108681447001, -33.891681528072141 ], [ 151.193118006780139, -33.891702984550683 ], [ 151.193259939065655, -33.891669400592519 ] ], [ [ 151.193258777929941, -33.887363513872629 ], [ 151.193229180474788, -33.887453291113303 ], [ 151.193062261098703, -33.887503952536157 ], [ 151.193076987355795, -33.887530187902357 ], [ 151.19324982711646, -33.887489288350892 ], [ 151.19332295282365, -33.887348327886251 ], [ 151.193258777929941, -33.887363513872629 ] ], [ [ 151.19345833351241, -33.880723333633469 ], [ 151.193451873169124, -33.880727418747128 ], [ 151.193458860307288, -33.880725765191158 ], [ 151.19345833351241, -33.880723333633469 ] ], [ [ 151.192986997580419, -33.899490275988008 ], [ 151.192935086861439, -33.899490989895149 ], [ 151.192823067501649, -33.899517492751833 ], [ 151.192986997580419, -33.899490275988008 ] ], [ [ 151.193264375412042, -33.88619012771931 ], [ 151.193223308822667, -33.886185620231586 ], [ 151.193229252771914, -33.886248262406383 ], [ 151.193264375412042, -33.88619012771931 ] ], [ [ 151.193125301288234, -33.886506691778855 ], [ 151.193215489895636, -33.886460034664793 ], [ 151.193096972024506, -33.886488080263746 ], [ 151.193125301288234, -33.886506691778855 ] ], [ [ 151.193176843220527, -33.881643484085984 ], [ 151.193179068362809, -33.881666649731521 ], [ 151.193315661793918, -33.881634324578805 ], [ 151.193176843220527, -33.881643484085984 ] ], [ [ 151.192892726236948, -33.891296931309213 ], [ 151.192821495205948, -33.89126628933149 ], [ 151.192601658222969, -33.891287111701274 ], [ 151.192403858368323, -33.891229910562203 ], [ 151.192443673427306, -33.891134907580636 ], [ 151.192258471378125, -33.891178728965265 ], [ 151.192132930032471, -33.891284327858322 ], [ 151.1921639, -33.891277 ], [ 151.192268363596753, -33.891493407289694 ], [ 151.193074054080768, -33.891275980518131 ], [ 151.193044077877772, -33.891261118642184 ], [ 151.192892726236948, -33.891296931309213 ] ], [ [ 151.191666400334725, -33.887145928335016 ], [ 151.191656857819396, -33.887182556272023 ], [ 151.19120363079756, -33.88728979814308 ], [ 151.191707182751202, -33.887192224999936 ], [ 151.191816271726367, -33.887245109866903 ], [ 151.19186689559794, -33.887186216281933 ], [ 151.192099709592782, -33.887112337238513 ], [ 151.191953105389217, -33.887144887001199 ], [ 151.191893893084341, -33.887110618385968 ], [ 151.19193048301085, -33.887040464887875 ], [ 151.192168903911892, -33.886966974801027 ], [ 151.192003035864957, -33.886999940107515 ], [ 151.191973429744678, -33.886982805816231 ], [ 151.191991724653974, -33.886947729054398 ], [ 151.192158589459552, -33.886908244654862 ], [ 151.19227203152289, -33.886838564187528 ], [ 151.19316629450347, -33.88661865142457 ], [ 151.19141815646438, -33.887001172531313 ], [ 151.19146287732633, -33.887095710159684 ], [ 151.191531713064364, -33.887092935585066 ], [ 151.191571765794862, -33.887156059398265 ], [ 151.191666400334725, -33.887145928335016 ] ], [ [ 151.193525533208174, -33.86602786563742 ], [ 151.193526730773897, -33.866034018231673 ], [ 151.1935951724451, -33.866011381664315 ], [ 151.193525533208174, -33.86602786563742 ] ], [ [ 151.192101784729658, -33.885283070438724 ], [ 151.192623618870073, -33.88519398898071 ], [ 151.192699490993078, -33.885221513500582 ], [ 151.192828424057865, -33.885336294815957 ], [ 151.193136204408972, -33.885263462203625 ], [ 151.193076226550261, -33.885216171316266 ], [ 151.192867029214796, -33.885262821673891 ], [ 151.192788080658403, -33.885217130794317 ], [ 151.192808482605045, -33.88513881371636 ], [ 151.192933740360218, -33.885100667969091 ], [ 151.192881540980181, -33.885068643286942 ], [ 151.192889191667518, -33.885039274375387 ], [ 151.193046378514538, -33.884989156076763 ], [ 151.193061085663771, -33.884949715452393 ], [ 151.192471716055508, -33.885087241301925 ], [ 151.192476220182925, -33.885135612719878 ], [ 151.192440504913122, -33.885164369646674 ], [ 151.191667721245835, -33.885347304088704 ], [ 151.192034156497357, -33.885265232471639 ], [ 151.192101784729658, -33.885283070438724 ] ], [ [ 151.1930815, -33.8665529 ], [ 151.19263442570437, -33.866703890319883 ], [ 151.192762770486524, -33.866674581847001 ], [ 151.192794160961, -33.86670386211695 ], [ 151.192885932302971, -33.866682140136625 ], [ 151.193488295072001, -33.866503612390744 ], [ 151.193486014047551, -33.866475300020461 ], [ 151.193397190062171, -33.866443402892209 ], [ 151.193065519069194, -33.866526450041761 ], [ 151.1930815, -33.8665529 ] ], [ [ 151.192667968287026, -33.900875571143615 ], [ 151.192629776316608, -33.900854397374431 ], [ 151.192599800000011, -33.9008876 ], [ 151.192015156172232, -33.901029540515943 ], [ 151.1920104881155, -33.901051971140895 ], [ 151.19216545509255, -33.90102735162283 ], [ 151.19150655573074, -33.901202573627415 ], [ 151.191854382091748, -33.901129036125589 ], [ 151.191507721686492, -33.901218734511957 ], [ 151.191464474942478, -33.90126733801096 ], [ 151.191259699153392, -33.90132515211905 ], [ 151.191588680296803, -33.901276058290669 ], [ 151.191641800330217, -33.90129532617599 ], [ 151.191663022745615, -33.901340271434087 ], [ 151.191639915697607, -33.901384565756651 ], [ 151.191480393682781, -33.901440471738596 ], [ 151.191913230478178, -33.901351708539664 ], [ 151.191876997640833, -33.901295744379674 ], [ 151.191928368877171, -33.901234016487706 ], [ 151.192470669475824, -33.90110571877446 ], [ 151.19248677473945, -33.901057997698565 ], [ 151.192688492911515, -33.901010274349936 ], [ 151.192653098795802, -33.900985885245255 ], [ 151.192763369553461, -33.900854427417357 ], [ 151.192667968287026, -33.900875571143615 ] ], [ [ 151.193340724772412, -33.871689922844403 ], [ 151.192718166781447, -33.871837271211007 ], [ 151.192683123803221, -33.871824556704134 ], [ 151.192698366383809, -33.871795325817224 ], [ 151.193071514265199, -33.871692708577811 ], [ 151.192615928189582, -33.871800536954225 ], [ 151.192671807407095, -33.871855047914273 ], [ 151.193340724772412, -33.871689922844403 ] ], [ [ 151.192419391002858, -33.898186564574374 ], [ 151.192783280742702, -33.898100470559584 ], [ 151.192414712836722, -33.898174566066281 ], [ 151.192419391002858, -33.898186564574374 ] ], [ [ 151.192298406939784, -33.881709398005832 ], [ 151.192206175873224, -33.881753481325568 ], [ 151.192420907919683, -33.88170370579045 ], [ 151.192269903540534, -33.881747726916942 ], [ 151.19241020389282, -33.881743047570367 ], [ 151.192424612826073, -33.881809183141705 ], [ 151.192550335288416, -33.881779431525359 ], [ 151.192544079233159, -33.881712437602594 ], [ 151.1927813, -33.8816563 ], [ 151.1928222, -33.8816535 ], [ 151.19282966969925, -33.881694239013299 ], [ 151.193119529365134, -33.881633268330361 ], [ 151.193114888610552, -33.881584748617911 ], [ 151.192856159482318, -33.881645976901758 ], [ 151.19278645937834, -33.881650476629311 ], [ 151.1927312422238, -33.881618491697338 ], [ 151.192533279401488, -33.881650137587741 ], [ 151.192530953364098, -33.881624654569087 ], [ 151.192228311860049, -33.881692170314174 ], [ 151.192221345195463, -33.881723432491015 ], [ 151.192298406939784, -33.881709398005832 ] ], [ [ 151.192859844752945, -33.893037770849077 ], [ 151.192433482613296, -33.893137327856017 ], [ 151.192433755623966, -33.893138587935063 ], [ 151.192859844752945, -33.893037770849077 ] ], [ [ 151.190906154737434, -33.892606253638498 ], [ 151.190963505669515, -33.892632456737743 ], [ 151.191157476187385, -33.892586563713195 ], [ 151.19116721663238, -33.892550191379975 ], [ 151.192141142386646, -33.892312680085787 ], [ 151.192164794416129, -33.892282403587643 ], [ 151.192803508477112, -33.892131276351805 ], [ 151.192787168965054, -33.892101193307241 ], [ 151.192839837695118, -33.892072598607761 ], [ 151.192435534070057, -33.892167221720214 ], [ 151.192398342616997, -33.892214687602866 ], [ 151.19203868103196, -33.892301556858314 ], [ 151.192008037531366, -33.892339405157905 ], [ 151.190847920571429, -33.892620031627658 ], [ 151.190906154737434, -33.892606253638498 ] ], [ [ 151.192824554228594, -33.87202005722348 ], [ 151.193259402740608, -33.871907364369228 ], [ 151.193231678465423, -33.87187212644173 ], [ 151.192875269027468, -33.871956482098064 ], [ 151.192838351198219, -33.87193511311429 ], [ 151.193171973912371, -33.871839625709342 ], [ 151.193227115546023, -33.871817448600829 ], [ 151.193221286523936, -33.871795645553547 ], [ 151.192856072687874, -33.871866816652556 ], [ 151.193260135579465, -33.871761084168462 ], [ 151.192694888772934, -33.871877564083249 ], [ 151.192824554228594, -33.87202005722348 ] ], [ [ 151.192701098842605, -33.881371807308241 ], [ 151.193050099023935, -33.881349796668722 ], [ 151.193047282034655, -33.881315789369708 ], [ 151.192894080512559, -33.881326138322621 ], [ 151.192701098842605, -33.881371807308241 ] ], [ [ 151.192751811813821, -33.891730070429112 ], [ 151.192742345190595, -33.891737299114943 ], [ 151.192755064919055, -33.89173428942928 ], [ 151.192751811813821, -33.891730070429112 ] ], [ [ 151.192131606107353, -33.888268785424032 ], [ 151.192798232423712, -33.888082258993862 ], [ 151.192798743192981, -33.888027858474778 ], [ 151.192667151619645, -33.888050201890721 ], [ 151.192828911237626, -33.888011377903396 ], [ 151.192796165262735, -33.887983510884872 ], [ 151.192671320951177, -33.887973815883846 ], [ 151.192659814436439, -33.887888242174242 ], [ 151.192516273673192, -33.887922207715732 ], [ 151.192523215041859, -33.887958485399203 ], [ 151.192433130790079, -33.887982459422865 ], [ 151.19241040821143, -33.888070865456108 ], [ 151.192271844494371, -33.88815632656015 ], [ 151.192125788294902, -33.888194396574029 ], [ 151.192091709209649, -33.888263494167624 ], [ 151.191755313583116, -33.888354254665479 ], [ 151.191753770299243, -33.888396839414391 ], [ 151.192173857127329, -33.888297438656203 ], [ 151.192131606107353, -33.888268785424032 ] ], [ [ 151.192539631031735, -33.891723035994666 ], [ 151.192380107483217, -33.891806237108653 ], [ 151.192738365055163, -33.891699430386353 ], [ 151.192746215641307, -33.891672788781115 ], [ 151.19239363866393, -33.891731849449513 ], [ 151.19260160384087, -33.89166434622831 ], [ 151.192600063570495, -33.89162346865885 ], [ 151.192346797616864, -33.891676916330347 ], [ 151.192373498642695, -33.891758143412247 ], [ 151.192539631031735, -33.891723035994666 ] ], [ [ 151.192420430228395, -33.901712673303557 ], [ 151.192326704071263, -33.901738264379603 ], [ 151.192428610427811, -33.901714155351918 ], [ 151.192420430228395, -33.901712673303557 ] ], [ [ 151.191885048917214, -33.900274103889657 ], [ 151.191791103258595, -33.900313250683524 ], [ 151.192019274686487, -33.900260820887105 ], [ 151.192039813971007, -33.900236088543103 ], [ 151.192405425301899, -33.900149590832669 ], [ 151.192347536784041, -33.900149052788692 ], [ 151.192327929736649, -33.900107528884227 ], [ 151.192455706983424, -33.900043789951653 ], [ 151.191989334379628, -33.900129250841651 ], [ 151.19187630348506, -33.900227320789362 ], [ 151.191885048917214, -33.900274103889657 ] ], [ [ 151.192212422154483, -33.898566408310899 ], [ 151.192395978255774, -33.898516106821795 ], [ 151.192388349597252, -33.898498590782246 ], [ 151.191914623756844, -33.898610668828994 ], [ 151.191892915373529, -33.8985961244111 ], [ 151.19156791879351, -33.898691808269021 ], [ 151.191602019609519, -33.898717355713522 ], [ 151.19240606742602, -33.898527128528386 ], [ 151.192212422154483, -33.898566408310899 ] ], [ [ 151.192041629263571, -33.897622336388274 ], [ 151.192421556533333, -33.897532448537177 ], [ 151.192421206072424, -33.897517074498836 ], [ 151.192051540479156, -33.897604534551881 ], [ 151.192041629263571, -33.897622336388274 ] ], [ [ 151.192083832647938, -33.89051697494984 ], [ 151.192138621188604, -33.890451131432222 ], [ 151.192408203299863, -33.89038734409467 ], [ 151.192305510070469, -33.890356373030244 ], [ 151.19234990056421, -33.890247338393472 ], [ 151.192245543473121, -33.890272030986679 ], [ 151.192106543679898, -33.890228729697093 ], [ 151.19186444840571, -33.889831227605484 ], [ 151.191915024512241, -33.889673847450055 ], [ 151.191816399302951, -33.889697183594329 ], [ 151.191742400013823, -33.889603583159193 ], [ 151.191981213219037, -33.88951333922806 ], [ 151.192009127571083, -33.889455415744607 ], [ 151.191673700510307, -33.88953478274945 ], [ 151.191630900931074, -33.889479582498119 ], [ 151.191789801987852, -33.889394683523875 ], [ 151.19215665584872, -33.889307879879425 ], [ 151.192090916161987, -33.889225772418172 ], [ 151.192196916605013, -33.889168072842629 ], [ 151.192534578735064, -33.889088175035717 ], [ 151.192423835779209, -33.889088549356082 ], [ 151.192234735975831, -33.889032847904595 ], [ 151.192232791834186, -33.888976795105343 ], [ 151.192188, -33.8890538 ], [ 151.191929066417913, -33.889183515991014 ], [ 151.1919447, -33.8892083 ], [ 151.1918119, -33.889275899999973 ], [ 151.191653602789074, -33.889313355412888 ], [ 151.1916674, -33.889389699999974 ], [ 151.191216900000029, -33.8896459 ], [ 151.1906118, -33.889966 ], [ 151.190172336980197, -33.890069977124391 ], [ 151.19040034509905, -33.89021043945111 ], [ 151.191385700000012, -33.8899773 ], [ 151.19154180000001, -33.8901808 ], [ 151.1914803, -33.89033890000001 ], [ 151.1910944, -33.890543 ], [ 151.190694950535374, -33.890637510929039 ], [ 151.1907229, -33.89074160000002 ], [ 151.1904128, -33.8909156 ], [ 151.190183205129273, -33.890969921365802 ], [ 151.190082758612078, -33.890947555273364 ], [ 151.189944163002821, -33.891070648137081 ], [ 151.189982, -33.891097 ], [ 151.189822293455961, -33.891249621258993 ], [ 151.190675398910685, -33.891038438612078 ], [ 151.190838543172816, -33.891011749346781 ], [ 151.190693398256883, -33.891059796580429 ], [ 151.191040589187679, -33.890990255670829 ], [ 151.190638736534282, -33.891100708219021 ], [ 151.190636695607964, -33.891124256724844 ], [ 151.190517542161729, -33.891169065147103 ], [ 151.189898994931099, -33.891316475814847 ], [ 151.189897637172578, -33.89134406959915 ], [ 151.190789704170982, -33.891141862499545 ], [ 151.191339558754095, -33.890969304418981 ], [ 151.191939638082914, -33.890827320539429 ], [ 151.191862407882184, -33.890657571243956 ], [ 151.192083832647938, -33.89051697494984 ] ], [ [ 151.192135648158285, -33.899055965069238 ], [ 151.190387808621921, -33.899442071498591 ], [ 151.19037487581096, -33.899392081285164 ], [ 151.189824303805437, -33.899525481086393 ], [ 151.190034973981255, -33.899477445767836 ], [ 151.190064146420156, -33.899515278942957 ], [ 151.190002646603034, -33.899539980369887 ], [ 151.19005802582538, -33.899551547358548 ], [ 151.190629025284949, -33.899423742613479 ], [ 151.190668331607867, -33.899513714349794 ], [ 151.190612837338563, -33.899553282441815 ], [ 151.190637107536048, -33.89957777809564 ], [ 151.190488550317212, -33.89963959742699 ], [ 151.191099439648923, -33.899495077352427 ], [ 151.191182662893397, -33.899508238314255 ], [ 151.191442562886579, -33.899449070330135 ], [ 151.191531721311776, -33.899458308292601 ], [ 151.191964991583916, -33.899394215535544 ], [ 151.192117968703258, -33.899335007109109 ], [ 151.192109194689436, -33.899290098854678 ], [ 151.192028486843867, -33.89929447950027 ], [ 151.192029294307559, -33.899256233944669 ], [ 151.192202265115213, -33.899208741505014 ], [ 151.192150035261932, -33.899169711362333 ], [ 151.192000180086637, -33.899180791325442 ], [ 151.191348938688321, -33.899334863300076 ], [ 151.191299863347012, -33.899317062012493 ], [ 151.191321211074438, -33.899276139429041 ], [ 151.192141311221235, -33.899078512770686 ], [ 151.192135648158285, -33.899055965069238 ] ], [ [ 151.192027829865708, -33.899639180129526 ], [ 151.192184268154506, -33.89959907942761 ], [ 151.192193990624475, -33.899558344896526 ], [ 151.191978176409123, -33.899609403202753 ], [ 151.192027829865708, -33.899639180129526 ] ], [ [ 151.192428445948138, -33.887932888072733 ], [ 151.192388857746693, -33.887942255621944 ], [ 151.192433625219792, -33.887935710947239 ], [ 151.192428445948138, -33.887932888072733 ] ], [ [ 151.192517258526067, -33.867032382703684 ], [ 151.192558561928706, -33.867059484194371 ], [ 151.192536851877577, -33.86711323985071 ], [ 151.192600611586073, -33.867152109345376 ], [ 151.192483439877122, -33.867212511467862 ], [ 151.192856702947864, -33.867148213390422 ], [ 151.192749729363925, -33.866977358260982 ], [ 151.192517258526067, -33.867032382703684 ] ], [ [ 151.192444630540081, -33.881224519194483 ], [ 151.192177735123948, -33.88130179264455 ], [ 151.1922394, -33.8812872 ], [ 151.1922789, -33.8813168 ], [ 151.19215890000001, -33.8814268 ], [ 151.191876422714614, -33.88149364603025 ], [ 151.19192846439978, -33.881526655948257 ], [ 151.192544584260645, -33.881389171912673 ], [ 151.192457460436884, -33.881395075398295 ], [ 151.192444630540081, -33.881224519194483 ] ], [ [ 151.192235463810675, -33.885100973559609 ], [ 151.192365801204375, -33.885070131433118 ], [ 151.19221930601168, -33.8850874273922 ], [ 151.192235463810675, -33.885100973559609 ] ], [ [ 151.192467173014023, -33.879907704056052 ], [ 151.192045000423889, -33.88000761080275 ], [ 151.191823944505927, -33.88006952562862 ], [ 151.192051900786623, -33.880028679672392 ], [ 151.192467173014023, -33.879907704056052 ] ], [ [ 151.192043481032329, -33.898386598193447 ], [ 151.190433494836668, -33.898762647135811 ], [ 151.192052425387772, -33.898398197598354 ], [ 151.192043481032329, -33.898386598193447 ] ], [ [ 151.191914401668356, -33.90036956811381 ], [ 151.191924800948073, -33.900386333351427 ], [ 151.191953808391418, -33.900360245243917 ], [ 151.191914401668356, -33.90036956811381 ] ], [ [ 151.192627900089434, -33.866782775141459 ], [ 151.192608199455492, -33.866802442741069 ], [ 151.192636081973149, -33.866795843101961 ], [ 151.192627900089434, -33.866782775141459 ] ], [ [ 151.190828757583091, -33.898300543662614 ], [ 151.191411017890829, -33.898167511115496 ], [ 151.19149659230419, -33.898210983194588 ], [ 151.191505694465576, -33.89824827351719 ], [ 151.191599191565302, -33.898226153582563 ], [ 151.191600500348329, -33.898200412974447 ], [ 151.191520275485743, -33.898185779783695 ], [ 151.191544672416939, -33.898139011050191 ], [ 151.191957284175601, -33.898039345223225 ], [ 151.190828757583091, -33.898300543662614 ] ], [ [ 151.19194304920461, -33.897065670972069 ], [ 151.191948625642368, -33.897045150805106 ], [ 151.191855003535863, -33.89706730095655 ], [ 151.19194304920461, -33.897065670972069 ] ], [ [ 151.191391447502014, -33.901089136939035 ], [ 151.191337827521068, -33.901075414419552 ], [ 151.191307540921514, -33.901127282183495 ], [ 151.191757562514141, -33.90102081837378 ], [ 151.191391447502014, -33.901089136939035 ] ], [ [ 151.191414207075525, -33.898053409569407 ], [ 151.191451653407938, -33.898072206536369 ], [ 151.191811020867704, -33.897987185392502 ], [ 151.19177820775576, -33.897967292362182 ], [ 151.191414207075525, -33.898053409569407 ] ], [ [ 151.191766554420553, -33.899579066272501 ], [ 151.191738630296527, -33.899597545145532 ], [ 151.191774296976462, -33.899589107064848 ], [ 151.191766554420553, -33.899579066272501 ] ], [ [ 151.191737450573811, -33.899817156014784 ], [ 151.19175454792088, -33.899827451657728 ], [ 151.191760488272422, -33.899811705736738 ], [ 151.191737450573811, -33.899817156014784 ] ], [ [ 151.191667813137428, -33.903122354598118 ], [ 151.191588512143227, -33.903136816605247 ], [ 151.191584058085937, -33.90314216845529 ], [ 151.191667813137428, -33.903122354598118 ] ], [ [ 151.191419435691017, -33.886519896656658 ], [ 151.191376084734884, -33.886598684072169 ], [ 151.19110981529272, -33.886661688412879 ], [ 151.191121255105287, -33.886697735878073 ], [ 151.191265140731389, -33.886681753780827 ], [ 151.191114330163714, -33.88672735322254 ], [ 151.191069910497617, -33.88677428045856 ], [ 151.191202461254136, -33.886746840541278 ], [ 151.191297652257958, -33.886792333541969 ], [ 151.191762220657125, -33.886684903971279 ], [ 151.1918153318355, -33.886704171530909 ], [ 151.191835486545813, -33.886753202929874 ], [ 151.191921249324054, -33.886732909401985 ], [ 151.191883436780813, -33.886683027326647 ], [ 151.191903239010855, -33.886645060524827 ], [ 151.192011253878462, -33.886613122763137 ], [ 151.191829648303354, -33.886590510844741 ], [ 151.191841747424718, -33.886554500715285 ], [ 151.191599474087809, -33.886376653923953 ], [ 151.19155276241986, -33.886472655620324 ], [ 151.191419435691017, -33.886519896656658 ] ], [ [ 151.191949865694568, -33.881540230725456 ], [ 151.19194199008939, -33.881562260680226 ], [ 151.19208986155445, -33.881507101830941 ], [ 151.191949865694568, -33.881540230725456 ] ], [ [ 151.192024212610761, -33.883491837550402 ], [ 151.191711395334806, -33.883549282469772 ], [ 151.191721089300785, -33.883583208386028 ], [ 151.192026055256378, -33.88351104301794 ], [ 151.192024212610761, -33.883491837550402 ] ], [ [ 151.192332231180615, -33.865910082864872 ], [ 151.192371603597621, -33.865906421745422 ], [ 151.192363941294275, -33.865870376224024 ], [ 151.192319352424363, -33.8658809301876 ], [ 151.192332231180615, -33.865910082864872 ] ], [ [ 151.191987850249546, -33.883379389637682 ], [ 151.191942159155587, -33.883379938280001 ], [ 151.191941120744417, -33.88339044749732 ], [ 151.191987850249546, -33.883379389637682 ] ], [ [ 151.191983475651995, -33.883335061200043 ], [ 151.191921045178304, -33.883349834467971 ], [ 151.191935630812395, -33.883362830528746 ], [ 151.191983475651995, -33.883335061200043 ] ], [ [ 151.191890615941361, -33.883229442363692 ], [ 151.191971841382667, -33.883217169272825 ], [ 151.191969407626516, -33.883192507597315 ], [ 151.191891500328524, -33.883210943251989 ], [ 151.191890615941361, -33.883229442363692 ] ], [ [ 151.190700538607075, -33.897468151355845 ], [ 151.190959658764911, -33.897406848603104 ], [ 151.190745711408852, -33.897409212825778 ], [ 151.189716236568842, -33.89759174699708 ], [ 151.189710142995352, -33.897560103850672 ], [ 151.189368373438413, -33.897621809942564 ], [ 151.189417332398023, -33.897658144039859 ], [ 151.18939947492521, -33.897726670685181 ], [ 151.189214663645146, -33.897794893460016 ], [ 151.189781632089563, -33.897666917570916 ], [ 151.189818559904211, -33.897688287723838 ], [ 151.189012505006474, -33.897896077394407 ], [ 151.189011581075846, -33.897916208879117 ], [ 151.190365061476683, -33.897602177877353 ], [ 151.190396920792381, -33.897629698075903 ], [ 151.19037637279115, -33.897654389007577 ], [ 151.189993684035016, -33.897744923180959 ], [ 151.189954327065664, -33.89773317468682 ], [ 151.189942399473864, -33.897775159402755 ], [ 151.189725055315961, -33.89785613048879 ], [ 151.18973471870251, -33.897877809997013 ], [ 151.190753969754354, -33.897639655791139 ], [ 151.190806798105797, -33.897649228086365 ], [ 151.190819984595862, -33.897679870297338 ], [ 151.191014573707321, -33.897635796255507 ], [ 151.191115485651721, -33.897649166590462 ], [ 151.191133947316899, -33.89767840117463 ], [ 151.191644415551423, -33.89756479173807 ], [ 151.191635655216402, -33.897541102593607 ], [ 151.190702937916598, -33.897577751341856 ], [ 151.190700538607075, -33.897468151355845 ] ], [ [ 151.191410837122646, -33.902782563495471 ], [ 151.191495941845375, -33.902735938687727 ], [ 151.191401726285164, -33.902758227148155 ], [ 151.191410837122646, -33.902782563495471 ] ], [ [ 151.191493751930722, -33.902820365211042 ], [ 151.191232440863132, -33.902871397357643 ], [ 151.191212003233971, -33.902887017823517 ], [ 151.191493751930722, -33.902820365211042 ] ], [ [ 151.191384637830481, -33.88212782224425 ], [ 151.191331392488678, -33.882148708706275 ], [ 151.191889446794562, -33.882027042196469 ], [ 151.19190351061323, -33.881996379290477 ], [ 151.191313686952498, -33.882135953161004 ], [ 151.191384637830481, -33.88212782224425 ] ], [ [ 151.19151302057827, -33.899708927275185 ], [ 151.191029358195237, -33.89981526023962 ], [ 151.191030543611504, -33.899854491583412 ], [ 151.19111376528781, -33.899840824690727 ], [ 151.19103070876497, -33.899863778735877 ], [ 151.191025694094947, -33.899901647279115 ], [ 151.191142541142057, -33.899876144515403 ], [ 151.191196798476028, -33.89990397715691 ], [ 151.191235788821245, -33.899881145459162 ], [ 151.19116020647013, -33.89983587622811 ], [ 151.191204107007621, -33.899785276520248 ], [ 151.19151302057827, -33.899708927275185 ] ], [ [ 151.191804774639337, -33.885111898123654 ], [ 151.191671558231661, -33.885120672812548 ], [ 151.191671687073494, -33.885143390356788 ], [ 151.191804774639337, -33.885111898123654 ] ], [ [ 151.191283177950282, -33.900848198144736 ], [ 151.191298264383846, -33.900863495238738 ], [ 151.19147223247532, -33.900805784138029 ], [ 151.191283177950282, -33.900848198144736 ] ], [ [ 151.191286607029326, -33.900796558840582 ], [ 151.19146512821311, -33.900767848453917 ], [ 151.191469075121603, -33.90076147571763 ], [ 151.191286607029326, -33.900796558840582 ] ], [ [ 151.191894412468457, -33.87850965286313 ], [ 151.191693727632753, -33.878567005687735 ], [ 151.191928496695255, -33.87851144765709 ], [ 151.191894412468457, -33.87850965286313 ] ], [ [ 151.191230341151424, -33.896013477891294 ], [ 151.191558264306821, -33.895802145116022 ], [ 151.1911349, -33.8959625 ], [ 151.1911916, -33.8960645 ], [ 151.190955854182334, -33.896266198615869 ], [ 151.191346738558849, -33.896158869886662 ], [ 151.191293540955684, -33.896047878277535 ], [ 151.191559503922434, -33.895959477897556 ], [ 151.19123954097202, -33.896035177942188 ], [ 151.191230341151424, -33.896013477891294 ] ], [ [ 151.190963866818294, -33.887889200695469 ], [ 151.191161021696701, -33.88786053081936 ], [ 151.191720053874946, -33.887728254448938 ], [ 151.191341082768702, -33.887770659256439 ], [ 151.191315853678987, -33.887742668400449 ], [ 151.191202890891788, -33.88780751178026 ], [ 151.190960361829724, -33.887864897419348 ], [ 151.190963866818294, -33.887889200695469 ] ], [ [ 151.19173534512106, -33.885086926503725 ], [ 151.191718322056005, -33.885067351251443 ], [ 151.191654294109156, -33.885082502032645 ], [ 151.191667714449324, -33.885102929793831 ], [ 151.19173534512106, -33.885086926503725 ] ], [ [ 151.191709634809598, -33.885056083569182 ], [ 151.191645606869969, -33.885071234346121 ], [ 151.191712241013477, -33.885059463913038 ], [ 151.191709634809598, -33.885056083569182 ] ], [ [ 151.191370605565055, -33.900235582401699 ], [ 151.191369743565076, -33.90023604458375 ], [ 151.191370922346351, -33.900235765712196 ], [ 151.191370605565055, -33.900235582401699 ] ], [ [ 151.19127630371338, -33.887733374014374 ], [ 151.191607752187963, -33.887661821113625 ], [ 151.191602231959507, -33.887645593743294 ], [ 151.19127630371338, -33.887733374014374 ] ], [ [ 151.19125972959867, -33.902718605342976 ], [ 151.191254579645545, -33.902719823652923 ], [ 151.191260336336683, -33.902718956432814 ], [ 151.19125972959867, -33.902718605342976 ] ], [ [ 151.191453906001982, -33.883802381012458 ], [ 151.19141223847376, -33.883835930428376 ], [ 151.190984557026582, -33.883953035747055 ], [ 151.191616041564885, -33.883803608770911 ], [ 151.191480154079187, -33.883714831504157 ], [ 151.191428173967751, -33.883727131554757 ], [ 151.191453906001982, -33.883802381012458 ] ], [ [ 151.191447537371118, -33.886231569386673 ], [ 151.19155024687754, -33.886192574037899 ], [ 151.191437957622895, -33.886219144180657 ], [ 151.191447537371118, -33.886231569386673 ] ], [ [ 151.19119156704636, -33.886158248412549 ], [ 151.19116982378813, -33.886198653767877 ], [ 151.191543005624538, -33.886110351009179 ], [ 151.191546876873332, -33.886074174467765 ], [ 151.19119156704636, -33.886158248412549 ] ], [ [ 151.191582386711758, -33.883559866810323 ], [ 151.191578523465012, -33.883538038823701 ], [ 151.19151285048639, -33.883552414734652 ], [ 151.19143460978151, -33.883594835394938 ], [ 151.191582386711758, -33.883559866810323 ] ], [ [ 151.191813757812099, -33.870550145421653 ], [ 151.191463798784611, -33.870613728140924 ], [ 151.191474395383636, -33.870636487671369 ], [ 151.191813757812099, -33.870550145421653 ] ], [ [ 151.1901129, -33.9016262 ], [ 151.19003330000001, -33.9018114 ], [ 151.190011811285814, -33.901972560275155 ], [ 151.190088862573475, -33.90196264890394 ], [ 151.190114853169916, -33.901996354664504 ], [ 151.190087454250261, -33.902029275771675 ], [ 151.189992075553789, -33.902051838430701 ], [ 151.189947375719441, -33.902122652729688 ], [ 151.1900051, -33.9021193 ], [ 151.1900201, -33.9021463 ], [ 151.189963190790422, -33.902202778896545 ], [ 151.189189798597681, -33.902391574864943 ], [ 151.189773782175763, -33.902257797649426 ], [ 151.18989510741784, -33.902279007343807 ], [ 151.189974511945792, -33.902261115432111 ], [ 151.189998823029413, -33.902292643101966 ], [ 151.189922724151671, -33.902319105341192 ], [ 151.189922342323712, -33.902372666873873 ], [ 151.189987294975452, -33.902376919925253 ], [ 151.18999583829887, -33.902416353571731 ], [ 151.189868071707082, -33.90248652562444 ], [ 151.189879625514607, -33.902533521889971 ], [ 151.190014320483556, -33.902511210600217 ], [ 151.190055958672815, -33.902551139511282 ], [ 151.190155296046868, -33.902533661730487 ], [ 151.189926021863926, -33.902605280827473 ], [ 151.189990459181558, -33.902618821768201 ], [ 151.189895030694373, -33.902664603443611 ], [ 151.190347414484563, -33.902552337353832 ], [ 151.190314434681198, -33.902507587720983 ], [ 151.190351648122402, -33.902462567854315 ], [ 151.190321154854246, -33.902441349993957 ], [ 151.190331359373573, -33.902402191868113 ], [ 151.190758299874261, -33.902291759591655 ], [ 151.190713055197392, -33.902270533782257 ], [ 151.190768695354677, -33.902244151471734 ], [ 151.190748352941966, -33.902208641001984 ], [ 151.190510246190115, -33.902235834528042 ], [ 151.190510785010957, -33.902210337524593 ], [ 151.190601849568196, -33.902186668817428 ], [ 151.190577005103648, -33.90214280920938 ], [ 151.1906681938963, -33.90209050410629 ], [ 151.190538494548377, -33.902107409391391 ], [ 151.190528904803074, -33.902063146956564 ], [ 151.19060362810535, -33.90202086142461 ], [ 151.19113362720401, -33.901895481538716 ], [ 151.190466613112136, -33.902034214389218 ], [ 151.190457023410687, -33.901989951949787 ], [ 151.190573311510377, -33.901959253137299 ], [ 151.190396076324987, -33.901979958051299 ], [ 151.190388084941077, -33.901943072681433 ], [ 151.19048584808985, -33.90191728779908 ], [ 151.190471666578901, -33.901880460914157 ], [ 151.190369553872728, -33.901902833374216 ], [ 151.190320202565289, -33.901874275366616 ], [ 151.190332958113657, -33.901825327702198 ], [ 151.190443109993453, -33.901793954330692 ], [ 151.190364438444362, -33.901731602177968 ], [ 151.190394962591625, -33.901660495158076 ], [ 151.190363990520979, -33.901611657194636 ], [ 151.190257602657539, -33.901635397701611 ], [ 151.190215894603682, -33.901595738219321 ], [ 151.1901129, -33.9016262 ] ], [ [ 151.191420457963744, -33.880540479327813 ], [ 151.1914928622395, -33.880504521912215 ], [ 151.19139400604945, -33.880527915254497 ], [ 151.191420457963744, -33.880540479327813 ] ], [ [ 151.190845142609106, -33.900537041413642 ], [ 151.191054478806024, -33.900488290769182 ], [ 151.191054693288692, -33.900487467677607 ], [ 151.190845142609106, -33.900537041413642 ] ], [ [ 151.191732699611208, -33.86819765878348 ], [ 151.191593703388406, -33.86821043371696 ], [ 151.191317418309183, -33.868290497474405 ], [ 151.191336856538811, -33.86832283986756 ], [ 151.191731388437375, -33.868229461966266 ], [ 151.191732699611208, -33.86819765878348 ] ], [ [ 151.191417839305672, -33.880596021607651 ], [ 151.191361353773146, -33.880614172365171 ], [ 151.191455956473334, -33.880604613674556 ], [ 151.191461675893606, -33.880540051802114 ], [ 151.191426538677518, -33.88054836667478 ], [ 151.191417839305672, -33.880596021607651 ] ], [ [ 151.190631617611132, -33.900398708399948 ], [ 151.190886588462661, -33.900347630018608 ], [ 151.19103600745504, -33.900307431531608 ], [ 151.190631617611132, -33.900398708399948 ] ], [ [ 151.191292796163793, -33.8875314937412 ], [ 151.19130576711143, -33.887515905248193 ], [ 151.191292738612134, -33.887518988004665 ], [ 151.191292796163793, -33.8875314937412 ] ], [ [ 151.191111797390533, -33.887614561857184 ], [ 151.191296085820966, -33.887620721937935 ], [ 151.191286269743728, -33.887596464628295 ], [ 151.191194237326869, -33.887606198369596 ], [ 151.191282425954768, -33.887578721603326 ], [ 151.191287939384267, -33.887546500648966 ], [ 151.190945363063236, -33.887653942488726 ], [ 151.191111797390533, -33.887614561857184 ] ], [ [ 151.191680013997001, -33.866025115851933 ], [ 151.191718950766898, -33.865985139951285 ], [ 151.19166461617877, -33.865998000347851 ], [ 151.191680013997001, -33.866025115851933 ] ], [ [ 151.190929287348467, -33.902731493134766 ], [ 151.190918422484145, -33.902702151346148 ], [ 151.190427176257515, -33.902818361501275 ], [ 151.190528724436945, -33.902827855246187 ], [ 151.190565119947593, -33.902866454718442 ], [ 151.190659923882748, -33.902844027795723 ], [ 151.190672433577475, -33.902792255245721 ], [ 151.190929287348467, -33.902731493134766 ] ], [ [ 151.190915630033686, -33.897088866794455 ], [ 151.190664806990355, -33.897172595024813 ], [ 151.191025725126821, -33.897087208460043 ], [ 151.190915630033686, -33.897088866794455 ] ], [ [ 151.190622354351376, -33.898838597652052 ], [ 151.190548969686489, -33.898862517384593 ], [ 151.190954988076754, -33.898759904605413 ], [ 151.190622354351376, -33.898838597652052 ] ], [ [ 151.1912802, -33.8822319 ], [ 151.191291843762031, -33.88222145234144 ], [ 151.19127118316166, -33.882226341326081 ], [ 151.1912802, -33.8822319 ] ], [ [ 151.191138315530623, -33.886243084856147 ], [ 151.191140116156163, -33.886223575877622 ], [ 151.190861237296929, -33.886308646483563 ], [ 151.191138315530623, -33.886243084856147 ] ], [ [ 151.191164365939386, -33.883002461090605 ], [ 151.191039465446977, -33.883022857169976 ], [ 151.191180742187044, -33.882983733348752 ], [ 151.190947496902169, -33.883026262238047 ], [ 151.190927539239283, -33.883058501055061 ], [ 151.191164365939386, -33.883002461090605 ] ], [ [ 151.191440105832044, -33.86728219232176 ], [ 151.191486819052443, -33.867271136104989 ], [ 151.191437967905415, -33.867278856161896 ], [ 151.191440105832044, -33.86728219232176 ] ], [ [ 151.190727229709694, -33.898209014732885 ], [ 151.1908146684369, -33.898188328702268 ], [ 151.190769164463489, -33.898191135879344 ], [ 151.190747952399079, -33.898155775757971 ], [ 151.19071629708813, -33.898163264683745 ], [ 151.190727229709694, -33.898209014732885 ] ], [ [ 151.1876454, -33.8845873 ], [ 151.188399895538907, -33.884416684962389 ], [ 151.188425234865491, -33.884444245953183 ], [ 151.188505769502854, -33.884425726416175 ], [ 151.188520352965384, -33.884444643134771 ], [ 151.188248961350695, -33.884513930849799 ], [ 151.188260147084151, -33.884548641934167 ], [ 151.188723600609876, -33.884429490914009 ], [ 151.188750332508874, -33.884454681431286 ], [ 151.188927245276716, -33.884414249901276 ], [ 151.188966301185843, -33.884464055657048 ], [ 151.189180304141786, -33.884421667399657 ], [ 151.189225912545595, -33.884452916251739 ], [ 151.189287167203759, -33.884443620281196 ], [ 151.189301974067718, -33.884470190031223 ], [ 151.189467649946238, -33.884459014656443 ], [ 151.189452403825811, -33.884488244976581 ], [ 151.18929518145049, -33.884536819938923 ], [ 151.189605561698983, -33.884467582546804 ], [ 151.189308164846409, -33.884553973572189 ], [ 151.189729546251215, -33.884454270331702 ], [ 151.189869570292501, -33.884468336037138 ], [ 151.189851275106321, -33.884503412485991 ], [ 151.189600384328685, -33.884562776296114 ], [ 151.189631425228129, -33.884578459351189 ], [ 151.190064562749427, -33.884483320875141 ], [ 151.189759919809632, -33.884589042942075 ], [ 151.190207607842723, -33.884477453655116 ], [ 151.190348344646821, -33.884486147432447 ], [ 151.190576815965215, -33.884432086807806 ], [ 151.190351945705231, -33.884265876128516 ], [ 151.190460223651144, -33.88418234294398 ], [ 151.190471577511744, -33.884138333206778 ], [ 151.190852932212124, -33.884047112270686 ], [ 151.190303496955892, -33.884168360294893 ], [ 151.190234289609521, -33.884119150211305 ], [ 151.189901309783295, -33.884184368769382 ], [ 151.18987170505406, -33.88416723401086 ], [ 151.189890000153781, -33.884132157554539 ], [ 151.190172934793424, -33.884065210623291 ], [ 151.190241024846046, -33.883999209845683 ], [ 151.189510995249947, -33.884164114629407 ], [ 151.189491300388653, -33.884127045167467 ], [ 151.189263068538651, -33.884154338575499 ], [ 151.189241875671257, -33.884136191195083 ], [ 151.188531918541003, -33.884299712236256 ], [ 151.188437081223384, -33.884265303452679 ], [ 151.188399193942672, -33.884185043202216 ], [ 151.188440450419222, -33.884105946896717 ], [ 151.188527045751755, -33.884060856219364 ], [ 151.188445945882449, -33.884044038786413 ], [ 151.188476158229207, -33.884029302711767 ], [ 151.188210442782349, -33.884092171398621 ], [ 151.188180905430897, -33.884075075019297 ], [ 151.188915135767303, -33.883875789941065 ], [ 151.188596413424108, -33.883969853834735 ], [ 151.189091774289153, -33.883871127650544 ], [ 151.189058880939342, -33.883819423866711 ], [ 151.189081984133111, -33.883775129797087 ], [ 151.189367250141203, -33.883700191107167 ], [ 151.18933306036476, -33.88367437882642 ], [ 151.189345813272695, -33.883625431056508 ], [ 151.18948352621419, -33.883587530884945 ], [ 151.189507027090826, -33.883556564554901 ], [ 151.190051807717481, -33.883422368546192 ], [ 151.190088565363396, -33.883444368965691 ], [ 151.190502855326031, -33.883355781106765 ], [ 151.190522410157797, -33.883312538027425 ], [ 151.191054982067698, -33.88318651787236 ], [ 151.191022826745382, -33.883164323697976 ], [ 151.191123233983774, -33.883049499208553 ], [ 151.191001731976684, -33.883078250059896 ], [ 151.190982851243945, -33.883110620057465 ], [ 151.190064555993217, -33.883327910188768 ], [ 151.190022499391688, -33.88331265173133 ], [ 151.190040794231692, -33.883277575239987 ], [ 151.190839491996343, -33.883083864754205 ], [ 151.189989784559742, -33.883284646468063 ], [ 151.189981613036025, -33.883345361993278 ], [ 151.189914474880908, -33.883402172966008 ], [ 151.190000718008093, -33.883382479735367 ], [ 151.190008257753391, -33.883417287208601 ], [ 151.189549107945936, -33.883525929416905 ], [ 151.189525193558865, -33.88349735297485 ], [ 151.188880635583672, -33.883649862261656 ], [ 151.188873763542745, -33.883724153719513 ], [ 151.188802540783257, -33.883784754398476 ], [ 151.188853958759353, -33.883776746468719 ], [ 151.18885325460036, -33.88381005997838 ], [ 151.188691902170632, -33.883847523510468 ], [ 151.188671630307624, -33.883825476542341 ], [ 151.187043843339524, -33.884204488855175 ], [ 151.1872347, -33.8842131 ], [ 151.1872299, -33.8843191 ], [ 151.186903250828067, -33.88440529796663 ], [ 151.186923122337731, -33.884426769410567 ], [ 151.18719902617616, -33.884375212147638 ], [ 151.187228192499589, -33.884413045873607 ], [ 151.187037694978784, -33.884468268195839 ], [ 151.187044616280758, -33.884504303054285 ], [ 151.187122868415599, -33.884500502930941 ], [ 151.187111415501903, -33.884544455985896 ], [ 151.186759390561832, -33.884627740689858 ], [ 151.18678216498347, -33.884651002478158 ], [ 151.187342447407616, -33.884519386092222 ], [ 151.187342989101921, -33.88448604305799 ], [ 151.187725620363267, -33.884395515091327 ], [ 151.188159554661468, -33.884411015561518 ], [ 151.188144308111532, -33.884440245705562 ], [ 151.187761677029442, -33.884530774980561 ], [ 151.187721103544305, -33.884513946828434 ], [ 151.187711340940353, -33.884550290660641 ], [ 151.187582196712327, -33.88458084538658 ], [ 151.1876454, -33.8845873 ] ], [ [ 151.190349098759611, -33.882482381540726 ], [ 151.190348571102021, -33.882507366698917 ], [ 151.19023775249002, -33.882533588998619 ], [ 151.190429859757444, -33.882515960540545 ], [ 151.190441045734332, -33.88256760012726 ], [ 151.190343315267796, -33.882594446447499 ], [ 151.190395208213829, -33.882629578238834 ], [ 151.190550688495449, -33.882600064114946 ], [ 151.190570928626784, -33.882639140985418 ], [ 151.190643838164988, -33.882646411441897 ], [ 151.190645904234117, -33.882706053378818 ], [ 151.191126791068882, -33.882591071087695 ], [ 151.191096043169722, -33.882563443093183 ], [ 151.191105296035545, -33.882511975850946 ], [ 151.190834576235289, -33.882564601810202 ], [ 151.190770157114628, -33.882495047009819 ], [ 151.190798779577364, -33.882456475091956 ], [ 151.190753257246826, -33.88246724695145 ], [ 151.190661557452273, -33.882410846616551 ], [ 151.19068778503194, -33.882381455855239 ], [ 151.190425694365786, -33.882416013754401 ], [ 151.190397690878569, -33.882356693523271 ], [ 151.190456579713413, -33.882311891494062 ], [ 151.190085652448062, -33.882418783975552 ], [ 151.190233468550048, -33.882400931488576 ], [ 151.190241008322943, -33.882435738953092 ], [ 151.189299548759237, -33.882663799373788 ], [ 151.190131892099856, -33.882481302127424 ], [ 151.190167104764043, -33.882487683647682 ], [ 151.190169830866978, -33.882521682067413 ], [ 151.190349098759611, -33.882482381540726 ] ], [ [ 151.190791244006761, -33.897802405198036 ], [ 151.190161637700868, -33.897938207873366 ], [ 151.190157986740559, -33.897952218590348 ], [ 151.190791244006761, -33.897802405198036 ] ], [ [ 151.189772712153228, -33.893017133527529 ], [ 151.189753151383258, -33.893046377055839 ], [ 151.189413849675645, -33.893140607914745 ], [ 151.190443173642478, -33.892903778281195 ], [ 151.190448137126168, -33.892864499783506 ], [ 151.190893249170159, -33.892732619786315 ], [ 151.190832435010407, -33.8926983053436 ], [ 151.190792559530422, -33.892707739701187 ], [ 151.189772712153228, -33.893017133527529 ] ], [ [ 151.190878752933656, -33.883541819856006 ], [ 151.190554512511056, -33.883587825906844 ], [ 151.190527967212631, -33.88356489253372 ], [ 151.191023276119637, -33.883424868209246 ], [ 151.190952951219089, -33.883418621474604 ], [ 151.191017462491317, -33.883387982536341 ], [ 151.19099342584073, -33.883371243270751 ], [ 151.190333069313198, -33.88350290366791 ], [ 151.190358077440692, -33.883550042915545 ], [ 151.190310140388021, -33.883607655450263 ], [ 151.1891477163432, -33.883881452029506 ], [ 151.189220751192607, -33.883878875117723 ], [ 151.189143838535102, -33.883909221430592 ], [ 151.190244882974241, -33.883665709571567 ], [ 151.190403543522336, -33.883660001433853 ], [ 151.190424109563054, -33.883680920591104 ], [ 151.190536058299415, -33.88365443110613 ], [ 151.190547457993489, -33.883620212152131 ], [ 151.190878752933656, -33.883541819856006 ] ], [ [ 151.190046283017324, -33.893712264491022 ], [ 151.190549641239102, -33.893607249376089 ], [ 151.190780186939122, -33.893534246033511 ], [ 151.190046283017324, -33.893712264491022 ] ], [ [ 151.189791885240965, -33.88903375996113 ], [ 151.189925499999987, -33.8890184 ], [ 151.189950016636629, -33.889165438400504 ], [ 151.190336793992884, -33.889073926453023 ], [ 151.190313549024097, -33.889043202200192 ], [ 151.190859970085484, -33.88877981252309 ], [ 151.190819005241025, -33.888729504904795 ], [ 151.190465, -33.8888745 ], [ 151.189791885240965, -33.88903375996113 ] ], [ [ 151.191311284232256, -33.866135053999471 ], [ 151.191212778527699, -33.866158368790792 ], [ 151.191301426541202, -33.866138958462983 ], [ 151.191311284232256, -33.866135053999471 ] ], [ [ 151.190727223384584, -33.893691576065706 ], [ 151.190321238966902, -33.89379617577076 ], [ 151.190330555079527, -33.893820564519743 ], [ 151.190727223384584, -33.893691576065706 ] ], [ [ 151.190572176598494, -33.900990871468153 ], [ 151.190542045641735, -33.900986802661301 ], [ 151.190544353205013, -33.900997453553686 ], [ 151.190572176598494, -33.900990871468153 ] ], [ [ 151.188597922128565, -33.892241586036754 ], [ 151.188506831722236, -33.892286867898726 ], [ 151.189629004484061, -33.892043012291069 ], [ 151.189580947633573, -33.891937793851746 ], [ 151.190401251269662, -33.891670598726002 ], [ 151.190732383970328, -33.891592253806152 ], [ 151.190455209797136, -33.891650191572751 ], [ 151.190415733323704, -33.891627345313147 ], [ 151.190440128810963, -33.891580576709813 ], [ 151.190690451716137, -33.891505508545166 ], [ 151.190070095061884, -33.891652282000734 ], [ 151.189970315299831, -33.891634200599562 ], [ 151.189944548953264, -33.891579623908861 ], [ 151.189972605052731, -33.891525838179803 ], [ 151.190057289155902, -33.891481456215729 ], [ 151.190445619499769, -33.891389579349926 ], [ 151.190378738928615, -33.891360810946423 ], [ 151.189805372871632, -33.89150230937998 ], [ 151.189785270103016, -33.891564447141931 ], [ 151.189289091673203, -33.891681891302568 ], [ 151.189249673356954, -33.891758182245411 ], [ 151.188556279618354, -33.891946110787273 ], [ 151.188920700000011, -33.8918799 ], [ 151.188975699999986, -33.891980599999975 ], [ 151.188927400000011, -33.8921426 ], [ 151.188514776001909, -33.892261256507311 ], [ 151.188597922128565, -33.892241586036754 ] ], [ [ 151.191199357152158, -33.869339158766714 ], [ 151.191160227693246, -33.869326173634185 ], [ 151.190901027776164, -33.869387519086487 ], [ 151.190904441323681, -33.869408957226256 ], [ 151.191199357152158, -33.869339158766714 ] ], [ [ 151.191157859751087, -33.869188359015567 ], [ 151.190888745526735, -33.869231042669384 ], [ 151.190903988206031, -33.869201811997769 ], [ 151.191165859590399, -33.869128154974469 ], [ 151.190868055429974, -33.869180442024486 ], [ 151.190886224692719, -33.86929455101329 ], [ 151.191155174055496, -33.869230898078939 ], [ 151.191157859751087, -33.869188359015567 ] ], [ [ 151.190488606052241, -33.900209472816208 ], [ 151.190494170395397, -33.900200215480133 ], [ 151.190477154157662, -33.900204240986049 ], [ 151.190488606052241, -33.900209472816208 ] ], [ [ 151.191127418870707, -33.869315285995874 ], [ 151.19089691239347, -33.869361673191605 ], [ 151.19089816562402, -33.869369543874228 ], [ 151.191127418870707, -33.869315285995874 ] ], [ [ 151.190449591753975, -33.898888082158813 ], [ 151.190109345980602, -33.898977425834396 ], [ 151.190112267038728, -33.899002972458256 ], [ 151.190376987248129, -33.898940347507811 ], [ 151.190449591753975, -33.898888082158813 ] ], [ [ 151.191037521430445, -33.870642671204315 ], [ 151.189961369600155, -33.87086982312627 ], [ 151.189936913645852, -33.870908346551758 ], [ 151.191037521430445, -33.870642671204315 ] ], [ [ 151.189954723457589, -33.883218332679014 ], [ 151.190764691569427, -33.883032213847258 ], [ 151.190725990858652, -33.883018405200346 ], [ 151.190275937802085, -33.883115089314742 ], [ 151.190283571855588, -33.883085787036009 ], [ 151.190696978096753, -33.882987965330678 ], [ 151.190431502123403, -33.883009261765977 ], [ 151.189704768538547, -33.883163460603747 ], [ 151.18969829990138, -33.883194363703709 ], [ 151.189618590920645, -33.883232771961239 ], [ 151.189855221893367, -33.88318141848017 ], [ 151.189954723457589, -33.883218332679014 ] ], [ [ 151.190712615238226, -33.884580276333345 ], [ 151.190679062617448, -33.884557113223835 ], [ 151.190556386416034, -33.884586140850388 ], [ 151.190574684714619, -33.884612913455896 ], [ 151.190712615238226, -33.884580276333345 ] ], [ [ 151.190541286867358, -33.891111651598763 ], [ 151.190554251908821, -33.89109508057345 ], [ 151.190530509396154, -33.891100698010305 ], [ 151.190541286867358, -33.891111651598763 ] ], [ [ 151.191019991443738, -33.866338237337089 ], [ 151.191066391005364, -33.866278524421375 ], [ 151.190863174046058, -33.86632978527944 ], [ 151.190886394623419, -33.866369857207062 ], [ 151.191019991443738, -33.866338237337089 ] ], [ [ 151.189989809959741, -33.901574611427108 ], [ 151.190233721171467, -33.901516911569722 ], [ 151.189988337813446, -33.901573994431118 ], [ 151.189989809959741, -33.901574611427108 ] ], [ [ 151.1893627, -33.8984472 ], [ 151.1893727, -33.898477199999981 ], [ 151.189322616022622, -33.898489048067958 ], [ 151.1893436, -33.8985522 ], [ 151.189251080427567, -33.898582304863197 ], [ 151.189375399999989, -33.8985562 ], [ 151.189385947301417, -33.898590798348181 ], [ 151.189664122872017, -33.898546921945432 ], [ 151.1902909146946, -33.898400835525948 ], [ 151.190276660854721, -33.898330066926839 ], [ 151.189681616145094, -33.898467467371191 ], [ 151.189635901625138, -33.898235728978712 ], [ 151.189178519650369, -33.89832458282558 ], [ 151.189148807623582, -33.898404001349085 ], [ 151.189204496547745, -33.898424424970734 ], [ 151.189225664856082, -33.89847859764177 ], [ 151.1893627, -33.8984472 ] ], [ [ 151.19068720016574, -33.879554451122097 ], [ 151.190686755330916, -33.879554695031231 ], [ 151.190687343426134, -33.879554555866399 ], [ 151.19068720016574, -33.879554451122097 ] ], [ [ 151.190096279727499, -33.899675484084341 ], [ 151.190222004273693, -33.899646837151302 ], [ 151.190225660495997, -33.899644876812879 ], [ 151.190096279727499, -33.899675484084341 ] ], [ [ 151.190174177865543, -33.893929209487396 ], [ 151.18957530434912, -33.894071981957147 ], [ 151.189548725673518, -33.89410412801967 ], [ 151.190191526239943, -33.893944325619309 ], [ 151.190174177865543, -33.893929209487396 ] ], [ [ 151.189888923335673, -33.880762822096145 ], [ 151.189482961995822, -33.880839132077611 ], [ 151.18942292991926, -33.880752629998966 ], [ 151.189393335463024, -33.880759632683798 ], [ 151.189304099999987, -33.880857399999982 ], [ 151.189108176131697, -33.880903759375471 ], [ 151.189195, -33.8809562 ], [ 151.189129152081421, -33.881031555157314 ], [ 151.189489127219531, -33.880958595545458 ], [ 151.189488423382102, -33.88099190908207 ], [ 151.189353496078581, -33.881023835690108 ], [ 151.189399640017115, -33.881017554289812 ], [ 151.189367230609605, -33.881032096976469 ], [ 151.18939948354253, -33.881051497023655 ], [ 151.189565439684628, -33.881014307230409 ], [ 151.18941603692258, -33.881071167802197 ], [ 151.189615103743563, -33.881029863319043 ], [ 151.189626112919456, -33.881063119585868 ], [ 151.189690270336598, -33.881056254327369 ], [ 151.189716254814073, -33.881089960068358 ], [ 151.189605615048663, -33.881151646833864 ], [ 151.189782835079768, -33.881111317757401 ], [ 151.189828182035058, -33.881161936511901 ], [ 151.190442056205683, -33.881007227770546 ], [ 151.190193846461256, -33.881055710858604 ], [ 151.190075596116998, -33.881000790500721 ], [ 151.190229787682114, -33.880903383051354 ], [ 151.190236940748889, -33.880840623776209 ], [ 151.190315636290194, -33.880811071010605 ], [ 151.189818424732408, -33.88092872465181 ], [ 151.189810504390948, -33.880911946322762 ], [ 151.190136452759219, -33.880834818434437 ], [ 151.189604416132852, -33.880960031579434 ], [ 151.189554046688727, -33.880936205742799 ], [ 151.189442547241327, -33.880957684395369 ], [ 151.189961910833375, -33.88081015595521 ], [ 151.189937260094837, -33.880794169456514 ], [ 151.189665981352306, -33.880841554163744 ], [ 151.189888923335673, -33.880762822096145 ] ], [ [ 151.190158618305588, -33.893714187104621 ], [ 151.190164035685797, -33.893711282277529 ], [ 151.190155403314463, -33.893713324579991 ], [ 151.190158618305588, -33.893714187104621 ] ], [ [ 151.190448691554622, -33.879709297629738 ], [ 151.190289294387327, -33.879734566167954 ], [ 151.190276396208048, -33.87975006842511 ], [ 151.190448691554622, -33.879709297629738 ] ], [ [ 151.189906083095082, -33.902732613338934 ], [ 151.189935554829816, -33.902725641640068 ], [ 151.189933682540214, -33.902692764868945 ], [ 151.189906309810482, -33.902699240039482 ], [ 151.189906083095082, -33.902732613338934 ] ], [ [ 151.189778974875111, -33.899699518155131 ], [ 151.189970326214961, -33.899654251158083 ], [ 151.189991382672417, -33.899627351689688 ], [ 151.189771845422797, -33.899677419683911 ], [ 151.189778974875111, -33.899699518155131 ] ], [ [ 151.189950545035401, -33.897724700287988 ], [ 151.189949187110699, -33.897725021534633 ], [ 151.189951172433183, -33.897727596316045 ], [ 151.189950545035401, -33.897724700287988 ] ], [ [ 151.190278056138595, -33.877574894788999 ], [ 151.190285634359753, -33.877682948620354 ], [ 151.190353613642117, -33.877666862043803 ], [ 151.190294505914352, -33.877588277904266 ], [ 151.19035566772655, -33.877556528804099 ], [ 151.190278056138595, -33.877574894788999 ] ], [ [ 151.189157634374766, -33.894019984913889 ], [ 151.188960449612352, -33.894127165007959 ], [ 151.189298287180748, -33.894047240664847 ], [ 151.189349422788354, -33.893984438838963 ], [ 151.189977824826343, -33.893835603883247 ], [ 151.189157634374766, -33.894019984913889 ] ], [ [ 151.1889778, -33.9017751 ], [ 151.188198050850076, -33.901981341716493 ], [ 151.188164551741238, -33.902147195770127 ], [ 151.188205193047139, -33.902139754551428 ], [ 151.188233340240686, -33.901995354851465 ], [ 151.1887079, -33.9018831 ], [ 151.188804299999987, -33.9018961 ], [ 151.188743329993173, -33.902208437737855 ], [ 151.189097918865258, -33.90212456028695 ], [ 151.189083183503271, -33.901957262492246 ], [ 151.189179185655689, -33.901738563165779 ], [ 151.189703107287613, -33.901614627093487 ], [ 151.189277886210874, -33.90169706379956 ], [ 151.189251846451782, -33.901678267249117 ], [ 151.188983540606785, -33.901741735440581 ], [ 151.1889778, -33.9017751 ] ], [ [ 151.190121631321688, -33.877767050877466 ], [ 151.190176692471681, -33.877735058861148 ], [ 151.190109052709232, -33.877751064974227 ], [ 151.190121631321688, -33.877767050877466 ] ], [ [ 151.189726191063414, -33.898077484586082 ], [ 151.18950120530306, -33.898130708925514 ], [ 151.189543444110456, -33.898162624322566 ], [ 151.18973503625412, -33.898120148593399 ], [ 151.189726191063414, -33.898077484586082 ] ], [ [ 151.189294569982366, -33.890548743180588 ], [ 151.188389256573259, -33.890762641301897 ], [ 151.188326166781621, -33.890739752613939 ], [ 151.188353612654737, -33.89068713842601 ], [ 151.189425054141111, -33.890433650942306 ], [ 151.189482409086821, -33.890449100713056 ], [ 151.189536968799672, -33.890419440594435 ], [ 151.189498051964108, -33.890373891498136 ], [ 151.188941454591628, -33.890493533709403 ], [ 151.189506969865732, -33.890353129190757 ], [ 151.189577857440213, -33.890275404595414 ], [ 151.189074190655077, -33.890393318628334 ], [ 151.189037024983946, -33.890361211412987 ], [ 151.189060995931982, -33.890332405501979 ], [ 151.189699065923293, -33.89018741045323 ], [ 151.189888238283174, -33.890109405231733 ], [ 151.189862955226374, -33.890089710665151 ], [ 151.188833830806971, -33.890335442590775 ], [ 151.188780737167576, -33.890289575038395 ], [ 151.188814981463594, -33.890248423809254 ], [ 151.189802974840546, -33.890014673936143 ], [ 151.189797953546758, -33.889933544908573 ], [ 151.189027784062802, -33.890115760678761 ], [ 151.188983474750046, -33.890090116315243 ], [ 151.189004021224264, -33.890065425540989 ], [ 151.189807445052509, -33.889875341976499 ], [ 151.189828677514129, -33.889745141909977 ], [ 151.18959973599803, -33.889799308382145 ], [ 151.1896629, -33.8898346 ], [ 151.18959, -33.8899245 ], [ 151.188824690160288, -33.890105564661667 ], [ 151.188730190465179, -33.890052764084679 ], [ 151.188803091410421, -33.889962864571615 ], [ 151.189185641931488, -33.889872357535765 ], [ 151.189062505695063, -33.889716317697683 ], [ 151.188818475665983, -33.889774052404448 ], [ 151.188280773283225, -33.889835747135869 ], [ 151.188201679711369, -33.889360846601114 ], [ 151.188406823080044, -33.88931231290843 ], [ 151.188376057488398, -33.889107943093776 ], [ 151.188430403094628, -33.889080730730981 ], [ 151.188423595791647, -33.889053298193367 ], [ 151.188363958527304, -33.889059142943935 ], [ 151.188337661751859, -33.888909942652532 ], [ 151.188377479693514, -33.888811718418609 ], [ 151.188355173582721, -33.8886028876802 ], [ 151.188473481233842, -33.888574897553326 ], [ 151.188505232610254, -33.888496571521991 ], [ 151.188218403313726, -33.888521795017503 ], [ 151.187567967466094, -33.888677233327719 ], [ 151.1880094, -33.8886287 ], [ 151.1880362, -33.8888625 ], [ 151.187709, -33.8891141 ], [ 151.186943694056367, -33.889295153099596 ], [ 151.186416050195277, -33.889373582945844 ], [ 151.186594500000012, -33.889412 ], [ 151.186584220095853, -33.889445000261375 ], [ 151.187435099999988, -33.8892953 ], [ 151.1876447, -33.8894325 ], [ 151.187751, -33.8900519 ], [ 151.187609453933646, -33.890532077216918 ], [ 151.187886, -33.8904831 ], [ 151.1879437, -33.890618899999978 ], [ 151.1877948, -33.8907024 ], [ 151.187545, -33.890777 ], [ 151.186708062451885, -33.890967951495547 ], [ 151.186716301928243, -33.891010155415742 ], [ 151.1872314, -33.8908883 ], [ 151.1873282, -33.8908864 ], [ 151.187389251781298, -33.890928595440094 ], [ 151.188185299999986, -33.8907433 ], [ 151.188311612117474, -33.89078129565118 ], [ 151.189294569982366, -33.890548743180588 ] ], [ [ 151.18994492187386, -33.86716545730328 ], [ 151.190024249537544, -33.867118088563785 ], [ 151.190360992180473, -33.867037315496155 ], [ 151.189921687494262, -33.867123697813483 ], [ 151.18994492187386, -33.86716545730328 ] ], [ [ 151.189777099893178, -33.877283085078417 ], [ 151.189725992922149, -33.877311840899104 ], [ 151.189942716424696, -33.877273254938736 ], [ 151.189969518034957, -33.877313928988087 ], [ 151.190131841139589, -33.877261894300837 ], [ 151.190098108431982, -33.877269876772239 ], [ 151.190043670388832, -33.877198748019879 ], [ 151.189743048449287, -33.877272459907118 ], [ 151.189777099893178, -33.877283085078417 ] ], [ [ 151.189813668259205, -33.884022790065721 ], [ 151.189970935718634, -33.884009547052564 ], [ 151.189980563110026, -33.883961408354743 ], [ 151.189817043987972, -33.884000099506501 ], [ 151.189813668259205, -33.884022790065721 ] ], [ [ 151.18887851170939, -33.880122150123569 ], [ 151.188922739248852, -33.880147440164116 ], [ 151.189148047728054, -33.880095197758251 ], [ 151.189178456954494, -33.880128258496832 ], [ 151.189432422578733, -33.880073750881898 ], [ 151.189388497926643, -33.880092431243582 ], [ 151.189415993271069, -33.880103791049308 ], [ 151.190063529747022, -33.879950566592321 ], [ 151.18957694734442, -33.880049950314685 ], [ 151.189551547445461, -33.880028850207701 ], [ 151.189589216436787, -33.879991779600196 ], [ 151.189548347614618, -33.880001450199785 ], [ 151.189523747695148, -33.879983750095562 ], [ 151.189542729021554, -33.879965455070185 ], [ 151.189479503008954, -33.879951828602522 ], [ 151.188522407803987, -33.880175303744664 ], [ 151.18854347662753, -33.880201425219738 ], [ 151.18887851170939, -33.880122150123569 ] ], [ [ 151.189966666442388, -33.882998902336873 ], [ 151.18992764367178, -33.882958084820302 ], [ 151.189657208012648, -33.883022074685293 ], [ 151.189696150983735, -33.883062911140954 ], [ 151.189966666442388, -33.882998902336873 ] ], [ [ 151.188708096762809, -33.882374191861999 ], [ 151.188624917891474, -33.882308944601 ], [ 151.188406689147627, -33.882379859375654 ], [ 151.188594841211255, -33.88236982712867 ], [ 151.188593763233825, -33.882420821245809 ], [ 151.188480461848059, -33.88246659168766 ], [ 151.188637031215762, -33.882437949271129 ], [ 151.188462407537401, -33.882493541037235 ], [ 151.189392879760049, -33.882273380083092 ], [ 151.189469173548531, -33.882287207146149 ], [ 151.189486927420859, -33.882336417882172 ], [ 151.189599599196868, -33.882243321997088 ], [ 151.189943090370917, -33.882162045098745 ], [ 151.189826664344167, -33.882161812724405 ], [ 151.189113460931225, -33.882330568965692 ], [ 151.189079304595424, -33.882289213385313 ], [ 151.188708096762809, -33.882374191861999 ] ], [ [ 151.189519664083974, -33.877213334888268 ], [ 151.189825417183783, -33.877206337256069 ], [ 151.189854143688535, -33.877159660921869 ], [ 151.190036797099992, -33.877098813570818 ], [ 151.190011346154819, -33.877028291874865 ], [ 151.189870937185049, -33.877103048942558 ], [ 151.189604112179438, -33.877166189351811 ], [ 151.189519664083974, -33.877213334888268 ] ], [ [ 151.189697158816728, -33.887419825393778 ], [ 151.189622044891649, -33.887372865844895 ], [ 151.189621195299566, -33.887322237497813 ], [ 151.1896007, -33.887397 ], [ 151.189126222428115, -33.887509261207136 ], [ 151.188713900346755, -33.887553856006548 ], [ 151.188721888131766, -33.887604903661412 ], [ 151.1893323, -33.8874897 ], [ 151.189598222664614, -33.887509175164894 ], [ 151.189707451380883, -33.887483331431305 ], [ 151.189697158816728, -33.887419825393778 ] ], [ [ 151.189815763631515, -33.881181072957965 ], [ 151.189816655204453, -33.881185772773343 ], [ 151.189818844209384, -33.881177370530715 ], [ 151.189815763631515, -33.881181072957965 ] ], [ [ 151.18917400858254, -33.894195450038936 ], [ 151.18914920853689, -33.894231791668382 ], [ 151.189516518077994, -33.894114419854446 ], [ 151.18917400858254, -33.894195450038936 ] ], [ [ 151.189647821184764, -33.887110760985202 ], [ 151.189578286322643, -33.887121673428744 ], [ 151.18957903321774, -33.887127036415897 ], [ 151.189647821184764, -33.887110760985202 ] ], [ [ 151.189212118694826, -33.882844742282728 ], [ 151.18930512203363, -33.882950642083379 ], [ 151.189434444178943, -33.882908056214127 ], [ 151.189365337323409, -33.882878877161168 ], [ 151.189379365347349, -33.882825034598923 ], [ 151.18956731027572, -33.882774716771799 ], [ 151.189447225990392, -33.882782470443594 ], [ 151.189434442682227, -33.882723453693103 ], [ 151.189715145577537, -33.882635870211786 ], [ 151.188887125959837, -33.88284579014163 ], [ 151.188905668579508, -33.882886067613995 ], [ 151.189150293373984, -33.88283353733339 ], [ 151.189212118694826, -33.882844742282728 ] ], [ [ 151.189781285751224, -33.8791351669203 ], [ 151.189541405868283, -33.879172431827371 ], [ 151.189545943273629, -33.879227541128891 ], [ 151.189781285751224, -33.8791351669203 ] ], [ [ 151.189593853133459, -33.882963599834213 ], [ 151.189301343818045, -33.883058408271211 ], [ 151.189571071050239, -33.882998131330467 ], [ 151.189593853133459, -33.882963599834213 ] ], [ [ 151.189506118813796, -33.878795004017469 ], [ 151.189397400501548, -33.878840668886802 ], [ 151.189431500000012, -33.8788326 ], [ 151.1894728, -33.8788753 ], [ 151.189446976791032, -33.878894676132617 ], [ 151.189496600000012, -33.8789123 ], [ 151.189291634827327, -33.879038197056929 ], [ 151.189176321407444, -33.879065483147052 ], [ 151.18930879524828, -33.879036846368322 ], [ 151.189316334410989, -33.879071653885596 ], [ 151.188857207398712, -33.879180294320236 ], [ 151.188827671558386, -33.8791631981343 ], [ 151.188849740225407, -33.879142759879016 ], [ 151.188558950139054, -33.879193149738434 ], [ 151.18855464511114, -33.879249000966965 ], [ 151.188495121788435, -33.879296927381951 ], [ 151.187815017502032, -33.879457850217143 ], [ 151.188439951245954, -33.879312328672356 ], [ 151.188546450202267, -33.879316076375112 ], [ 151.188513535536913, -33.879329194139999 ], [ 151.18865334780574, -33.879296111913781 ], [ 151.188677774757195, -33.879235632939455 ], [ 151.189213423410848, -33.879108886396978 ], [ 151.189348764921561, -33.879084414400786 ], [ 151.189435153265265, -33.879104311772437 ], [ 151.189460627491201, -33.879062539076024 ], [ 151.189676894986405, -33.878998317442786 ], [ 151.189408250626258, -33.879031038420017 ], [ 151.189425426934008, -33.878965108366316 ], [ 151.189616847700478, -33.878919812791331 ], [ 151.189560059738341, -33.87884556916184 ], [ 151.189484355248879, -33.878853673935708 ], [ 151.189484893900669, -33.878828176849844 ], [ 151.189535898725268, -33.878813981412932 ], [ 151.189506118813796, -33.878795004017469 ] ], [ [ 151.189613471323554, -33.878437668536499 ], [ 151.189682929303757, -33.878468827839534 ], [ 151.189647791310676, -33.878423881887372 ], [ 151.189168958635179, -33.878538563972477 ], [ 151.189613471323554, -33.878437668536499 ] ], [ [ 151.18914136703296, -33.902277410684619 ], [ 151.188102330454683, -33.902520335976988 ], [ 151.188041621985661, -33.902498313794865 ], [ 151.188017369709655, -33.902446947141357 ], [ 151.188082532431423, -33.902378654621572 ], [ 151.18771122803247, -33.902324596002799 ], [ 151.1876901, -33.902396 ], [ 151.187341332892174, -33.902478495717624 ], [ 151.187373820403678, -33.902536306295254 ], [ 151.187345426986013, -33.902563343203738 ], [ 151.187637476297454, -33.902525849196124 ], [ 151.187691038061644, -33.902552780748515 ], [ 151.18777522739839, -33.902545340486625 ], [ 151.187811156249865, -33.902581792936779 ], [ 151.187964831285313, -33.902590887505475 ], [ 151.187982141268805, -33.902624540996861 ], [ 151.188161185098323, -33.902617944017933 ], [ 151.188360562235971, -33.902570783092045 ], [ 151.18833158507428, -33.902528348629509 ], [ 151.188369259718712, -33.902483082683688 ], [ 151.189148351227857, -33.902298791456857 ], [ 151.18914136703296, -33.902277410684619 ] ], [ [ 151.189877496874061, -33.867305891857598 ], [ 151.189801408082076, -33.867335388146294 ], [ 151.189882283964607, -33.86731624737758 ], [ 151.189877496874061, -33.867305891857598 ] ], [ [ 151.189599205091241, -33.880574378582729 ], [ 151.189455409889376, -33.880599879835422 ], [ 151.189274800682654, -33.88064261586819 ], [ 151.189599205091241, -33.880574378582729 ] ], [ [ 151.189169129179646, -33.897962874289732 ], [ 151.189193671180192, -33.897959400376834 ], [ 151.189201454371045, -33.897955227303541 ], [ 151.189169129179646, -33.897962874289732 ] ], [ [ 151.189522482867346, -33.88234552814481 ], [ 151.189484337986187, -33.882346356811382 ], [ 151.189481171839049, -33.882353548419424 ], [ 151.189522482867346, -33.88234552814481 ] ], [ [ 151.189100762839047, -33.898036601308661 ], [ 151.189191245805915, -33.898015196319783 ], [ 151.189186548430911, -33.898009104174292 ], [ 151.189100762839047, -33.898036601308661 ] ], [ [ 151.188481965061499, -33.868931868545765 ], [ 151.189285044103627, -33.868741547973443 ], [ 151.189771621252532, -33.868607964844138 ], [ 151.189742954727848, -33.868573576201861 ], [ 151.189049036631758, -33.868725537674365 ], [ 151.189049709851389, -33.868693666272257 ], [ 151.18919738082738, -33.868656060984243 ], [ 151.189205079396999, -33.868628297570865 ], [ 151.188416293415401, -33.868814967645982 ], [ 151.188481965061499, -33.868931868545765 ] ], [ [ 151.188937116223798, -33.890873321711794 ], [ 151.189018656299424, -33.890793290905833 ], [ 151.189269180308571, -33.890727139099909 ], [ 151.1892228338954, -33.890668303274964 ], [ 151.188396827321753, -33.890863723303575 ], [ 151.1885345, -33.8908588 ], [ 151.188540132225569, -33.89096724137223 ], [ 151.188937116223798, -33.890873321711794 ] ], [ [ 151.189141411270725, -33.893671183097737 ], [ 151.189190056722055, -33.893660928551604 ], [ 151.189190681760294, -33.893659526787729 ], [ 151.189141411270725, -33.893671183097737 ] ], [ [ 151.189016096745888, -33.900479062543702 ], [ 151.189000771426834, -33.900424817280104 ], [ 151.188770699216263, -33.900479241703522 ], [ 151.188424516225524, -33.900577780148986 ], [ 151.188415706465889, -33.900623212555168 ], [ 151.189016096745888, -33.900479062543702 ] ], [ [ 151.18917101418316, -33.891612215192005 ], [ 151.18915605282325, -33.891592810065319 ], [ 151.189053599916946, -33.891617048783964 ], [ 151.189051522895653, -33.891654106218411 ], [ 151.18917101418316, -33.891612215192005 ] ], [ [ 151.189090947062311, -33.894248390161167 ], [ 151.189088658749824, -33.894251139893278 ], [ 151.189115276330341, -33.894242634452283 ], [ 151.189090947062311, -33.894248390161167 ] ], [ [ 151.189337356277889, -33.882993143712511 ], [ 151.189307776155118, -33.882977992735718 ], [ 151.189301626069067, -33.883001597963421 ], [ 151.189337356277889, -33.882993143712511 ] ], [ [ 151.189237675824501, -33.876685592423755 ], [ 151.189116442211713, -33.876636969399605 ], [ 151.188984935829524, -33.876660131510683 ], [ 151.188636, -33.876852 ], [ 151.188472274830474, -33.87689074171211 ], [ 151.18849870856485, -33.876925811126554 ], [ 151.189345017877571, -33.876725549070109 ], [ 151.189380768467231, -33.87666915020953 ], [ 151.189453866132652, -33.876634434421753 ], [ 151.189237675824501, -33.876685592423755 ] ], [ [ 151.188870223235483, -33.902467169961 ], [ 151.188437213656016, -33.902569596205431 ], [ 151.188869403034062, -33.902471729747539 ], [ 151.188870223235483, -33.902467169961 ] ], [ [ 151.188235559679299, -33.89831095332022 ], [ 151.187655366745162, -33.898497691807442 ], [ 151.188842386533253, -33.898236228024558 ], [ 151.188844718057595, -33.898209085763867 ], [ 151.188314348770888, -33.898334548849071 ], [ 151.188235559679299, -33.89831095332022 ] ], [ [ 151.188401872989573, -33.882272353283987 ], [ 151.189116400246036, -33.882108718053033 ], [ 151.189129032030991, -33.882086647495832 ], [ 151.188399034340136, -33.882250949416779 ], [ 151.188401872989573, -33.882272353283987 ] ], [ [ 151.188484102372257, -33.881803335079603 ], [ 151.188499033427291, -33.881770062853526 ], [ 151.188008041536307, -33.881886235430315 ], [ 151.188055161539239, -33.881964840881821 ], [ 151.187979830960757, -33.882055373434717 ], [ 151.186948299498425, -33.882299433659881 ], [ 151.18700311605329, -33.882370436902974 ], [ 151.18741774961282, -33.882272335765037 ], [ 151.187436441790481, -33.88223909056385 ], [ 151.187607500950605, -33.8821986179221 ], [ 151.187613410404197, -33.882176879138186 ], [ 151.188137611071426, -33.882074262102776 ], [ 151.18816795911863, -33.882094834132957 ], [ 151.188314174263326, -33.882085186023581 ], [ 151.188383129369527, -33.882144762146588 ], [ 151.188387690397377, -33.882203331952063 ], [ 151.188474771543326, -33.882180806587478 ], [ 151.188474607517747, -33.882116189022277 ], [ 151.188599231886258, -33.882076226443139 ], [ 151.188471399333025, -33.882097117560065 ], [ 151.188457018964272, -33.882030723623188 ], [ 151.188955544618835, -33.881907982729849 ], [ 151.188935303556093, -33.881841442841434 ], [ 151.188319936934107, -33.881985261740091 ], [ 151.188270597514673, -33.881956703220787 ], [ 151.188283350722656, -33.881907755559439 ], [ 151.188567213702555, -33.881819389530527 ], [ 151.189119478150189, -33.88170460226042 ], [ 151.189089157964162, -33.88168538088695 ], [ 151.188526157946654, -33.881818594032794 ], [ 151.188484102372257, -33.881803335079603 ] ], [ [ 151.18886082297837, -33.883993196030943 ], [ 151.188976984766043, -33.883954398260357 ], [ 151.188850716519539, -33.883984274192542 ], [ 151.18886082297837, -33.883993196030943 ] ], [ [ 151.189019309159562, -33.881645950912407 ], [ 151.188939227910339, -33.881650631748755 ], [ 151.188914534244446, -33.881670742201543 ], [ 151.189019309159562, -33.881645950912407 ] ], [ [ 151.188343570410268, -33.891475828293686 ], [ 151.188553921610747, -33.891459470107826 ], [ 151.188517699756744, -33.891433258056949 ], [ 151.188561431937643, -33.891392302999058 ], [ 151.188489850791001, -33.891342087651552 ], [ 151.188505151193482, -33.891297287754313 ], [ 151.188705987103646, -33.891100171593038 ], [ 151.18838920195455, -33.891166322203965 ], [ 151.188718507147598, -33.891087883394732 ], [ 151.188777846392298, -33.891029642924039 ], [ 151.188588482209667, -33.891068421869853 ], [ 151.188811916252973, -33.890996203878366 ], [ 151.188439483046295, -33.891084314726584 ], [ 151.1883535, -33.8911659 ], [ 151.188234849675069, -33.891193970086633 ], [ 151.188204615738385, -33.891233713842311 ], [ 151.187685023927202, -33.891380642116609 ], [ 151.187968446757282, -33.891325485837214 ], [ 151.187838032874168, -33.891374634002261 ], [ 151.188063, -33.8913658 ], [ 151.1880933, -33.8914389 ], [ 151.187959870458855, -33.891566602457772 ], [ 151.188343570410268, -33.891475828293686 ] ], [ [ 151.188763534832333, -33.892833006275936 ], [ 151.188759047558676, -33.892823484305154 ], [ 151.188755384794149, -33.892834934387729 ], [ 151.188763534832333, -33.892833006275936 ] ], [ [ 151.188686847752223, -33.892773061744037 ], [ 151.188744686856182, -33.892793010956304 ], [ 151.188730427137642, -33.892762751872958 ], [ 151.188686847752223, -33.892773061744037 ] ], [ [ 151.188883734514008, -33.878685101928241 ], [ 151.188944846638435, -33.878680568373092 ], [ 151.189012466577992, -33.878664567843444 ], [ 151.188993843748676, -33.878654831191191 ], [ 151.188883734514008, -33.878685101928241 ] ], [ [ 151.188569674633925, -33.89179781714607 ], [ 151.188729039540107, -33.89174454234395 ], [ 151.188569343711237, -33.891797387929451 ], [ 151.188569674633925, -33.89179781714607 ] ], [ [ 151.1886987939086, -33.892695626169974 ], [ 151.188677776753707, -33.892651027713526 ], [ 151.188473291474878, -33.8926994040064 ], [ 151.188558539596272, -33.892728807011615 ], [ 151.1886987939086, -33.892695626169974 ] ], [ [ 151.188834112139574, -33.879688782954716 ], [ 151.188813299356326, -33.87971652483234 ], [ 151.188881034458603, -33.879723399678483 ], [ 151.188777042188605, -33.879768285993372 ], [ 151.188197582520786, -33.879905395642353 ], [ 151.188244322697955, -33.879939368069543 ], [ 151.18824337458102, -33.87998421453171 ], [ 151.188146174236692, -33.880041133466023 ], [ 151.18826058173957, -33.880021339466055 ], [ 151.188280182643609, -33.880062863932203 ], [ 151.188192112190336, -33.880117445509384 ], [ 151.188286414628294, -33.880104458490194 ], [ 151.187552552775884, -33.880271665384292 ], [ 151.187518526774255, -33.88022752614652 ], [ 151.187599010843002, -33.880182063177173 ], [ 151.187429901660948, -33.88022207553778 ], [ 151.187201937402165, -33.880286531190926 ], [ 151.187167885094368, -33.880355753253184 ], [ 151.187045979919048, -33.88040774949242 ], [ 151.187502304959082, -33.880301207986037 ], [ 151.187539516366797, -33.880353666449167 ], [ 151.187658578015032, -33.880313168424394 ], [ 151.187677933117584, -33.880269665868312 ], [ 151.188429421212589, -33.880116681002768 ], [ 151.18845402208089, -33.880036174142319 ], [ 151.188625705325791, -33.879985983062994 ], [ 151.188594332966403, -33.879947207195791 ], [ 151.188503406836674, -33.879967830032214 ], [ 151.188451057372987, -33.879949872915411 ], [ 151.188466302948711, -33.879920642683544 ], [ 151.188555722160118, -33.879899484635843 ], [ 151.188549843600498, -33.879870692570066 ], [ 151.188348028667377, -33.879917572629431 ], [ 151.188333394482896, -33.879886570163023 ], [ 151.188962436315848, -33.879738086188702 ], [ 151.188834112139574, -33.879688782954716 ] ], [ [ 151.18825374745947, -33.894314930074351 ], [ 151.188251704534451, -33.894320138302092 ], [ 151.188639805981126, -33.894223600337611 ], [ 151.18825374745947, -33.894314930074351 ] ], [ [ 151.187758897007825, -33.881774758912037 ], [ 151.187652029536622, -33.88186896638522 ], [ 151.188890220366034, -33.881553574659385 ], [ 151.188790627604845, -33.881553541786253 ], [ 151.187758897007825, -33.881774758912037 ] ], [ [ 151.187870039365521, -33.901867582818774 ], [ 151.1881325, -33.9018055 ], [ 151.188230320787511, -33.901821572596283 ], [ 151.188367862446796, -33.901789137720819 ], [ 151.188338946543979, -33.901682302743374 ], [ 151.188290715651476, -33.901637317190399 ], [ 151.188404174792709, -33.901563055766317 ], [ 151.187983445950778, -33.901662576589629 ], [ 151.187911616362982, -33.901651407378651 ], [ 151.187870039365521, -33.901867582818774 ] ], [ [ 151.188594267960582, -33.892475373562149 ], [ 151.188595183618219, -33.892475764407095 ], [ 151.188594926062478, -33.892475217870548 ], [ 151.188594267960582, -33.892475373562149 ] ], [ [ 151.188934514708535, -33.868038060680341 ], [ 151.188937277454983, -33.868042272748959 ], [ 151.189110066654138, -33.86799651472765 ], [ 151.188934514708535, -33.868038060680341 ] ], [ [ 151.187948105153993, -33.879658833684978 ], [ 151.188604553826735, -33.879506478789494 ], [ 151.188685175860542, -33.879515813368421 ], [ 151.188849331562835, -33.879445588631299 ], [ 151.187948105153993, -33.879658833684978 ] ], [ [ 151.188674680349351, -33.881414762815965 ], [ 151.1886783082943, -33.881430898742579 ], [ 151.18870210099729, -33.881408274731797 ], [ 151.188674680349351, -33.881414762815965 ] ], [ [ 151.187201403599971, -33.902957708766714 ], [ 151.187280500000014, -33.902939 ], [ 151.18791504174996, -33.903023444781986 ], [ 151.188114864242436, -33.902976179202881 ], [ 151.188143910599479, -33.902922834693499 ], [ 151.187898865827492, -33.902880639425433 ], [ 151.187580834621002, -33.902953724879474 ], [ 151.187521613528389, -33.902919453944811 ], [ 151.187531878381208, -33.902866777303835 ], [ 151.187201403599971, -33.902957708766714 ] ], [ [ 151.188268781197735, -33.893698271875479 ], [ 151.188275665158216, -33.893697234874409 ], [ 151.188276278112056, -33.893696498330634 ], [ 151.188268781197735, -33.893698271875479 ] ], [ [ 151.18839159849631, -33.884545348065508 ], [ 151.188432388443601, -33.88453889517622 ], [ 151.188435701873715, -33.884534913178697 ], [ 151.18839159849631, -33.884545348065508 ] ], [ [ 151.188312672678364, -33.887046387757422 ], [ 151.188335396440522, -33.887043864519107 ], [ 151.188354453308563, -33.88703650279907 ], [ 151.188312672678364, -33.887046387757422 ] ], [ [ 151.188546899346733, -33.877422865024172 ], [ 151.188096481163853, -33.877518037886318 ], [ 151.188032481532815, -33.877437037660648 ], [ 151.188089123772414, -33.877406185935619 ], [ 151.187835168684757, -33.877439245784274 ], [ 151.187945159918712, -33.877460209121161 ], [ 151.187934957825632, -33.877499367261592 ], [ 151.187874374875008, -33.877517954774866 ], [ 151.187923441148598, -33.877579552247667 ], [ 151.188546899346733, -33.877422865024172 ] ], [ [ 151.188261779943474, -33.881376299085886 ], [ 151.188249687378089, -33.881408091025015 ], [ 151.188289800000035, -33.8813986 ], [ 151.188334910426732, -33.881429586583394 ], [ 151.188461843866207, -33.88139955279464 ], [ 151.188379035482683, -33.881348555250845 ], [ 151.188261779943474, -33.881376299085886 ] ], [ [ 151.187219966380439, -33.8811944527775 ], [ 151.18717026639095, -33.881237785647762 ], [ 151.18663460167275, -33.881364522726194 ], [ 151.186579605194424, -33.881345573519219 ], [ 151.18568336176989, -33.881546147663698 ], [ 151.185592162622754, -33.88143334712683 ], [ 151.18570646431948, -33.881268547897882 ], [ 151.185788364881404, -33.881222848427178 ], [ 151.186343482035767, -33.881091512763469 ], [ 151.186284021365594, -33.881032662507153 ], [ 151.186210415801952, -33.880835251240413 ], [ 151.185439671762424, -33.88100824250224 ], [ 151.185467, -33.881082 ], [ 151.1853458, -33.8811464 ], [ 151.184427513721744, -33.881363648381125 ], [ 151.184323120987926, -33.881255735561588 ], [ 151.184231675329897, -33.881318171313787 ], [ 151.184130375791511, -33.881342136130513 ], [ 151.184122258458075, -33.881379589836627 ], [ 151.183713796403623, -33.881476220186116 ], [ 151.183639972001941, -33.881518602124927 ], [ 151.183877258917903, -33.88146335903491 ], [ 151.18388668030272, -33.881506868749071 ], [ 151.183091746009922, -33.881675082841888 ], [ 151.183063557267502, -33.88165281773707 ], [ 151.182535953949298, -33.881777627811971 ], [ 151.182513020235888, -33.881748035534613 ], [ 151.182248853129636, -33.881810525997281 ], [ 151.18215098386699, -33.881686147960487 ], [ 151.1820758, -33.8817278 ], [ 151.181616650683793, -33.881836412625752 ], [ 151.18139655194048, -33.881560211849163 ], [ 151.18142710477693, -33.881543647873052 ], [ 151.180279352317683, -33.881792774341747 ], [ 151.180304148046389, -33.881745666638032 ], [ 151.180256367349529, -33.881666671706043 ], [ 151.180266235507219, -33.88151900888132 ], [ 151.180707815978081, -33.881407115403967 ], [ 151.180698939558511, -33.8813536933691 ], [ 151.180018315818643, -33.88150834199088 ], [ 151.179934792731103, -33.881587118441615 ], [ 151.180034424317341, -33.881564087024479 ], [ 151.180049005404271, -33.881583004677267 ], [ 151.179947632883255, -33.881612059127058 ], [ 151.179977327287929, -33.881625583069031 ], [ 151.179962078534317, -33.88165481213715 ], [ 151.179598089278869, -33.881740907973246 ], [ 151.1792161, -33.8819539 ], [ 151.178504411356954, -33.882122232042917 ], [ 151.178115314302914, -33.881693229897373 ], [ 151.178299115318708, -33.88160933099666 ], [ 151.179007924233133, -33.881441680199586 ], [ 151.178921418669972, -33.881335734715378 ], [ 151.179125313585217, -33.881211858275435 ], [ 151.17916455927346, -33.881137337408113 ], [ 151.179384970716967, -33.881057750617749 ], [ 151.17937449299842, -33.881024707712818 ], [ 151.179279205066962, -33.880990374833715 ], [ 151.17857258170244, -33.881157511408126 ], [ 151.178505660144339, -33.881149101865873 ], [ 151.178227874281845, -33.881188884042018 ], [ 151.178145093431851, -33.881238416607736 ], [ 151.178494180257104, -33.881155849614707 ], [ 151.178523714586333, -33.881172948228695 ], [ 151.178099044742481, -33.881268295238669 ], [ 151.177970112825875, -33.881335292128121 ], [ 151.178350642690361, -33.88126353826695 ], [ 151.177832524144634, -33.881402733156008 ], [ 151.177816653695459, -33.8814260640181 ], [ 151.178152046220276, -33.881346737229954 ], [ 151.178181580541349, -33.881363835925413 ], [ 151.177800298683053, -33.8814751045741 ], [ 151.177758760836554, -33.881462617233858 ], [ 151.177589793437193, -33.881544143022104 ], [ 151.177635411488495, -33.881571225363047 ], [ 151.17781673844479, -33.881529408663894 ], [ 151.177846527421082, -33.881564836044554 ], [ 151.1779101, -33.8815498 ], [ 151.178045253629648, -33.881717237398959 ], [ 151.178102903713125, -33.881716206512621 ], [ 151.177713486726191, -33.881901583510242 ], [ 151.1781303, -33.881803 ], [ 151.1781665, -33.8818508 ], [ 151.178066537676699, -33.881903036719322 ], [ 151.178161400000022, -33.881880599999988 ], [ 151.1782457, -33.881979 ], [ 151.178132972525503, -33.882038769553894 ], [ 151.1783045, -33.8819982 ], [ 151.178339599999987, -33.8820433 ], [ 151.178289570364797, -33.882123083041449 ], [ 151.178232521524222, -33.882146211802329 ], [ 151.178345664789987, -33.882137039928438 ], [ 151.178104338305616, -33.88219797485386 ], [ 151.178266630191757, -33.882179270692461 ], [ 151.178105337895147, -33.88222786262881 ], [ 151.178174869597257, -33.882230068920528 ], [ 151.177895695945807, -33.882296098201387 ], [ 151.177909839294841, -33.882314521864863 ], [ 151.178969651984289, -33.882080284999205 ], [ 151.179079353728412, -33.882107275127332 ], [ 151.179035491925674, -33.88221980060068 ], [ 151.177429236188118, -33.882603373587187 ], [ 151.177473482230567, -33.882608719507985 ], [ 151.177472939929174, -33.882634216408121 ], [ 151.177166908738201, -33.882708721779927 ], [ 151.177173190891523, -33.882738169723879 ], [ 151.177082938144082, -33.882761641313024 ], [ 151.177075259700445, -33.882799350400767 ], [ 151.176882786930037, -33.882851177424364 ], [ 151.176979730883005, -33.882829319768923 ], [ 151.177003500271809, -33.882873634103142 ], [ 151.177100840923089, -33.882862873274917 ], [ 151.17710016290124, -33.882894744392125 ], [ 151.176986206618608, -33.8829243534352 ], [ 151.176984163808186, -33.882972865455571 ], [ 151.177152116185198, -33.882933857086087 ], [ 151.177171557057392, -33.882959081054814 ], [ 151.177124862536601, -33.8829768927976 ], [ 151.177258607700367, -33.882989661819757 ], [ 151.178373377118646, -33.882702398294171 ], [ 151.178476490695658, -33.882707905509108 ], [ 151.178397131774034, -33.882752735268404 ], [ 151.178139701018978, -33.882813622083674 ], [ 151.178134217070721, -33.882854220292124 ], [ 151.178239760399464, -33.882862157850703 ], [ 151.178572825743771, -33.882799356000703 ], [ 151.179138383193475, -33.882667194071516 ], [ 151.179182786131975, -33.882692899952161 ], [ 151.179155337515056, -33.882745512059955 ], [ 151.178455823080554, -33.882928440907868 ], [ 151.179516832090627, -33.882731490635933 ], [ 151.179522483647531, -33.882757596618653 ], [ 151.179219817139369, -33.882829185388545 ], [ 151.179204056319151, -33.882867553323955 ], [ 151.178840866225841, -33.882961008555093 ], [ 151.179261854967706, -33.882861434735062 ], [ 151.179320475414869, -33.882890930851779 ], [ 151.179702007732601, -33.882800687791971 ], [ 151.179737053022876, -33.882813406055341 ], [ 151.179721803958074, -33.882842635078688 ], [ 151.179332673381737, -33.882934675340131 ], [ 151.179256170469074, -33.882974527279593 ], [ 151.179271624290294, -33.882986930893502 ], [ 151.179747701772214, -33.882858533054964 ], [ 151.179782725759594, -33.882887176002022 ], [ 151.180490755357624, -33.882719703225177 ], [ 151.180208232517003, -33.882770594702514 ], [ 151.180602229034463, -33.882646013600883 ], [ 151.180382793563439, -33.882667916631675 ], [ 151.180578283618416, -33.882615066231523 ], [ 151.180446577396197, -33.882636330751176 ], [ 151.180420035189712, -33.882613395294179 ], [ 151.180500287512643, -33.882551895291421 ], [ 151.180619476796977, -33.882523702478842 ], [ 151.180735295843363, -33.882393712649652 ], [ 151.180934620690749, -33.882330379580338 ], [ 151.180822596622306, -33.882303513111715 ], [ 151.180630097999227, -33.882074212202966 ], [ 151.180712698463452, -33.882026612630469 ], [ 151.1813249, -33.8818818 ], [ 151.18177510000001, -33.8818124 ], [ 151.1820596, -33.8821254 ], [ 151.181874573595394, -33.882233665506696 ], [ 151.182377701032095, -33.882114649172642 ], [ 151.18234948541766, -33.882107343310196 ], [ 151.182382121934552, -33.882058435322847 ], [ 151.182356173598407, -33.882045921513104 ], [ 151.182815323242636, -33.881937306139505 ], [ 151.183131701397457, -33.881892034170463 ], [ 151.183094379422187, -33.881909149733914 ], [ 151.183110089597989, -33.881941854309218 ], [ 151.183940017996207, -33.881748639525249 ], [ 151.183939488485095, -33.881773624597692 ], [ 151.182819023406125, -33.882058356880584 ], [ 151.182830575076792, -33.882119423266111 ], [ 151.182791881582148, -33.882150573516348 ], [ 151.181905585023799, -33.882347567761329 ], [ 151.181927, -33.8823738 ], [ 151.181874826041053, -33.882403166112766 ], [ 151.182074357209956, -33.882374030154075 ], [ 151.181789082660117, -33.882451426680802 ], [ 151.1816939, -33.882505 ], [ 151.180687371720296, -33.882720942785241 ], [ 151.18065787825509, -33.882764106033569 ], [ 151.179394622193314, -33.883057513671488 ], [ 151.180098461760224, -33.88293996352651 ], [ 151.17987126434511, -33.883013486774459 ], [ 151.180013143025917, -33.882989253977343 ], [ 151.179350422615414, -33.883121204597543 ], [ 151.179131513025254, -33.88321919270286 ], [ 151.179942801212349, -33.88300996670975 ], [ 151.179954679043362, -33.883035135061384 ], [ 151.179822667056754, -33.883066359937189 ], [ 151.180166364170162, -33.8829930176354 ], [ 151.18125349639314, -33.882699831402959 ], [ 151.181270696498274, -33.882722146139493 ], [ 151.181210781570684, -33.882737913259994 ], [ 151.181250442690299, -33.88277229856115 ], [ 151.1816871191308, -33.882687098552751 ], [ 151.181677572971012, -33.882723725617971 ], [ 151.181526715929891, -33.882759410343901 ], [ 151.181551311748962, -33.882785617237118 ], [ 151.18153076503026, -33.882810306782332 ], [ 151.181378275279172, -33.882846377480305 ], [ 151.18138841837191, -33.882896694053521 ], [ 151.1815, -33.8828703 ], [ 151.1815777, -33.8830005 ], [ 151.181338141568887, -33.88310866435792 ], [ 151.1813431, -33.8831335 ], [ 151.181277, -33.8831692 ], [ 151.180658325980971, -33.883336110896543 ], [ 151.180660377245488, -33.883458409516557 ], [ 151.179660461089128, -33.883719528635012 ], [ 151.179574386873981, -33.883775824963685 ], [ 151.179554178299355, -33.883833510237309 ], [ 151.179390377565767, -33.883879694681774 ], [ 151.179692051328658, -33.883817334960817 ], [ 151.179728785858032, -33.883847482690292 ], [ 151.17980270000001, -33.88383 ], [ 151.179842091430174, -33.883951142217818 ], [ 151.179972, -33.8839271 ], [ 151.180141600000013, -33.8840328 ], [ 151.1804187, -33.8843466 ], [ 151.180436019384388, -33.884429454582722 ], [ 151.180687638538842, -33.884370830320698 ], [ 151.180713859760601, -33.884392280388489 ], [ 151.180988212648515, -33.884327386369577 ], [ 151.180831485945674, -33.884346136060685 ], [ 151.18083229795127, -33.884307890649588 ], [ 151.180894763054027, -33.884289926194967 ], [ 151.180860655741725, -33.884264126149375 ], [ 151.180850057881571, -33.884186202782267 ], [ 151.180782686840161, -33.884194862242417 ], [ 151.180771506561229, -33.884143221975421 ], [ 151.181270933686847, -33.883994521401313 ], [ 151.181257638683093, -33.883978110859076 ], [ 151.181308650397256, -33.883951884161391 ], [ 151.18064708800901, -33.884106227919851 ], [ 151.180549073012799, -33.884091122247099 ], [ 151.180536266748049, -33.884031970930558 ], [ 151.180711916147743, -33.883970119148771 ], [ 151.180710399728355, -33.883936402612449 ], [ 151.181093034544375, -33.883845895397705 ], [ 151.181117110618374, -33.883874275740446 ], [ 151.181360384093693, -33.883816731856093 ], [ 151.181128335591296, -33.88352621840459 ], [ 151.181947541237776, -33.883066223700418 ], [ 151.182712800000019, -33.8828852 ], [ 151.182763757722086, -33.882948275258514 ], [ 151.182941129640255, -33.882914424726359 ], [ 151.18295576230858, -33.882945427772071 ], [ 151.182801710819632, -33.882995253374503 ], [ 151.182873747980011, -33.883084420369663 ], [ 151.18291728174637, -33.883079026586884 ], [ 151.182886399047533, -33.883100079732507 ], [ 151.18290526781314, -33.883123435286173 ], [ 151.182968951771272, -33.883120631467833 ], [ 151.182936895518878, -33.883162583683735 ], [ 151.182971137291446, -33.883204967694027 ], [ 151.183080368002379, -33.883179128330212 ], [ 151.183049202859394, -33.883157814206726 ], [ 151.183067500470116, -33.883122738843149 ], [ 151.183526655174092, -33.883014120995107 ], [ 151.183568710369855, -33.883029381629107 ], [ 151.183550470221917, -33.8830644263832 ], [ 151.183841033576101, -33.882995689530198 ], [ 151.183876079615004, -33.883008406638012 ], [ 151.183860831900517, -33.883037636218283 ], [ 151.183772950393404, -33.883058425914648 ], [ 151.18376223320081, -33.883093532919538 ], [ 151.18300909061287, -33.883251945751688 ], [ 151.18304040000001, -33.8832907 ], [ 151.182936161200644, -33.883350236307507 ], [ 151.182951699246246, -33.883395578631536 ], [ 151.182650157106309, -33.883553083815222 ], [ 151.183012088463357, -33.883452910082205 ], [ 151.182967738506278, -33.883397538029733 ], [ 151.183026641107659, -33.883363948996035 ], [ 151.183024938529655, -33.8833218385059 ], [ 151.184040564935316, -33.8830771024694 ], [ 151.184204397292746, -33.88309105107485 ], [ 151.184189125055269, -33.883149654741338 ], [ 151.183631231810949, -33.883277862153548 ], [ 151.183653691741569, -33.883305864804299 ], [ 151.184235085030508, -33.883169218929375 ], [ 151.184244506745131, -33.883212728616833 ], [ 151.183600637125409, -33.88334922767384 ], [ 151.183526300000011, -33.8833903 ], [ 151.183163049295473, -33.883476230479815 ], [ 151.183180972513611, -33.883498350927766 ], [ 151.183374826254806, -33.883453206502594 ], [ 151.183396060875538, -33.883471554384343 ], [ 151.183206336793347, -33.883529654949676 ], [ 151.183233996630918, -33.883563792066141 ], [ 151.183329343100439, -33.883547473777391 ], [ 151.183328283649843, -33.883597443890594 ], [ 151.183022262128048, -33.883669835599932 ], [ 151.1830498, -33.8837094 ], [ 151.182725572931304, -33.883843207387983 ], [ 151.182742499999989, -33.8838637 ], [ 151.182593700000012, -33.8839586 ], [ 151.182259170561167, -33.884059186354989 ], [ 151.1823307, -33.8841479 ], [ 151.182179540534008, -33.88423265576904 ], [ 151.1821967, -33.8842545 ], [ 151.182148500000011, -33.8842829 ], [ 151.181931442257792, -33.884372436103483 ], [ 151.181924106166605, -33.88445940795765 ], [ 151.181988405161775, -33.884461787307394 ], [ 151.181420886864203, -33.884605457682881 ], [ 151.18147867815253, -33.884658229407655 ], [ 151.18196844557022, -33.884550031274273 ], [ 151.181960808542328, -33.884579332933228 ], [ 151.181509249586099, -33.884686145469423 ], [ 151.18157068561635, -33.884776237504902 ], [ 151.182043407568756, -33.88466441887131 ], [ 151.182198814421668, -33.884657231825045 ], [ 151.183304588825138, -33.884379273717336 ], [ 151.18330636589971, -33.884329718990863 ], [ 151.1836748720103, -33.884225959334529 ], [ 151.183376273777526, -33.884278578849468 ], [ 151.183366852415389, -33.884235069113387 ], [ 151.183653289830175, -33.884156149667376 ], [ 151.183288862691427, -33.88424146617831 ], [ 151.183270571455466, -33.88420271241413 ], [ 151.183639231153791, -33.884110675448312 ], [ 151.183093751458813, -33.884226644556676 ], [ 151.183075460315365, -33.884187890766427 ], [ 151.183650510271349, -33.884049200552226 ], [ 151.183799536530614, -33.883960435051364 ], [ 151.1845648, -33.8837794 ], [ 151.184744787635509, -33.883770422552949 ], [ 151.184743977392117, -33.883808668050513 ], [ 151.184615741598805, -33.883842194113456 ], [ 151.184643914980683, -33.883876922511817 ], [ 151.184808630438681, -33.883858963551909 ], [ 151.184793382871902, -33.883888193249284 ], [ 151.184675652843936, -33.883916044688483 ], [ 151.184759500000013, -33.8840194 ], [ 151.184744258051637, -33.884047182229139 ], [ 151.185160143327238, -33.883973881450132 ], [ 151.185148835592543, -33.88393409572209 ], [ 151.184860041313783, -33.88400063296578 ], [ 151.18480695365065, -33.883954763853453 ], [ 151.184841197127753, -33.883913613668796 ], [ 151.185450313386013, -33.883769512478629 ], [ 151.184985601286769, -33.883878099214151 ], [ 151.184943545406128, -33.883862839044113 ], [ 151.18496184241863, -33.883827763382321 ], [ 151.185605467850536, -33.883675497247403 ], [ 151.185556242607191, -33.883641846192816 ], [ 151.185652943664081, -33.883544346831727 ], [ 151.185894153266958, -33.883487281282314 ], [ 151.185847291485146, -33.883386375609746 ], [ 151.1861405979067, -33.883299646021804 ], [ 151.185596794852842, -33.883389975956987 ], [ 151.185587209320886, -33.88334571316156 ], [ 151.185699307642977, -33.883316003607 ], [ 151.185680828087925, -33.883256694373308 ], [ 151.184974386994838, -33.883424522238478 ], [ 151.184975092651172, -33.883391208798358 ], [ 151.185767949628172, -33.883187897164206 ], [ 151.185402659232551, -33.883271998945041 ], [ 151.185338518392541, -33.883234871363989 ], [ 151.185347299078614, -33.883180614419466 ], [ 151.185287492416535, -33.883156708792853 ], [ 151.184845268299938, -33.883256423739354 ], [ 151.185270435718621, -33.883142091826969 ], [ 151.185239155147542, -33.88307039673478 ], [ 151.185269135251332, -33.883004855335912 ], [ 151.184549559876899, -33.883172615752763 ], [ 151.184526824762855, -33.883143122325357 ], [ 151.184550795051933, -33.883114317243781 ], [ 151.185173339538608, -33.882967658520627 ], [ 151.185190540741246, -33.882989972743985 ], [ 151.185136174742695, -33.883008332492551 ], [ 151.185539870344201, -33.882912826706054 ], [ 151.185509811525918, -33.88288734600777 ], [ 151.185327718812999, -33.882906149033126 ], [ 151.185274937741468, -33.882861442540836 ], [ 151.184933528220768, -33.88291367970546 ], [ 151.185070884550754, -33.882848280742721 ], [ 151.184722293041602, -33.882929143603491 ], [ 151.184678645921849, -33.882904422591729 ], [ 151.184562084607336, -33.882922188888109 ], [ 151.184569720578452, -33.882892887026237 ], [ 151.184831701784844, -33.882820930765398 ], [ 151.184808677005805, -33.882784650432754 ], [ 151.184679978484525, -33.882815097159494 ], [ 151.1846296, -33.882861 ], [ 151.184170447330615, -33.882969622036093 ], [ 151.184070215708061, -33.882869400643962 ], [ 151.18346304209561, -33.882999679892805 ], [ 151.183411061449476, -33.882961725909389 ], [ 151.183729022504451, -33.882878047599647 ], [ 151.183617302861336, -33.882897467999513 ], [ 151.183563136978307, -33.882869804564336 ], [ 151.183581434315101, -33.882834729113895 ], [ 151.18368979591574, -33.882809094636073 ], [ 151.183658981971149, -33.882775044760294 ], [ 151.183682952435277, -33.882746239852217 ], [ 151.184189061803124, -33.882616698735283 ], [ 151.184099234640371, -33.882620783513609 ], [ 151.184112597805353, -33.882569505310251 ], [ 151.184704154413765, -33.882429559557536 ], [ 151.184670846610999, -33.882386168034685 ], [ 151.184558665779065, -33.882391917852125 ], [ 151.184507579015474, -33.882350537801976 ], [ 151.184391098617482, -33.882329126129314 ], [ 151.184360792484085, -33.882264917036551 ], [ 151.18439379979722, -33.882201641130756 ], [ 151.185097360331469, -33.882014509354441 ], [ 151.18509077887947, -33.881959080431059 ], [ 151.18530486313594, -33.881904179798646 ], [ 151.185301290513934, -33.881837587845126 ], [ 151.185467758652379, -33.881792888830752 ], [ 151.185498978236325, -33.881729010419456 ], [ 151.185865422760372, -33.881636424587839 ], [ 151.185828408051066, -33.881604343001655 ], [ 151.185882966497559, -33.881527283936535 ], [ 151.186437311064225, -33.881397736353065 ], [ 151.186481715677132, -33.88142343965707 ], [ 151.186457537739443, -33.881474302271911 ], [ 151.186746980217436, -33.88140671350191 ], [ 151.186773523823604, -33.881429647642712 ], [ 151.186643453066836, -33.88149269305049 ], [ 151.186337357819127, -33.881565113173338 ], [ 151.186435111694209, -33.88152333307162 ], [ 151.186427242926385, -33.881482448434909 ], [ 151.186123269191228, -33.881576730533695 ], [ 151.186157660034553, -33.881596695604344 ], [ 151.186148731985924, -33.881630958788257 ], [ 151.185927515296612, -33.881748015828535 ], [ 151.186348503369913, -33.881627671953282 ], [ 151.186365704633801, -33.881649986018331 ], [ 151.186279917688609, -33.881671877142445 ], [ 151.186285863334831, -33.881695198754336 ], [ 151.186727912425852, -33.881590612944059 ], [ 151.186751013666878, -33.881547972384084 ], [ 151.187210155811897, -33.881439340344976 ], [ 151.18722642829556, -33.881472665242541 ], [ 151.187391480234055, -33.881456482220372 ], [ 151.187447770653876, -33.881502120864056 ], [ 151.188189599999987, -33.8813266 ], [ 151.188241618544311, -33.881362417080062 ], [ 151.18838646453969, -33.881328145066874 ], [ 151.188464729488942, -33.881239649331086 ], [ 151.18755371208573, -33.881441104674522 ], [ 151.18751917489098, -33.88142111350944 ], [ 151.187540519531183, -33.881380191381552 ], [ 151.188219468204437, -33.881219547812314 ], [ 151.188193423043941, -33.881202690368426 ], [ 151.187684135428071, -33.881306384930511 ], [ 151.187696332305876, -33.881283000839225 ], [ 151.188151151465462, -33.881175387458931 ], [ 151.18809646111896, -33.88114003282854 ], [ 151.18761279950894, -33.88124606706841 ], [ 151.188075357512361, -33.881126373751655 ], [ 151.187997582919678, -33.881076031996585 ], [ 151.187507696311258, -33.881179337165619 ], [ 151.18796599513152, -33.881055527367948 ], [ 151.187923356090835, -33.881028027780431 ], [ 151.187219966380439, -33.8811944527775 ] ], [ [ 151.187972381267286, -33.892703134011875 ], [ 151.187988976711893, -33.892738741243924 ], [ 151.188216238013609, -33.892685492447498 ], [ 151.188122892199715, -33.892702356266454 ], [ 151.188035970912864, -33.892681841413996 ], [ 151.187972381267286, -33.892703134011875 ] ], [ [ 151.188062649649481, -33.899057405810986 ], [ 151.187859144784852, -33.899114168904156 ], [ 151.187331713734039, -33.899232141376018 ], [ 151.188004309317932, -33.89910735575986 ], [ 151.188062649649481, -33.899057405810986 ] ], [ [ 151.188170031019467, -33.879141119741085 ], [ 151.188216887066972, -33.87915418332382 ], [ 151.18847717534868, -33.87909125853524 ], [ 151.188461480354079, -33.879072157809823 ], [ 151.188170031019467, -33.879141119741085 ] ], [ [ 151.188352794607738, -33.884908760818092 ], [ 151.187912536109877, -33.885012924575037 ], [ 151.188016373043894, -33.884997066801688 ], [ 151.188352794607738, -33.884908760818092 ] ], [ [ 151.188375683332737, -33.882234400680758 ], [ 151.188377567845691, -33.882240825406413 ], [ 151.188380767760918, -33.882241405370145 ], [ 151.188375683332737, -33.882234400680758 ] ], [ [ 151.187880414115256, -33.882984740634065 ], [ 151.187931377360059, -33.882950451140445 ], [ 151.187836437562851, -33.882954522761707 ], [ 151.187800574728044, -33.883037827491073 ], [ 151.187868132228857, -33.883042851419354 ], [ 151.187828042510802, -33.883077959479046 ], [ 151.18784141989093, -33.883121813307909 ], [ 151.188329417642819, -33.883022412913874 ], [ 151.188319857213912, -33.882980010193052 ], [ 151.187943607553393, -33.883066713354737 ], [ 151.187894292970128, -33.883048820584328 ], [ 151.187880414115256, -33.882984740634065 ] ], [ [ 151.1877498, -33.9015887 ], [ 151.187435962355039, -33.901662934698862 ], [ 151.187435674650374, -33.901664431367109 ], [ 151.187935949427072, -33.901557839031099 ], [ 151.187909089658206, -33.901516251025924 ], [ 151.187828102769203, -33.901516820316516 ], [ 151.187760603088378, -33.90153278673386 ], [ 151.1877498, -33.9015887 ] ], [ [ 151.187740155971881, -33.901508848395572 ], [ 151.187826630914941, -33.901498516219903 ], [ 151.187907653499337, -33.901469228361471 ], [ 151.187740155971881, -33.901508848395572 ] ], [ [ 151.186370887600617, -33.878519804403886 ], [ 151.187104263544541, -33.87835237703819 ], [ 151.187161751028128, -33.878398645316636 ], [ 151.1872545, -33.8783767 ], [ 151.187303500000013, -33.8784371 ], [ 151.187196363073582, -33.878509281114667 ], [ 151.187829642638889, -33.878390552724142 ], [ 151.187864178721725, -33.878410543773867 ], [ 151.187848948016295, -33.878448187716906 ], [ 151.187947892339423, -33.878483285728407 ], [ 151.187962567108372, -33.87852625533047 ], [ 151.188122396143712, -33.878488437104103 ], [ 151.188057303161145, -33.878405515096198 ], [ 151.187940473257243, -33.878408636425696 ], [ 151.187929797639214, -33.878359344143128 ], [ 151.187995018519558, -33.878326990780288 ], [ 151.187932518768406, -33.878252072536839 ], [ 151.187832508196266, -33.878274131433301 ], [ 151.187788104743049, -33.878248428644071 ], [ 151.187799582290324, -33.878204375760539 ], [ 151.187896802065922, -33.87816712597818 ], [ 151.187788931000284, -33.878185373676224 ], [ 151.187769330724763, -33.878143849141715 ], [ 151.188020529464069, -33.87807256660296 ], [ 151.187941188236607, -33.878056804524896 ], [ 151.188003557213136, -33.878025522150075 ], [ 151.188026695913095, -33.87796088926514 ], [ 151.1878533073656, -33.878001202605986 ], [ 151.187845768875263, -33.877966395015953 ], [ 151.188359520733712, -33.877854894397544 ], [ 151.18779509774896, -33.877970759286839 ], [ 151.187796586352448, -33.878025855699626 ], [ 151.187751944223066, -33.878061800256233 ], [ 151.187016834187347, -33.878235736203273 ], [ 151.187008209504512, -33.878270392056841 ], [ 151.186908635758812, -33.878297672880137 ], [ 151.18688040024881, -33.878346624804095 ], [ 151.186335865752199, -33.87847546410061 ], [ 151.186370887600617, -33.878519804403886 ] ], [ [ 151.186548193611486, -33.894466599472636 ], [ 151.186578505297661, -33.894530808101266 ], [ 151.186556396394508, -33.894580984812087 ], [ 151.186661080465569, -33.894690307004126 ], [ 151.186650066640368, -33.894770780080471 ], [ 151.187101823450035, -33.89467168647176 ], [ 151.186763596909799, -33.894785985443917 ], [ 151.187428442856088, -33.894628711875185 ], [ 151.187468345949213, -33.894573823165999 ], [ 151.187708603050311, -33.894516987645929 ], [ 151.187707513342673, -33.894494184224442 ], [ 151.187039476801004, -33.894674382917543 ], [ 151.186973222259667, -33.894667026635638 ], [ 151.187545368065031, -33.894528375925766 ], [ 151.187470470972556, -33.894532830314752 ], [ 151.188004799516904, -33.894374595268012 ], [ 151.187760934399847, -33.89442955225298 ], [ 151.187713191658418, -33.894403073045801 ], [ 151.186964355573622, -33.894568782988834 ], [ 151.186928623168683, -33.894522436756297 ], [ 151.1869467790047, -33.894487634747669 ], [ 151.187180398219056, -33.894426523426972 ], [ 151.187163544327802, -33.894388031345692 ], [ 151.187284482695844, -33.894356764570034 ], [ 151.187288179062932, -33.894332037621083 ], [ 151.187073893442658, -33.89438094509579 ], [ 151.186960731095866, -33.894357783661881 ], [ 151.186985129286199, -33.894311015850015 ], [ 151.187180521722155, -33.894264243657467 ], [ 151.187144994550408, -33.89417655679015 ], [ 151.187259664911664, -33.894140970019734 ], [ 151.18713914199509, -33.894156602783504 ], [ 151.187115164223798, -33.894124678017363 ], [ 151.18645386288452, -33.894276637019153 ], [ 151.186503980266963, -33.894373530216001 ], [ 151.186483168999189, -33.894441038051994 ], [ 151.186548193611486, -33.894466599472636 ] ], [ [ 151.188229326020206, -33.882358334917257 ], [ 151.187952898442063, -33.882421018732686 ], [ 151.187164148563824, -33.882607636663259 ], [ 151.187190406969052, -33.882664484218274 ], [ 151.188095122570729, -33.882450110820706 ], [ 151.188082992672946, -33.882412474754986 ], [ 151.188229326020206, -33.882358334917257 ] ], [ [ 151.1877919, -33.8826808 ], [ 151.187700278468782, -33.882772236073187 ], [ 151.18816070389471, -33.882663298385161 ], [ 151.188141225978654, -33.88262722082505 ], [ 151.188201444722438, -33.882602820180743 ], [ 151.188218881316487, -33.882561039149429 ], [ 151.187771672664098, -33.882666850122568 ], [ 151.1877919, -33.8826808 ] ], [ [ 151.187663749789294, -33.880670436922998 ], [ 151.187764511471727, -33.880610039362267 ], [ 151.187367230303437, -33.880686297876366 ], [ 151.187400815141814, -33.880735800242562 ], [ 151.187646095068033, -33.880689808205815 ], [ 151.18739571199248, -33.880755660003068 ], [ 151.1872707, -33.8808778 ], [ 151.186557443734841, -33.881046555691952 ], [ 151.186667097796203, -33.88118222580016 ], [ 151.186681526288197, -33.881146758512863 ], [ 151.186840907444775, -33.881087040483131 ], [ 151.187653534266985, -33.880912288812155 ], [ 151.187688580085137, -33.880925004829606 ], [ 151.187673334053699, -33.880954234946138 ], [ 151.187559306723386, -33.880981214394716 ], [ 151.187554359054104, -33.881012071862656 ], [ 151.187171742918764, -33.881102599833497 ], [ 151.187143253083605, -33.881081487655756 ], [ 151.186904341122982, -33.881158583377896 ], [ 151.186935332398662, -33.881193507517509 ], [ 151.187864051648887, -33.880986102561714 ], [ 151.187880478295227, -33.880967369749598 ], [ 151.187669001132974, -33.88101633645951 ], [ 151.187637148656108, -33.880988815715391 ], [ 151.187942392425185, -33.880896763289265 ], [ 151.187973172122383, -33.880861662271137 ], [ 151.188243042788372, -33.880797808209529 ], [ 151.188166561856008, -33.880741914396339 ], [ 151.188069573172271, -33.88076486290786 ], [ 151.187989974272568, -33.880716840835454 ], [ 151.187810717991823, -33.880742447910031 ], [ 151.187931997926597, -33.880681863599911 ], [ 151.187425783830179, -33.880789032258747 ], [ 151.187898686610595, -33.880661766797182 ], [ 151.187883381368096, -33.880627764542936 ], [ 151.187663749789294, -33.880670436922998 ] ], [ [ 151.187923154580062, -33.892918417631059 ], [ 151.18786151065504, -33.892937509478699 ], [ 151.187930462581875, -33.892921197580705 ], [ 151.187923154580062, -33.892918417631059 ] ], [ [ 151.187396353969092, -33.878951731817651 ], [ 151.187422061238067, -33.878969519479476 ], [ 151.188221117827851, -33.878788932325797 ], [ 151.187794670648771, -33.878856692365503 ], [ 151.187396353969092, -33.878951731817651 ] ], [ [ 151.187853686774446, -33.894278683615944 ], [ 151.187866610785306, -33.89427390242782 ], [ 151.187849560729688, -33.894277935865382 ], [ 151.187853686774446, -33.894278683615944 ] ], [ [ 151.187688858928766, -33.899981932031196 ], [ 151.187660461541554, -33.900002139925427 ], [ 151.187737151900677, -33.899983999226137 ], [ 151.187688858928766, -33.899981932031196 ] ], [ [ 151.187179500000013, -33.8922136 ], [ 151.187804908467029, -33.89207224746746 ], [ 151.187869633925544, -33.892081553390362 ], [ 151.18784884836532, -33.89203985673511 ], [ 151.187179500000013, -33.8922136 ] ], [ [ 151.187841590613459, -33.876815691172169 ], [ 151.188013513950551, -33.876781977350042 ], [ 151.188015681526451, -33.876732859020599 ], [ 151.188059678483143, -33.876706915279321 ], [ 151.187803822761367, -33.876767456233715 ], [ 151.187841590613459, -33.876815691172169 ] ], [ [ 151.187373836061482, -33.893195181066638 ], [ 151.187379375342687, -33.893232714892434 ], [ 151.187653792057773, -33.893167797518707 ], [ 151.187629275435484, -33.893134753071195 ], [ 151.187373836061482, -33.893195181066638 ] ], [ [ 151.187476933808568, -33.900933064592842 ], [ 151.187489469360912, -33.900870585624801 ], [ 151.186947591197793, -33.901001751200148 ], [ 151.187228279791043, -33.900919984599575 ], [ 151.187193592918817, -33.900915354874016 ], [ 151.185526966263325, -33.901311289757487 ], [ 151.185558208505057, -33.901335741594089 ], [ 151.18744025257655, -33.900904405588804 ], [ 151.18733427829477, -33.900938798753273 ], [ 151.18736279233346, -33.900960063526661 ], [ 151.187476933808568, -33.900933064592842 ] ], [ [ 151.187135787107849, -33.902929144313028 ], [ 151.187141570491292, -33.902871152170832 ], [ 151.187429971609873, -33.902797620572223 ], [ 151.187412507119234, -33.902771251951961 ], [ 151.18688773250571, -33.902894995679794 ], [ 151.187135787107849, -33.902929144313028 ] ], [ [ 151.187780942050722, -33.87737162250194 ], [ 151.187799465832597, -33.877394722584157 ], [ 151.187947520023954, -33.877349677527306 ], [ 151.187935848612995, -33.877334968691216 ], [ 151.187780942050722, -33.87737162250194 ] ], [ [ 151.187609730944899, -33.892761951076793 ], [ 151.187581972558178, -33.892756497237265 ], [ 151.187519947746836, -33.892771130786485 ], [ 151.187525906411111, -33.892781781175628 ], [ 151.187609730944899, -33.892761951076793 ] ], [ [ 151.18785095912861, -33.877392642524477 ], [ 151.187919197635097, -33.87737571798565 ], [ 151.187805751733833, -33.877402561413952 ], [ 151.18785095912861, -33.877392642524477 ] ], [ [ 151.187451531336364, -33.898629843797544 ], [ 151.187466998176063, -33.898640480533317 ], [ 151.187464052549643, -33.898626881942285 ], [ 151.187451531336364, -33.898629843797544 ] ], [ [ 151.187408094154677, -33.901313699796681 ], [ 151.187261522878032, -33.901348369359532 ], [ 151.187266804574818, -33.901382991566052 ], [ 151.187400747216742, -33.901351309162159 ], [ 151.187408094154677, -33.901313699796681 ] ], [ [ 151.187358171780545, -33.878788575865727 ], [ 151.187323126874901, -33.878775859780262 ], [ 151.187338372601118, -33.878746629688493 ], [ 151.187813669324981, -33.87862806382612 ], [ 151.187199905354845, -33.878735881823246 ], [ 151.187238096425403, -33.878743763006085 ], [ 151.187272449688066, -33.878808967049991 ], [ 151.187207967238123, -33.878840748891619 ], [ 151.187230029798116, -33.878872185857901 ], [ 151.18720574250483, -33.878903441577805 ], [ 151.187312777094064, -33.87888655674994 ], [ 151.187252011019922, -33.878906059099627 ], [ 151.187254191022618, -33.878943220296208 ], [ 151.187357309617113, -33.878919908089053 ], [ 151.187322388883871, -33.878874658818752 ], [ 151.187458289804169, -33.878800159696517 ], [ 151.187875109092261, -33.8786865796284 ], [ 151.187861588926978, -33.878669461207501 ], [ 151.187358171780545, -33.878788575865727 ] ], [ [ 151.187295719410315, -33.9003172566076 ], [ 151.187371865303305, -33.900332499700987 ], [ 151.187412458592377, -33.9003228977258 ], [ 151.187345856721265, -33.900319730672479 ], [ 151.187295719410315, -33.9003172566076 ] ], [ [ 151.187363262567203, -33.902040294281896 ], [ 151.18736302336535, -33.902041582577027 ], [ 151.187366601529334, -33.90204073621527 ], [ 151.187363262567203, -33.902040294281896 ] ], [ [ 151.187795918965321, -33.879586434231221 ], [ 151.187314200965773, -33.879730254972166 ], [ 151.187242999774924, -33.879721404324386 ], [ 151.186824536584055, -33.879839272451861 ], [ 151.186826122983263, -33.879866002515278 ], [ 151.187820585538276, -33.879630944089868 ], [ 151.187795918965321, -33.879586434231221 ] ], [ [ 151.187498842255877, -33.89273340726043 ], [ 151.18753837439948, -33.892729506551198 ], [ 151.187540236667786, -33.89272361473008 ], [ 151.187498842255877, -33.89273340726043 ] ], [ [ 151.187459343880533, -33.877251868207701 ], [ 151.187849208311377, -33.87715167307617 ], [ 151.187443561674229, -33.8772476561575 ], [ 151.187459343880533, -33.877251868207701 ] ], [ [ 151.187297000458187, -33.901888777102918 ], [ 151.187314926695763, -33.901891075819094 ], [ 151.187316244305975, -33.901884225255664 ], [ 151.187297000458187, -33.901888777102918 ] ], [ [ 151.187429629012598, -33.88492536258714 ], [ 151.187441830461722, -33.884998048005606 ], [ 151.187593671274982, -33.884962123781982 ], [ 151.187641312996334, -33.884875279899624 ], [ 151.187429629012598, -33.88492536258714 ] ], [ [ 151.18703275227935, -33.900308063345399 ], [ 151.187196764421685, -33.900269624848164 ], [ 151.187085812415546, -33.900314164814276 ], [ 151.187258927684127, -33.900280639305585 ], [ 151.187131050527228, -33.900320035033644 ], [ 151.187162982043048, -33.900338417231112 ], [ 151.18728511725169, -33.900315863051389 ], [ 151.187293830621314, -33.900191105046233 ], [ 151.187099454337186, -33.900237082734641 ], [ 151.18708437362082, -33.900286087041096 ], [ 151.18703275227935, -33.900308063345399 ] ], [ [ 151.186440125534574, -33.879119087775877 ], [ 151.186604147172858, -33.879119451279252 ], [ 151.186629347051422, -33.879172840182015 ], [ 151.185531254595816, -33.879447874334829 ], [ 151.185465721983036, -33.879413662144408 ], [ 151.185353058189037, -33.879433041080446 ], [ 151.18533032372315, -33.87940354780784 ], [ 151.185354075896811, -33.879374858740306 ], [ 151.185321024832831, -33.87938267829864 ], [ 151.1848373, -33.8796481 ], [ 151.184627409785406, -33.879702571534651 ], [ 151.184703394010626, -33.879736962535787 ], [ 151.18481552415227, -33.87966529381346 ], [ 151.185764400000011, -33.8794408 ], [ 151.185829785359886, -33.879526522093741 ], [ 151.186606418670834, -33.879342772390906 ], [ 151.186653366772106, -33.879351282362869 ], [ 151.186662421015967, -33.879388742552585 ], [ 151.187575541986178, -33.87917269250606 ], [ 151.187697711103084, -33.879185077974562 ], [ 151.187730993527538, -33.87915431189753 ], [ 151.18743935225956, -33.879184524875171 ], [ 151.187403625617264, -33.87913817887209 ], [ 151.187439310071966, -33.879093974440075 ], [ 151.187385827163524, -33.879130839642052 ], [ 151.187079740989731, -33.879203261933682 ], [ 151.187044036188638, -33.879187499279027 ], [ 151.18676300489625, -33.879253100752564 ], [ 151.186753582234104, -33.879209591203562 ], [ 151.187354375539968, -33.879067439874696 ], [ 151.186943845579918, -33.879157554994485 ], [ 151.186748927436753, -33.879154554957431 ], [ 151.186714391337148, -33.87913456359594 ], [ 151.186719048765042, -33.87907455305966 ], [ 151.186664263363809, -33.879062305848173 ], [ 151.186679453662407, -33.879028894903009 ], [ 151.186612190415474, -33.879013151762919 ], [ 151.186378218183876, -33.879068509933937 ], [ 151.186579204297317, -33.879045389236531 ], [ 151.186211810941757, -33.879139465658227 ], [ 151.186105612935933, -33.879196984669697 ], [ 151.186440125534574, -33.879119087775877 ] ], [ [ 151.187240835315151, -33.902276793501962 ], [ 151.187006984588407, -33.902324679114024 ], [ 151.187004921478092, -33.902332594729231 ], [ 151.187240835315151, -33.902276793501962 ] ], [ [ 151.187561736046405, -33.884539055427105 ], [ 151.187527601758802, -33.884514734301312 ], [ 151.187276942990763, -33.884590840770841 ], [ 151.187291626952515, -33.884602961042468 ], [ 151.187561736046405, -33.884539055427105 ] ], [ [ 151.187422388488869, -33.888290543538325 ], [ 151.18744811375123, -33.888287663343519 ], [ 151.187447625810506, -33.888284572892651 ], [ 151.187422388488869, -33.888290543538325 ] ], [ [ 151.186804103370093, -33.899029059888235 ], [ 151.187178484281418, -33.898890975561464 ], [ 151.186872262548832, -33.898961554036184 ], [ 151.186886456354245, -33.898992476431282 ], [ 151.186804103370093, -33.899029059888235 ] ], [ [ 151.187080998450881, -33.90134719660692 ], [ 151.186610308998638, -33.901448135408181 ], [ 151.186577822720096, -33.901406002341481 ], [ 151.186612072744254, -33.901364851975877 ], [ 151.187103095750984, -33.901232254626798 ], [ 151.186666180927375, -33.901334172740597 ], [ 151.186626701178227, -33.901311325187208 ], [ 151.186636907214222, -33.901272167411662 ], [ 151.187119567538474, -33.901146574252074 ], [ 151.186606161127543, -33.901266585211445 ], [ 151.186566681425631, -33.901243737640108 ], [ 151.186571416316468, -33.901211153318236 ], [ 151.186490887362254, -33.90118042134462 ], [ 151.184841867426513, -33.901599466570801 ], [ 151.184792792284327, -33.901581662697296 ], [ 151.184795176457357, -33.901530990559642 ], [ 151.183912695428063, -33.90173970622179 ], [ 151.183848125498145, -33.901728003068257 ], [ 151.183833911629563, -33.90168325981918 ], [ 151.183764038496719, -33.901699785166727 ], [ 151.1837439, -33.901785 ], [ 151.183673500475464, -33.901802985493738 ], [ 151.183750800000013, -33.9017896 ], [ 151.183702523799525, -33.901849944755291 ], [ 151.1837329, -33.9018587 ], [ 151.18370920000001, -33.9019816 ], [ 151.183039201867444, -33.902140054637272 ], [ 151.1830885016048, -33.90215932283386 ], [ 151.183106291837561, -33.902226442948745 ], [ 151.183324826486199, -33.902176365064911 ], [ 151.18336924059443, -33.902202069731693 ], [ 151.183361618682625, -33.902241482513638 ], [ 151.18350297906369, -33.902210012661754 ], [ 151.183561183284979, -33.902261249650252 ], [ 151.183856643404766, -33.902228484341649 ], [ 151.183903549465725, -33.902250331449913 ], [ 151.18399805437781, -33.902230299206785 ], [ 151.18405684057376, -33.902260465649682 ], [ 151.184385613253227, -33.902205805610969 ], [ 151.18413681923883, -33.902288180302364 ], [ 151.184178724981848, -33.902330888932113 ], [ 151.184381919580119, -33.90229428932944 ], [ 151.184255167371134, -33.902329391668275 ], [ 151.184267431850515, -33.902370980741324 ], [ 151.18419438508738, -33.902401793348204 ], [ 151.184212073168595, -33.902420610936687 ], [ 151.184466659456092, -33.902361647843584 ], [ 151.184501204114753, -33.902381640053711 ], [ 151.184480510109296, -33.902422208684904 ], [ 151.18462606747218, -33.902408013214156 ], [ 151.184717410031141, -33.902386409746718 ], [ 151.184702787283811, -33.902343456033293 ], [ 151.184742712426555, -33.902318661664111 ], [ 151.186852237978172, -33.901814734842915 ], [ 151.18464191904485, -33.902307192924852 ], [ 151.184592569529684, -33.902278632677799 ], [ 151.184616147720334, -33.902204905068878 ], [ 151.185006095051563, -33.90210948839681 ], [ 151.184963528664952, -33.902063713386056 ], [ 151.184464566145664, -33.902179761950478 ], [ 151.184409242170744, -33.902143545325529 ], [ 151.184108579030351, -33.902213028695257 ], [ 151.184087766228743, -33.902195049216381 ], [ 151.185141835388322, -33.901913480378468 ], [ 151.18448838066098, -33.902061354670039 ], [ 151.184434096407358, -33.902029938335296 ], [ 151.184448131210786, -33.901976096698519 ], [ 151.184781319894824, -33.901891446752053 ], [ 151.184776314276291, -33.901856583537544 ], [ 151.184058024760134, -33.902018382574326 ], [ 151.184077198047703, -33.901979548696744 ], [ 151.18415971204962, -33.901958438922982 ], [ 151.184135027663984, -33.9019479859219 ], [ 151.184150576812499, -33.901909439021502 ], [ 151.18400073886238, -33.901944341638718 ], [ 151.183989761880014, -33.901921089426764 ], [ 151.185095388946991, -33.901669205184888 ], [ 151.185191606483244, -33.901637139556186 ], [ 151.184985577899397, -33.901667805286181 ], [ 151.186290083911047, -33.90134840623638 ], [ 151.186346170027321, -33.901368752844057 ], [ 151.186321769300889, -33.901415520401017 ], [ 151.185491768317632, -33.901611835639386 ], [ 151.185442486659099, -33.901833833724822 ], [ 151.18583420932336, -33.901741183140366 ], [ 151.185784611460093, -33.901693205474686 ], [ 151.185540521505573, -33.901749867815553 ], [ 151.185510911789919, -33.901732731884678 ], [ 151.18552921273789, -33.901697656352873 ], [ 151.187080998450881, -33.90134719660692 ] ], [ [ 151.187464055118397, -33.879087526246899 ], [ 151.18755154065218, -33.879066826275036 ], [ 151.18757022962464, -33.879027723054186 ], [ 151.187470508906301, -33.87905131801886 ], [ 151.187464055118397, -33.879087526246899 ] ], [ [ 151.187487760280789, -33.881616571937634 ], [ 151.187357976333516, -33.88165649002314 ], [ 151.187350419884609, -33.88167795609899 ], [ 151.187450062387995, -33.881654380586347 ], [ 151.187487760280789, -33.881616571937634 ] ], [ [ 151.187401325875868, -33.883769068433665 ], [ 151.187396281781815, -33.883792014120431 ], [ 151.187429885914497, -33.883784063575362 ], [ 151.187401325875868, -33.883769068433665 ] ], [ [ 151.187031028822474, -33.902485136239441 ], [ 151.185943666084455, -33.902699562063241 ], [ 151.185854367284293, -33.902598106441523 ], [ 151.185544174787111, -33.90266211761503 ], [ 151.185518969371998, -33.902608728479493 ], [ 151.185579869931871, -33.902579095732591 ], [ 151.185541018419457, -33.902560610103905 ], [ 151.18546408569884, -33.902578806012706 ], [ 151.185423293947764, -33.902629615138828 ], [ 151.185242037062636, -33.90267248518537 ], [ 151.185338800000011, -33.9026786 ], [ 151.185345320730278, -33.90272011807108 ], [ 151.185460400000011, -33.9026929 ], [ 151.186337400000014, -33.9028141 ], [ 151.18633083759039, -33.902846790578124 ], [ 151.186501909522065, -33.902841880011998 ], [ 151.186519675002614, -33.902794481868803 ], [ 151.18665900545318, -33.902737401700591 ], [ 151.186445141009386, -33.902785489172636 ], [ 151.186380944037154, -33.902751852494148 ], [ 151.186286084091819, -33.90274976685896 ], [ 151.186287434312362, -33.902686024504561 ], [ 151.187031028822474, -33.902485136239441 ] ], [ [ 151.187266571322709, -33.880557832489714 ], [ 151.187354900998287, -33.880670562703131 ], [ 151.187484557753265, -33.880639885346412 ], [ 151.187392705323504, -33.880527988686282 ], [ 151.187266571322709, -33.880557832489714 ] ], [ [ 151.187071051851404, -33.880106516586466 ], [ 151.187070607341525, -33.880171564320293 ], [ 151.187465202552318, -33.880069094914916 ], [ 151.187464711453003, -33.880013374770577 ], [ 151.187071051851404, -33.880106516586466 ] ], [ [ 151.187190863245718, -33.890782750551878 ], [ 151.187220670244187, -33.89077569911057 ], [ 151.187209463273916, -33.890734170350662 ], [ 151.18718562732829, -33.890739809221571 ], [ 151.187190863245718, -33.890782750551878 ] ], [ [ 151.187168217438852, -33.884872269040677 ], [ 151.187274073562065, -33.884866034695648 ], [ 151.187279196010081, -33.884846012713467 ], [ 151.187168217438852, -33.884872269040677 ] ], [ [ 151.186635200000012, -33.8788542 ], [ 151.187158799304683, -33.878745359627366 ], [ 151.187082535545812, -33.878707467505116 ], [ 151.186913134662944, -33.878756774460371 ], [ 151.186917791990737, -33.878782699594815 ], [ 151.186667201202141, -33.878829385774878 ], [ 151.186674617045014, -33.878786825105053 ], [ 151.186744046953891, -33.878748304454113 ], [ 151.18739459772695, -33.87858722784383 ], [ 151.187391165974816, -33.878558336788082 ], [ 151.186556012380692, -33.878754053584167 ], [ 151.186635200000012, -33.8788542 ] ], [ [ 151.18687463371873, -33.901698058928801 ], [ 151.186604405940386, -33.901752864766067 ], [ 151.186577856336868, -33.901729930455936 ], [ 151.186748797370427, -33.901672973153048 ], [ 151.186632229342905, -33.901685013168475 ], [ 151.186617592439717, -33.90165401050087 ], [ 151.18689211310496, -33.901562527082731 ], [ 151.186888676570362, -33.901538254568948 ], [ 151.186596368802924, -33.901607394490142 ], [ 151.186545050161641, -33.901576011555939 ], [ 151.186334627634068, -33.901625782481119 ], [ 151.186381159263078, -33.901653831318583 ], [ 151.186368401504325, -33.901702778501758 ], [ 151.186240540850633, -33.901738336490652 ], [ 151.186326099081697, -33.901738413457764 ], [ 151.186257672563954, -33.901769718766083 ], [ 151.186343161528356, -33.901759892973672 ], [ 151.186371167877013, -33.90181921406495 ], [ 151.186226257005103, -33.901893810655061 ], [ 151.186865364867941, -33.901746347245997 ], [ 151.18687463371873, -33.901698058928801 ] ], [ [ 151.186863334655527, -33.902891636902126 ], [ 151.186861227074502, -33.902890417238019 ], [ 151.18685874302389, -33.90289100478563 ], [ 151.186863334655527, -33.902891636902126 ] ], [ [ 151.18702150828048, -33.892762392176657 ], [ 151.18706889150468, -33.892746743161759 ], [ 151.187019742296428, -33.892758370008245 ], [ 151.18702150828048, -33.892762392176657 ] ], [ [ 151.183367382757268, -33.893392062355836 ], [ 151.186186389894004, -33.892723448715884 ], [ 151.187046173175872, -33.892451904265933 ], [ 151.18689297215019, -33.892447462200401 ], [ 151.186846997480444, -33.892407744137479 ], [ 151.186847947057913, -33.892353388162206 ], [ 151.186718438484093, -33.892384024862594 ], [ 151.186737244831079, -33.89244233393795 ], [ 151.186638072962495, -33.892506867568628 ], [ 151.185643132249993, -33.89274222548444 ], [ 151.185562266659304, -33.892715927349798 ], [ 151.1840843, -33.8930745 ], [ 151.183702471274785, -33.893242428425488 ], [ 151.184553522438478, -33.893041124706059 ], [ 151.184815801361907, -33.892991910473924 ], [ 151.184837038572056, -33.893010258167806 ], [ 151.184581243520626, -33.893099849939759 ], [ 151.183367382757268, -33.893392062355836 ] ], [ [ 151.186276998405447, -33.902175875085504 ], [ 151.186631844921806, -33.902102937295574 ], [ 151.186810337511105, -33.902041386213376 ], [ 151.186815385164181, -33.902014201320164 ], [ 151.18626435104585, -33.902144536231276 ], [ 151.186276998405447, -33.902175875085504 ] ], [ [ 151.186594345633608, -33.900979552214416 ], [ 151.186444134195142, -33.901025695154217 ], [ 151.18683341771137, -33.900933617050647 ], [ 151.186806842752759, -33.900897880336309 ], [ 151.186613634049138, -33.900943580582258 ], [ 151.186594345633608, -33.900979552214416 ] ], [ [ 151.185784399999989, -33.8780353 ], [ 151.185450942935688, -33.878129854902767 ], [ 151.18539875242331, -33.87817629266128 ], [ 151.1860318, -33.878032 ], [ 151.186053695487885, -33.878058969822412 ], [ 151.186147586657455, -33.878034207424022 ], [ 151.186207774945927, -33.877930395973337 ], [ 151.18668765037873, -33.877818638716434 ], [ 151.186736986922284, -33.877847197792839 ], [ 151.18672038602611, -33.877898208645746 ], [ 151.1868285, -33.8778731 ], [ 151.186879, -33.8779044 ], [ 151.186879, -33.8779434 ], [ 151.186813893417138, -33.877982099047031 ], [ 151.186809762108226, -33.878016034871806 ], [ 151.186680995197918, -33.87804969133655 ], [ 151.186833975748613, -33.878049807728473 ], [ 151.186132987993801, -33.87821878298594 ], [ 151.186139888246913, -33.878227503887224 ], [ 151.186846676363018, -33.878064178029391 ], [ 151.186719072238191, -33.878125989180553 ], [ 151.186875213359173, -33.878089936866978 ], [ 151.186897302810223, -33.878124125892334 ], [ 151.187296445037219, -33.877989733001122 ], [ 151.187101571928906, -33.87801360932098 ], [ 151.187067517795782, -33.877960929955698 ], [ 151.187234496590293, -33.877912960486483 ], [ 151.187202426934135, -33.877871863181248 ], [ 151.186994972125092, -33.877888697447382 ], [ 151.186997410519609, -33.877849578088281 ], [ 151.18693956628934, -33.877794930649479 ], [ 151.187105650300396, -33.877747172997324 ], [ 151.187089938642686, -33.877726929542852 ], [ 151.186917993270441, -33.877766900122346 ], [ 151.186896759223174, -33.877748552853397 ], [ 151.187064875277287, -33.877695555141237 ], [ 151.187038373661039, -33.877662486138945 ], [ 151.186648348240368, -33.87775476958209 ], [ 151.186631780502069, -33.877801887840803 ], [ 151.186172657437481, -33.877910518399283 ], [ 151.185983146965441, -33.877931021016551 ], [ 151.185998392977098, -33.877901791096917 ], [ 151.186123786121783, -33.877869796612437 ], [ 151.185945697101118, -33.877911932672546 ], [ 151.1859484, -33.8779362 ], [ 151.185784399999989, -33.8780353 ] ], [ [ 151.186416489320436, -33.902279734842246 ], [ 151.186495481876534, -33.902281349365715 ], [ 151.186521556936356, -33.902302092255589 ], [ 151.186772971544059, -33.902242625619792 ], [ 151.186782139904153, -33.90219324829242 ], [ 151.186416489320436, -33.902279734842246 ] ], [ [ 151.187242180063777, -33.877324239368939 ], [ 151.187282274270245, -33.877347694920523 ], [ 151.187302452788373, -33.877309978009819 ], [ 151.187242180063777, -33.877324239368939 ] ], [ [ 151.187199923724648, -33.88202811463551 ], [ 151.186544338069979, -33.882183222871902 ], [ 151.186552444480839, -33.882187915163811 ], [ 151.187199923724648, -33.88202811463551 ] ], [ [ 151.187076185236407, -33.877260709246642 ], [ 151.187169474034448, -33.877295196287974 ], [ 151.187299986150379, -33.877264315346117 ], [ 151.187254379048568, -33.877206269012234 ], [ 151.187076185236407, -33.877260709246642 ] ], [ [ 151.186758110436642, -33.902322661796731 ], [ 151.186758481834204, -33.902320661595219 ], [ 151.186625542159703, -33.902354017951744 ], [ 151.186758110436642, -33.902322661796731 ] ], [ [ 151.187215622609671, -33.880221188665566 ], [ 151.187177184103945, -33.880230283362252 ], [ 151.187219569387054, -33.880235728578469 ], [ 151.187215622609671, -33.880221188665566 ] ], [ [ 151.187176823874779, -33.881164349221763 ], [ 151.187171675879512, -33.881171158662518 ], [ 151.187176815559894, -33.881174133694543 ], [ 151.187176823874779, -33.881164349221763 ] ], [ [ 151.187128442825667, -33.88053632311734 ], [ 151.187154548917192, -33.880456671096532 ], [ 151.186721492936073, -33.880559132414959 ], [ 151.186563987779749, -33.880635090718194 ], [ 151.186543985109864, -33.88070745376892 ], [ 151.186468004016177, -33.880732747072678 ], [ 151.187151946029616, -33.88057092704522 ], [ 151.187128442825667, -33.88053632311734 ] ], [ [ 151.186825082061148, -33.895846718612852 ], [ 151.186623766337561, -33.895889569394129 ], [ 151.186621401925862, -33.895894111525756 ], [ 151.186825082061148, -33.895846718612852 ] ], [ [ 151.186539018276761, -33.884011701897194 ], [ 151.186755513323249, -33.883961730499692 ], [ 151.186791959871329, -33.883996584455687 ], [ 151.187045699850074, -33.88393655227798 ], [ 151.187058846787096, -33.883885853788151 ], [ 151.186539018276761, -33.884011701897194 ] ], [ [ 151.187019617119006, -33.884869931382696 ], [ 151.187020571994367, -33.884858160468056 ], [ 151.18694726642471, -33.884875503615341 ], [ 151.187019617119006, -33.884869931382696 ] ], [ [ 151.186184699477025, -33.902266705301727 ], [ 151.186163098803632, -33.902242474115319 ], [ 151.185945190959728, -33.902294014326287 ], [ 151.185966333600504, -33.902335305252016 ], [ 151.186615021534323, -33.902172199121985 ], [ 151.186184699477025, -33.902266705301727 ] ], [ [ 151.18651754068182, -33.902380049506625 ], [ 151.186553860729902, -33.902374987885551 ], [ 151.186561292670689, -33.902369700984792 ], [ 151.18651754068182, -33.902380049506625 ] ], [ [ 151.186529216421633, -33.902401305671056 ], [ 151.186553327783145, -33.902395602687164 ], [ 151.186552130119509, -33.902394049392626 ], [ 151.186529216421633, -33.902401305671056 ] ], [ [ 151.186665302397785, -33.893462349046374 ], [ 151.186690701188297, -33.893407554024954 ], [ 151.186647392990778, -33.893411562072046 ], [ 151.186602521238569, -33.893364022153364 ], [ 151.186495163785366, -33.893391409370651 ], [ 151.186539334197874, -33.893492147583252 ], [ 151.186665302397785, -33.893462349046374 ] ], [ [ 151.186947152713572, -33.87577484557449 ], [ 151.186810955304452, -33.875388744988953 ], [ 151.186779419818038, -33.875137284491785 ], [ 151.186520664659014, -33.875194308305986 ], [ 151.18677828393902, -33.875128227095054 ], [ 151.186774822753051, -33.875100627900096 ], [ 151.186724386327143, -33.875133856763895 ], [ 151.186244251837081, -33.87523485837567 ], [ 151.186771415118955, -33.875073455709625 ], [ 151.186758208373618, -33.874968146086587 ], [ 151.186574460910663, -33.875010731885702 ], [ 151.186547919267582, -33.874987797746179 ], [ 151.186752528998824, -33.874922859101311 ], [ 151.186750015205774, -33.874902814257602 ], [ 151.186516943454706, -33.874944509225038 ], [ 151.186490401847266, -33.874921575074083 ], [ 151.186742805891555, -33.87484532755056 ], [ 151.186765060090664, -33.87471694493059 ], [ 151.186876784705191, -33.874550142256908 ], [ 151.18643988757043, -33.874647580646695 ], [ 151.186351888340994, -33.874538080165188 ], [ 151.186490045293709, -33.874345097256999 ], [ 151.186135963073156, -33.874405526589641 ], [ 151.186160198263536, -33.87443713150364 ], [ 151.186276845953444, -33.874410244470866 ], [ 151.186298079069246, -33.874428591824682 ], [ 151.185859273730017, -33.874555540738513 ], [ 151.185827131975998, -33.874574487219725 ], [ 151.186157649765562, -33.874520485449445 ], [ 151.185901740553419, -33.874590951397593 ], [ 151.185877243969173, -33.874637239327463 ], [ 151.185696134402434, -33.874684316076703 ], [ 151.185724954651363, -33.874701161599837 ], [ 151.185910066637405, -33.874664719073927 ], [ 151.185904340650012, -33.874686695589943 ], [ 151.185708490933166, -33.874735499870468 ], [ 151.185837382375041, -33.874723655271623 ], [ 151.185504907732422, -33.874810599558181 ], [ 151.185740742455891, -33.874762775359855 ], [ 151.185746395511785, -33.874788881134037 ], [ 151.185385465177063, -33.874882847943674 ], [ 151.185204199999987, -33.8749796 ], [ 151.185056652078003, -33.875014510202853 ], [ 151.185059053533138, -33.875042240806835 ], [ 151.185168368630684, -33.875024761317093 ], [ 151.185185167217981, -33.875060354091922 ], [ 151.185098028735212, -33.875091123791194 ], [ 151.185077021655303, -33.875132482757436 ], [ 151.184971973642689, -33.875157337229268 ], [ 151.184960185367771, -33.875191052735509 ], [ 151.184764795997353, -33.875237281747708 ], [ 151.184685187811368, -33.875282965602558 ], [ 151.184728054091522, -33.875293010381249 ], [ 151.184727514096863, -33.875318507414548 ], [ 151.184672157692461, -33.875333730814638 ], [ 151.184868770977204, -33.875297826952384 ], [ 151.184879745130559, -33.875321079077494 ], [ 151.184479082333269, -33.875429468985232 ], [ 151.184483725477463, -33.875477323858917 ], [ 151.184259434824895, -33.875534110577661 ], [ 151.184244584614646, -33.875597930687483 ], [ 151.184123427037235, -33.875642694188578 ], [ 151.1847248, -33.8755076 ], [ 151.184837, -33.8756402 ], [ 151.184721282319828, -33.875705175315723 ], [ 151.18518610000001, -33.8755952 ], [ 151.1852964, -33.8757283 ], [ 151.185169396626662, -33.875799465817202 ], [ 151.1854351, -33.8757366 ], [ 151.185545100000013, -33.8758504 ], [ 151.1856647, -33.8759955 ], [ 151.1851298, -33.8763333 ], [ 151.184843603490322, -33.876409513536593 ], [ 151.184895899999987, -33.8764726 ], [ 151.184830965518302, -33.876509682088944 ], [ 151.1848833, -33.8764973 ], [ 151.184937901121714, -33.876562912145182 ], [ 151.185343258746656, -33.876457554927761 ], [ 151.185343396614144, -33.876418920426104 ], [ 151.185443728109675, -33.876391992654092 ], [ 151.185459983219687, -33.876281313653692 ], [ 151.185553340329506, -33.876215968365557 ], [ 151.186382645920133, -33.876019749505048 ], [ 151.186377179470185, -33.875973669131504 ], [ 151.186409916613002, -33.875947310136389 ], [ 151.187052668105963, -33.875795226322204 ], [ 151.186947152713572, -33.87577484557449 ] ], [ [ 151.186638309586215, -33.89482540017795 ], [ 151.18625073250854, -33.894944331346601 ], [ 151.18623173917095, -33.894967152978289 ], [ 151.186554842950329, -33.894890722931521 ], [ 151.186638309586215, -33.89482540017795 ] ], [ [ 151.186638321869168, -33.888796644964721 ], [ 151.186750490829525, -33.888770108939191 ], [ 151.186647358122997, -33.88876134388213 ], [ 151.186638321869168, -33.888796644964721 ] ], [ [ 151.186433256683557, -33.893250219187429 ], [ 151.186453623401775, -33.893296669171583 ], [ 151.186625686892853, -33.893248455875565 ], [ 151.186594291747156, -33.893212125370461 ], [ 151.186433256683557, -33.893250219187429 ] ], [ [ 151.186492400370071, -33.89916899952803 ], [ 151.186474533087448, -33.899173225795955 ], [ 151.186469945909977, -33.89917873729258 ], [ 151.186492400370071, -33.89916899952803 ] ], [ [ 151.185809226695426, -33.89952731753214 ], [ 151.185814859495366, -33.899499725055414 ], [ 151.186183802422278, -33.899398264645029 ], [ 151.186187184347261, -33.899377428366193 ], [ 151.185853341770212, -33.899446798611969 ], [ 151.185843917834603, -33.899403289071373 ], [ 151.186285259722069, -33.899298897399255 ], [ 151.186288266833174, -33.899275346427963 ], [ 151.186401407940025, -33.899248584575581 ], [ 151.186426477653043, -33.899197791899624 ], [ 151.185637678740619, -33.899384368355541 ], [ 151.18559508272412, -33.899407213934495 ], [ 151.185589512914021, -33.899456202345 ], [ 151.185528972377824, -33.899484183689815 ], [ 151.185543460559103, -33.8995532860582 ], [ 151.18550319481264, -33.899599702693394 ], [ 151.185809226695426, -33.89952731753214 ] ], [ [ 151.185516355276917, -33.885001035450401 ], [ 151.185746644945397, -33.884947803204774 ], [ 151.185930784546969, -33.884951977038526 ], [ 151.186658025655646, -33.884844041707844 ], [ 151.186709674815887, -33.884825230692371 ], [ 151.186705807388847, -33.884775070971557 ], [ 151.186114780379654, -33.884913827227891 ], [ 151.186056475957656, -33.884859447519702 ], [ 151.185516355276917, -33.885001035450401 ] ], [ [ 151.185643771488031, -33.88419123966159 ], [ 151.186701736751843, -33.883942137438339 ], [ 151.186262019742856, -33.884033621516799 ], [ 151.186134682126124, -33.88396768310642 ], [ 151.185637866631879, -33.884065200146992 ], [ 151.186119600052962, -33.883933946772601 ], [ 151.186113664537459, -33.883906539477827 ], [ 151.185552624477992, -33.884022973062876 ], [ 151.185731330081609, -33.884011575097034 ], [ 151.185446221450604, -33.884106924255498 ], [ 151.185470455375366, -33.88414445871247 ], [ 151.185850235621899, -33.884054611105199 ], [ 151.185892291771182, -33.884069870973484 ], [ 151.185873995076804, -33.884104946782998 ], [ 151.1856380892186, -33.884160757064699 ], [ 151.185643771488031, -33.88419123966159 ] ], [ [ 151.186588582576235, -33.884065258619025 ], [ 151.186652625211792, -33.884124131606306 ], [ 151.186657503437743, -33.884048952875823 ], [ 151.186588582576235, -33.884065258619025 ] ], [ [ 151.185942644262639, -33.879594000006712 ], [ 151.185978370273006, -33.87964034641071 ], [ 151.185940705016378, -33.879685612072258 ], [ 151.185418483915129, -33.879818379917722 ], [ 151.185850321827729, -33.879716210707286 ], [ 151.185878357863174, -33.879726383914615 ], [ 151.185866160739266, -33.879749767822446 ], [ 151.185312554193814, -33.879880746161049 ], [ 151.185068699999988, -33.880007399999982 ], [ 151.184888739485359, -33.880051896156559 ], [ 151.185279107780786, -33.879959540492393 ], [ 151.18525386231849, -33.879933216631471 ], [ 151.185274407264245, -33.879908526396214 ], [ 151.186194199999989, -33.8796771 ], [ 151.186259491768197, -33.879760705578484 ], [ 151.18674794217506, -33.879626090408337 ], [ 151.186742909647819, -33.879602852562051 ], [ 151.186450188704924, -33.879672110463162 ], [ 151.186346787955188, -33.879670588176268 ], [ 151.186274963242965, -33.879608528618832 ], [ 151.186304672387593, -33.879488774681832 ], [ 151.185792644719385, -33.879618054864459 ], [ 151.185942644262639, -33.879594000006712 ] ], [ [ 151.186674000336126, -33.876696989653539 ], [ 151.186677523321777, -33.876727110304117 ], [ 151.186768649787723, -33.876705548786951 ], [ 151.186747973273725, -33.876679486849739 ], [ 151.186674000336126, -33.876696989653539 ] ], [ [ 151.1856115, -33.8932597 ], [ 151.185206889565904, -33.893367044233692 ], [ 151.185281887478141, -33.893357619591548 ], [ 151.185307873681381, -33.893391326264251 ], [ 151.18522283922411, -33.893437879997123 ], [ 151.185318144901657, -33.893430222665323 ], [ 151.185357124267028, -33.893480782662252 ], [ 151.185213361750499, -33.893593546440677 ], [ 151.185353636851204, -33.893575992225216 ], [ 151.185430146466217, -33.893637407854875 ], [ 151.185389049689661, -33.893686788055795 ], [ 151.185196395418075, -33.893760131941853 ], [ 151.185213924716265, -33.893847603204755 ], [ 151.185958150940877, -33.893695777448919 ], [ 151.185825011691492, -33.893392311080824 ], [ 151.18545059190231, -33.893479987441168 ], [ 151.185426284885722, -33.893448458967001 ], [ 151.18580647720529, -33.893350064964565 ], [ 151.185516873801305, -33.893418446363853 ], [ 151.18548182330926, -33.893405729595834 ], [ 151.185497072492836, -33.893376499904043 ], [ 151.185787893558, -33.893307706751763 ], [ 151.185549785046277, -33.893334903891137 ], [ 151.185770205668149, -33.893267390223905 ], [ 151.185731659403103, -33.893179530454361 ], [ 151.186303269059295, -33.893036092364916 ], [ 151.186291061195789, -33.893008932953919 ], [ 151.186406647373417, -33.892973203709438 ], [ 151.185582734477208, -33.893173807759993 ], [ 151.1856115, -33.8932597 ] ], [ [ 151.186493926624706, -33.878675481770742 ], [ 151.186704129097791, -33.878625747104309 ], [ 151.186488075873939, -33.878668081702898 ], [ 151.186493926624706, -33.878675481770742 ] ], [ [ 151.186494888142647, -33.876641528884697 ], [ 151.18652585021789, -33.876666760360315 ], [ 151.186704366120097, -33.876624521676654 ], [ 151.186676927027378, -33.876589935691989 ], [ 151.186494888142647, -33.876641528884697 ] ], [ [ 151.186374678850143, -33.891401789551153 ], [ 151.186291532715757, -33.891421723887774 ], [ 151.186374851810712, -33.891402013897689 ], [ 151.186374678850143, -33.891401789551153 ] ], [ [ 151.1866960772563, -33.876209415106658 ], [ 151.186559432553508, -33.876241746836889 ], [ 151.186480165195547, -33.876244830469496 ], [ 151.186496742361726, -33.876268578971668 ], [ 151.186594636146197, -33.876273996408941 ], [ 151.186675639326154, -33.876247867551712 ], [ 151.1866960772563, -33.876209415106658 ] ], [ [ 151.186348318165244, -33.879874446749795 ], [ 151.18661288536569, -33.879796671184977 ], [ 151.186556044461327, -33.87980284343557 ], [ 151.186534278904446, -33.879777826768688 ], [ 151.186308670968771, -33.879823679018358 ], [ 151.186348318165244, -33.879874446749795 ] ], [ [ 151.186188258619097, -33.89973652641828 ], [ 151.186180853594209, -33.89971497157422 ], [ 151.185881325890222, -33.899783500500448 ], [ 151.185822157978066, -33.899752838602225 ], [ 151.184930932611536, -33.899941697351565 ], [ 151.18528566551646, -33.899869332830242 ], [ 151.185291319729458, -33.899895438573886 ], [ 151.185026206305139, -33.89995814390015 ], [ 151.185353750133714, -33.899894736776588 ], [ 151.185100154307634, -33.899970091566168 ], [ 151.185142942456196, -33.899977058068352 ], [ 151.186071999318983, -33.899757417364725 ], [ 151.186097236170269, -33.899776664891988 ], [ 151.186188258619097, -33.89973652641828 ] ], [ [ 151.186269461991202, -33.879066263212842 ], [ 151.186611101035282, -33.878985431065253 ], [ 151.186620583142059, -33.878972984067403 ], [ 151.186248768355853, -33.879048169113908 ], [ 151.186269461991202, -33.879066263212842 ] ], [ [ 151.186114438500766, -33.90212580377969 ], [ 151.185975543774305, -33.902111010496469 ], [ 151.185392253940535, -33.902248970211716 ], [ 151.185817316549674, -33.90217451449368 ], [ 151.185855997454638, -33.902189237025524 ], [ 151.186114438500766, -33.90212580377969 ] ], [ [ 151.186686865888845, -33.873867778518886 ], [ 151.186710270196585, -33.873847593003568 ], [ 151.186676639480339, -33.87385555069902 ], [ 151.186686865888845, -33.873867778518886 ] ], [ [ 151.186623337669459, -33.87652800625704 ], [ 151.186627090387276, -33.876527118323942 ], [ 151.186624439577741, -33.876523777066772 ], [ 151.186623337669459, -33.87652800625704 ] ], [ [ 151.186492258620405, -33.877769616508189 ], [ 151.18659825669377, -33.877744536725949 ], [ 151.186495034814129, -33.877758636721722 ], [ 151.186492258620405, -33.877769616508189 ] ], [ [ 151.186330227025337, -33.883747886206955 ], [ 151.186454850026877, -33.88373186319042 ], [ 151.186458588090488, -33.883717517839692 ], [ 151.186330227025337, -33.883747886206955 ] ], [ [ 151.186387450467834, -33.876443752759791 ], [ 151.186528599297731, -33.876419293194616 ], [ 151.186548198607454, -33.876460817905027 ], [ 151.186485972236426, -33.876491988732624 ], [ 151.186594523578776, -33.876486068924834 ], [ 151.186533466348777, -33.87640910815395 ], [ 151.186387450467834, -33.876443752759791 ] ], [ [ 151.186512355295207, -33.876839476733089 ], [ 151.186488788889392, -33.87684427831541 ], [ 151.186488948423772, -33.876845014999375 ], [ 151.186512355295207, -33.876839476733089 ] ], [ [ 151.186272300000013, -33.878395 ], [ 151.186337094075839, -33.8783912381923 ], [ 151.186269437480917, -33.878349550097987 ], [ 151.18628856803636, -33.878276128904915 ], [ 151.18647997152982, -33.878222868952349 ], [ 151.186471920491897, -33.878188518109226 ], [ 151.186165826318131, -33.878260314471291 ], [ 151.186272300000013, -33.878395 ] ], [ [ 151.185908263956435, -33.903194217751903 ], [ 151.185825698776284, -33.903201268061984 ], [ 151.18582071917163, -33.903226682688008 ], [ 151.185908263956435, -33.903194217751903 ] ], [ [ 151.186390519579533, -33.878111219734286 ], [ 151.186372407768687, -33.878087520669993 ], [ 151.186083268223683, -33.878155931682983 ], [ 151.186101914533651, -33.878179504308314 ], [ 151.186390519579533, -33.878111219734286 ] ], [ [ 151.186421978665919, -33.873713825665533 ], [ 151.186471564682421, -33.873705450551952 ], [ 151.186469042779294, -33.873694244934882 ], [ 151.186452140829374, -33.87370668875274 ], [ 151.186421978665919, -33.873713825665533 ] ], [ [ 151.185131320619803, -33.882446321822954 ], [ 151.185384175053343, -33.882387393361846 ], [ 151.185403322769304, -33.882425118329984 ], [ 151.186178033065829, -33.882241808963506 ], [ 151.185588158096095, -33.882379938028087 ], [ 151.185548687150856, -33.882357090357843 ], [ 151.185555370367837, -33.882322163384245 ], [ 151.185103397562074, -33.882429091344612 ], [ 151.185131320619803, -33.882446321822954 ] ], [ [ 151.185864430632108, -33.88388392357686 ], [ 151.185915529300644, -33.88391611015367 ], [ 151.186135647550657, -33.883845364869082 ], [ 151.18600197687573, -33.883876275551231 ], [ 151.185982432716798, -33.883851438274419 ], [ 151.185784187512013, -33.883902907493017 ], [ 151.185864430632108, -33.88388392357686 ] ], [ [ 151.186146777240594, -33.882736650433628 ], [ 151.185816037423621, -33.882851203803142 ], [ 151.186150042672011, -33.88277227399935 ], [ 151.186146777240594, -33.882736650433628 ] ], [ [ 151.185961708288715, -33.891534115925211 ], [ 151.185957396183028, -33.891508237167159 ], [ 151.185871533512085, -33.89152854852145 ], [ 151.185881629818397, -33.891555672106932 ], [ 151.185961708288715, -33.891534115925211 ] ], [ [ 151.18579394480858, -33.896155015912889 ], [ 151.185181103953909, -33.89629997570011 ], [ 151.185794719731774, -33.896158593788421 ], [ 151.18579394480858, -33.896155015912889 ] ], [ [ 151.185759137641412, -33.895427825674183 ], [ 151.185757948514066, -33.89543238821998 ], [ 151.185795354236319, -33.895419258909065 ], [ 151.185759137641412, -33.895427825674183 ] ], [ [ 151.185602, -33.90305679999998 ], [ 151.185611328640675, -33.903057457916681 ], [ 151.185536849451523, -33.903048027195283 ], [ 151.185602, -33.90305679999998 ] ], [ [ 151.185239752723248, -33.90054024524693 ], [ 151.185363697287755, -33.900497226429685 ], [ 151.185655071338999, -33.900428309475849 ], [ 151.185560961236376, -33.900441587683176 ], [ 151.185629699453813, -33.900418455547481 ], [ 151.185613885258505, -33.900389114888135 ], [ 151.185262163804737, -33.900472305266504 ], [ 151.185239752723248, -33.90054024524693 ] ], [ [ 151.185802254018881, -33.88514514356158 ], [ 151.185766819792065, -33.885106404398144 ], [ 151.185549888842729, -33.885157321399987 ], [ 151.185766507010726, -33.885165245904325 ], [ 151.185926960920142, -33.885116889348758 ], [ 151.185802254018881, -33.88514514356158 ] ], [ [ 151.185220608180714, -33.89524907341891 ], [ 151.18565562760358, -33.895158339248454 ], [ 151.185713196724436, -33.895104712102878 ], [ 151.185427430834295, -33.895179893707621 ], [ 151.185220608180714, -33.89524907341891 ] ], [ [ 151.185584150375888, -33.901112956569619 ], [ 151.185484747443127, -33.901136200427231 ], [ 151.185484470601324, -33.901136533037658 ], [ 151.185584150375888, -33.901112956569619 ] ], [ [ 151.18602311884834, -33.878135046586863 ], [ 151.185929687157142, -33.878187364011616 ], [ 151.186042797992002, -33.878160602013416 ], [ 151.18602311884834, -33.878135046586863 ] ], [ [ 151.186061932645117, -33.876287514474939 ], [ 151.186010045609692, -33.876291945549305 ], [ 151.186008922260385, -33.876300057063055 ], [ 151.186061932645117, -33.876287514474939 ] ], [ [ 151.185229919732848, -33.901278960659454 ], [ 151.185426605137735, -33.901225917156417 ], [ 151.185263628369029, -33.901249054770169 ], [ 151.18541344858582, -33.901195924376019 ], [ 151.185240015436335, -33.901236944778923 ], [ 151.185229919732848, -33.901278960659454 ] ], [ [ 151.185327688455601, -33.900666102314354 ], [ 151.185432772800738, -33.900645609097133 ], [ 151.185432276455174, -33.900643317482839 ], [ 151.185327688455601, -33.900666102314354 ] ], [ [ 151.185431761184219, -33.899659177257249 ], [ 151.185306322973673, -33.89971069370926 ], [ 151.185110907653865, -33.899756914062714 ], [ 151.185320576714048, -33.899727283040775 ], [ 151.185367174707409, -33.899752275746387 ], [ 151.185431761184219, -33.899659177257249 ] ], [ [ 151.185345952223827, -33.903022417513995 ], [ 151.185338411377813, -33.903019818567316 ], [ 151.185333922781751, -33.903020880184265 ], [ 151.185345952223827, -33.903022417513995 ] ], [ [ 151.185720881852944, -33.881862459621331 ], [ 151.185683383043795, -33.881885921755142 ], [ 151.185783892839396, -33.881848443891187 ], [ 151.185720881852944, -33.881862459621331 ] ], [ [ 151.185188441624291, -33.880159126669007 ], [ 151.185532236048175, -33.88007778902039 ], [ 151.185782695442953, -33.880008270141921 ], [ 151.185676015524422, -33.879871654245349 ], [ 151.185332486602107, -33.879950742164056 ], [ 151.18540010000001, -33.8800389 ], [ 151.185188441624291, -33.880159126669007 ] ], [ [ 151.185017655507608, -33.895201425853188 ], [ 151.185072561241356, -33.895246787828341 ], [ 151.185446227133241, -33.895130557260863 ], [ 151.185216235943727, -33.895113779670666 ], [ 151.185160271492492, -33.895066082868347 ], [ 151.185003443530178, -33.895110604311284 ], [ 151.185017655507608, -33.895201425853188 ] ], [ [ 151.185694338410656, -33.881839525259998 ], [ 151.185696276910562, -33.88183208605934 ], [ 151.185688170490295, -33.881834003920382 ], [ 151.185694338410656, -33.881839525259998 ] ], [ [ 151.185191336805786, -33.900687019387966 ], [ 151.185297176300367, -33.900661986126437 ], [ 151.18528453126487, -33.900654884413591 ], [ 151.185191336805786, -33.900687019387966 ] ], [ [ 151.185219732640007, -33.900600936729951 ], [ 151.185254695193464, -33.900605984966305 ], [ 151.185258394537129, -33.900591792372012 ], [ 151.185219732640007, -33.900600936729951 ] ], [ [ 151.185419669009974, -33.880960182447296 ], [ 151.185625961787963, -33.880898918532949 ], [ 151.185632718582553, -33.880875703007476 ], [ 151.185397128036669, -33.880915740626826 ], [ 151.185419669009974, -33.880960182447296 ] ], [ [ 151.18549394548495, -33.885406153242762 ], [ 151.185065641729807, -33.885496824532161 ], [ 151.185066241123877, -33.885500099662487 ], [ 151.18549394548495, -33.885406153242762 ] ], [ [ 151.185323114693972, -33.885156470245406 ], [ 151.18528768822631, -33.885129362434832 ], [ 151.184877527754935, -33.885200747603442 ], [ 151.183941287491649, -33.885420622228182 ], [ 151.183890095815229, -33.885367176473764 ], [ 151.182916602210526, -33.88559745992788 ], [ 151.182961346819098, -33.885798149534139 ], [ 151.18326822627651, -33.885641438753751 ], [ 151.183576971870991, -33.885568403929476 ], [ 151.183567384216559, -33.885516051464869 ], [ 151.1847153, -33.8852445 ], [ 151.1850126, -33.885207 ], [ 151.185018301411532, -33.885238153081957 ], [ 151.185453355325905, -33.8851537898083 ], [ 151.185452983224508, -33.885125746968001 ], [ 151.185323114693972, -33.885156470245406 ] ], [ [ 151.185465907321088, -33.884022442087158 ], [ 151.18544762313141, -33.884017784061768 ], [ 151.185445128279611, -33.884027357916466 ], [ 151.185465907321088, -33.884022442087158 ] ], [ [ 151.185153472238227, -33.895021060832249 ], [ 151.185184244152452, -33.894966281868108 ], [ 151.185052701898115, -33.894997289319733 ], [ 151.185013222448475, -33.895037226564035 ], [ 151.185153472238227, -33.895021060832249 ] ], [ [ 151.185174958969611, -33.895272444963922 ], [ 151.185065466854354, -33.895329278035078 ], [ 151.184987173592958, -33.895364996465403 ], [ 151.185137054254596, -33.895329544217915 ], [ 151.185174958969611, -33.895272444963922 ] ], [ [ 151.184949949647404, -33.891847879235854 ], [ 151.182934661290773, -33.892357577720851 ], [ 151.182958159044631, -33.892414578719539 ], [ 151.185235700516671, -33.891835534472229 ], [ 151.185221253139503, -33.891800415957675 ], [ 151.184949949647404, -33.891847879235854 ] ], [ [ 151.184477147086625, -33.902881365316361 ], [ 151.184988434147897, -33.902764666125329 ], [ 151.184988835332035, -33.902760346133434 ], [ 151.184477147086625, -33.902881365316361 ] ], [ [ 151.184899905352665, -33.897476739198723 ], [ 151.184994164783376, -33.897474448652304 ], [ 151.18490252316704, -33.897513157437459 ], [ 151.185100179866765, -33.897466405878987 ], [ 151.185084448866064, -33.897433089284405 ], [ 151.184899905352665, -33.897476739198723 ] ], [ [ 151.185185945582816, -33.882480029205553 ], [ 151.185336872512721, -33.882451598181845 ], [ 151.18536115180126, -33.882438578960617 ], [ 151.185185945582816, -33.882480029205553 ] ], [ [ 151.18551743984591, -33.874784088166891 ], [ 151.185515508377648, -33.87478232161326 ], [ 151.185517298647795, -33.874784630078857 ], [ 151.18551743984591, -33.874784088166891 ] ], [ [ 151.184941455485898, -33.901274644521266 ], [ 151.184875933039194, -33.901290141633936 ], [ 151.184915867688318, -33.90135323943867 ], [ 151.184923006101911, -33.901351551089938 ], [ 151.184941455485898, -33.901274644521266 ] ], [ [ 151.185024960893003, -33.897307099812757 ], [ 151.184892768196221, -33.897330265692716 ], [ 151.184895497384275, -33.897337721720994 ], [ 151.185024960893003, -33.897307099812757 ] ], [ [ 151.185065972952884, -33.884505530414884 ], [ 151.185204115264042, -33.884472849808802 ], [ 151.185260858742907, -33.884415923356471 ], [ 151.185071685947861, -33.884460676430159 ], [ 151.185065972952884, -33.884505530414884 ] ], [ [ 151.184812678915591, -33.899446839870855 ], [ 151.184820167845487, -33.89949723982069 ], [ 151.184902013879139, -33.899477881479299 ], [ 151.18493239651508, -33.899420274655391 ], [ 151.184812678915591, -33.899446839870855 ] ], [ [ 151.184728827332009, -33.880484844710502 ], [ 151.184717852624829, -33.880461592570121 ], [ 151.184777054918641, -33.880445991745439 ], [ 151.184732395646989, -33.880386792788904 ], [ 151.184341714277679, -33.880477614912245 ], [ 151.184221906196456, -33.880437433954768 ], [ 151.184168620481557, -33.880450040117175 ], [ 151.184161020328872, -33.880538422476711 ], [ 151.18387585866364, -33.880622098351758 ], [ 151.183791940052458, -33.88067575667035 ], [ 151.183794637924933, -33.880716330370056 ], [ 151.1839909, -33.8806699 ], [ 151.184134199999988, -33.880805199999969 ], [ 151.1836576, -33.8810606 ], [ 151.183494078595828, -33.881099284143048 ], [ 151.183517099999989, -33.8811281 ], [ 151.1833765, -33.8812103 ], [ 151.18297321759411, -33.881305702584328 ], [ 151.183050427527434, -33.881404200419752 ], [ 151.183393915006718, -33.881322943208261 ], [ 151.183395800680159, -33.881252115201882 ], [ 151.183458304521366, -33.88120179521367 ], [ 151.184001984215797, -33.881073176656855 ], [ 151.184014034498091, -33.881039799540702 ], [ 151.184702747660282, -33.880876866156626 ], [ 151.184750313991088, -33.880896139326794 ], [ 151.184775654685012, -33.880853738065575 ], [ 151.185297246162264, -33.880708199163486 ], [ 151.185300328404651, -33.880652571910026 ], [ 151.185054538048092, -33.880705351037484 ], [ 151.185070396613582, -33.88074366355243 ], [ 151.184953433857373, -33.880773992699041 ], [ 151.184944697897521, -33.880801867147753 ], [ 151.184079463912042, -33.880996753634477 ], [ 151.184087099844163, -33.880967451793616 ], [ 151.184573980942758, -33.880852267186071 ], [ 151.184582588164858, -33.880815097169325 ], [ 151.184877318502998, -33.880745369753186 ], [ 151.184271301866431, -33.880879530510192 ], [ 151.184187428351009, -33.880830978360933 ], [ 151.184188671010105, -33.880772333127197 ], [ 151.184239268707557, -33.88073159755082 ], [ 151.184551291828313, -33.880657779832077 ], [ 151.184557360523485, -33.880613848216392 ], [ 151.184634891097772, -33.880552531297042 ], [ 151.184821003282934, -33.880504248252386 ], [ 151.184794965030846, -33.880469732812557 ], [ 151.184728827332009, -33.880484844710502 ] ], [ [ 151.185218224669569, -33.873302739606224 ], [ 151.185263512619713, -33.873361783300233 ], [ 151.185355737536156, -33.873339962024602 ], [ 151.185328297675198, -33.873306649233811 ], [ 151.185433832201596, -33.873246729350186 ], [ 151.185218224669569, -33.873302739606224 ] ], [ [ 151.184857364207772, -33.895932198613167 ], [ 151.184826875582786, -33.895899275814749 ], [ 151.18479031957483, -33.895907922498345 ], [ 151.184799958372821, -33.895952991168897 ], [ 151.184857364207772, -33.895932198613167 ] ], [ [ 151.182629600312254, -33.87923579414197 ], [ 151.18275048374224, -33.879267444315758 ], [ 151.183014796843821, -33.879206994913062 ], [ 151.182815201160508, -33.879280061616555 ], [ 151.182922600000012, -33.879301 ], [ 151.1829084, -33.8793514 ], [ 151.18298870000001, -33.8793671 ], [ 151.18298226549868, -33.879389830208083 ], [ 151.183103027503762, -33.8793882359397 ], [ 151.183100256779056, -33.879459041276682 ], [ 151.1835709, -33.8793477 ], [ 151.183658737794303, -33.879462601858435 ], [ 151.184350017927869, -33.879301200099682 ], [ 151.184395536378361, -33.879317717735844 ], [ 151.18440978064848, -33.879371358585765 ], [ 151.184525902370922, -33.879369095633812 ], [ 151.184507606221359, -33.879404171280342 ], [ 151.183877299979713, -33.879563633217685 ], [ 151.18441440287657, -33.879436565753089 ], [ 151.18446411955162, -33.879474044188548 ], [ 151.185099780837675, -33.879301943091953 ], [ 151.185056238057371, -33.879245153937461 ], [ 151.185206713074791, -33.879163721276498 ], [ 151.185004538308618, -33.879211553560602 ], [ 151.184929639195246, -33.879114653033163 ], [ 151.185056572025417, -33.879047084364593 ], [ 151.184872184987512, -33.878812143443753 ], [ 151.18518116943946, -33.878674265153926 ], [ 151.185145579860347, -33.878629278222547 ], [ 151.185080087213606, -33.878622820795904 ], [ 151.184865329510757, -33.878654012318002 ], [ 151.184866409553052, -33.878603018275037 ], [ 151.185022038494168, -33.878545814858477 ], [ 151.184756648966868, -33.878593889669062 ], [ 151.184768102139031, -33.878549936806252 ], [ 151.184984072926511, -33.878498840513011 ], [ 151.184953906461203, -33.878460267864149 ], [ 151.183490936971509, -33.878798037885559 ], [ 151.183489516223119, -33.878848287569035 ], [ 151.183444871915441, -33.878884230486335 ], [ 151.182757182897603, -33.879046918397023 ], [ 151.18253352818877, -33.87918483956016 ], [ 151.182947783852796, -33.879087553257989 ], [ 151.182955320416141, -33.879122361079766 ], [ 151.182343141193542, -33.879267182615919 ], [ 151.182315715558275, -33.879242828669881 ], [ 151.182037960357661, -33.879308535221831 ], [ 151.181964761699874, -33.87924133667245 ], [ 151.181571509435145, -33.879354570806882 ], [ 151.181805540447613, -33.879308307310595 ], [ 151.181820121575157, -33.879327224760509 ], [ 151.181747313120184, -33.879349524474179 ], [ 151.181760222461094, -33.879370005491616 ], [ 151.1818989, -33.8793372 ], [ 151.181942982058132, -33.879394834327947 ], [ 151.182629600312254, -33.87923579414197 ] ], [ [ 151.184920580001631, -33.891538810328164 ], [ 151.184607940696026, -33.89159807602077 ], [ 151.184573400243409, -33.891578083949071 ], [ 151.184600539746612, -33.891535792761324 ], [ 151.184566619153742, -33.891500753837342 ], [ 151.184265168038365, -33.891568635885847 ], [ 151.184232325150447, -33.891611027570924 ], [ 151.184245271414767, -33.891644913332932 ], [ 151.184566200000035, -33.891569 ], [ 151.184586421947159, -33.891620794845849 ], [ 151.184920580001631, -33.891538810328164 ] ], [ [ 151.184737811175665, -33.899773820927614 ], [ 151.184672682717576, -33.899791531378185 ], [ 151.184549873031614, -33.899820578106535 ], [ 151.18473035625945, -33.899785399100772 ], [ 151.184737811175665, -33.899773820927614 ] ], [ [ 151.184616691676865, -33.901206141977362 ], [ 151.184518840234375, -33.90122170323238 ], [ 151.184517030775197, -33.901229713105479 ], [ 151.184616691676865, -33.901206141977362 ] ], [ [ 151.184989689339972, -33.880960586103029 ], [ 151.184993957915509, -33.880959576234467 ], [ 151.184989002960862, -33.880957416456084 ], [ 151.184989689339972, -33.880960586103029 ] ], [ [ 151.184556763699391, -33.899134299990152 ], [ 151.184555788982806, -33.899127075336843 ], [ 151.184347277725493, -33.899183847382517 ], [ 151.184556763699391, -33.899134299990152 ] ], [ [ 151.184785428697069, -33.884424518011166 ], [ 151.184867222949066, -33.884378481189728 ], [ 151.184863153807953, -33.884315829813815 ], [ 151.184779031222007, -33.884335730676604 ], [ 151.184785428697069, -33.884424518011166 ] ], [ [ 151.184535469811436, -33.899427803135623 ], [ 151.184423580609746, -33.899454266972299 ], [ 151.184428301712558, -33.899462183950931 ], [ 151.184535469811436, -33.899427803135623 ] ], [ [ 151.18452208925217, -33.899217109456785 ], [ 151.183965823147872, -33.899350594713511 ], [ 151.183967518751075, -33.899356671596699 ], [ 151.184524832963604, -33.899238399505023 ], [ 151.18452208925217, -33.899217109456785 ] ], [ [ 151.18424016573482, -33.899841770391376 ], [ 151.18451176519315, -33.899810939210525 ], [ 151.184508264908743, -33.899789889754103 ], [ 151.18424016573482, -33.899841770391376 ] ], [ [ 151.184790750000246, -33.884498369602369 ], [ 151.184808028018836, -33.884494282157839 ], [ 151.18478903317569, -33.884474542699579 ], [ 151.184790750000246, -33.884498369602369 ] ], [ [ 151.183380823296687, -33.884407870145168 ], [ 151.183330685845561, -33.884443547256666 ], [ 151.184788299590736, -33.884093558415039 ], [ 151.184716897709734, -33.884090238090288 ], [ 151.183635860481786, -33.884348868772712 ], [ 151.183562069426017, -33.88432518662524 ], [ 151.183383698508578, -33.884367381674529 ], [ 151.183380823296687, -33.884407870145168 ] ], [ [ 151.184463645079973, -33.894906674355902 ], [ 151.184386458587113, -33.894892926811558 ], [ 151.184300706898654, -33.894913209797686 ], [ 151.1844065, -33.8949041 ], [ 151.184413321376724, -33.894932116370711 ], [ 151.184463645079973, -33.894906674355902 ] ], [ [ 151.184775354291844, -33.872647053099541 ], [ 151.18493546644865, -33.87259414144031 ], [ 151.184767965936231, -33.872633773347751 ], [ 151.184775354291844, -33.872647053099541 ] ], [ [ 151.184349997132415, -33.899539576208596 ], [ 151.184227072296039, -33.899568649923438 ], [ 151.184231206003233, -33.899601745551472 ], [ 151.184356086874828, -33.899580560479464 ], [ 151.184349997132415, -33.899539576208596 ] ], [ [ 151.184338359870623, -33.89978458340201 ], [ 151.18434565174141, -33.899800372383588 ], [ 151.184351180270482, -33.899781551172893 ], [ 151.184338359870623, -33.89978458340201 ] ], [ [ 151.184266316175609, -33.897661761262789 ], [ 151.18414433371359, -33.897692487840182 ], [ 151.184270804498937, -33.897662574778288 ], [ 151.184266316175609, -33.897661761262789 ] ], [ [ 151.183604810170181, -33.89496716176474 ], [ 151.183599182875099, -33.894988751005343 ], [ 151.184326234591566, -33.894824104549294 ], [ 151.184321268313312, -33.894797035706908 ], [ 151.183604810170181, -33.89496716176474 ] ], [ [ 151.184137499221634, -33.899819422388887 ], [ 151.184100217116708, -33.89981568373161 ], [ 151.184098071345943, -33.899828747626835 ], [ 151.184137499221634, -33.899819422388887 ] ], [ [ 151.184693906044402, -33.873514641454612 ], [ 151.184599914802789, -33.873526839953243 ], [ 151.184618987659633, -33.873558427257905 ], [ 151.184693906044402, -33.873514641454612 ] ], [ [ 151.184132661459387, -33.89924814432586 ], [ 151.183947967780938, -33.899286602700954 ], [ 151.183958499858619, -33.899324348721336 ], [ 151.18413700159465, -33.899282130402888 ], [ 151.184132661459387, -33.89924814432586 ] ], [ [ 151.183620069417032, -33.895435657656819 ], [ 151.18377200784758, -33.895427749030489 ], [ 151.183789363282102, -33.895530294005447 ], [ 151.183697528585071, -33.895567617527135 ], [ 151.183786490622936, -33.895549694219682 ], [ 151.183845068151498, -33.895605949965827 ], [ 151.184053157630984, -33.895556731397178 ], [ 151.184062671911335, -33.895492780048549 ], [ 151.184172615190505, -33.895460928385504 ], [ 151.184202647960774, -33.895415383924565 ], [ 151.184198929558164, -33.895396423061804 ], [ 151.183968930525538, -33.895449754070881 ], [ 151.183938079057043, -33.89542687261244 ], [ 151.183839463308516, -33.895434605933055 ], [ 151.183790739213549, -33.895371405353849 ], [ 151.183817289033698, -33.895322989173607 ], [ 151.183767327386761, -33.895316724179601 ], [ 151.183592988943673, -33.895428742856396 ], [ 151.183041984312638, -33.895559066868849 ], [ 151.183620069417032, -33.895435657656819 ] ], [ [ 151.184162768549982, -33.89692119295826 ], [ 151.184149412633047, -33.896863389498506 ], [ 151.184059792149043, -33.896886221533187 ], [ 151.184046914017841, -33.896937781813662 ], [ 151.183382414449255, -33.897097446536904 ], [ 151.184162768549982, -33.89692119295826 ] ], [ [ 151.184503646250363, -33.875981463861137 ], [ 151.184470788101578, -33.876018934685014 ], [ 151.184588652751472, -33.875961351814752 ], [ 151.184503646250363, -33.875981463861137 ] ], [ [ 151.183424345954649, -33.898900857611395 ], [ 151.184089349426245, -33.898742206188629 ], [ 151.184088846381741, -33.89873942073109 ], [ 151.183397835897665, -33.898881728186453 ], [ 151.183424345954649, -33.898900857611395 ] ], [ [ 151.183774040256083, -33.899754976546184 ], [ 151.183900610306267, -33.899727181506606 ], [ 151.183953482815866, -33.899753224447323 ], [ 151.184049676430789, -33.89969507647605 ], [ 151.184034146088521, -33.899682792164732 ], [ 151.183774040256083, -33.899754976546184 ] ], [ [ 151.184169188339155, -33.893618938606423 ], [ 151.183855349404752, -33.893667723946514 ], [ 151.183822630246397, -33.893649204439079 ], [ 151.183835743151178, -33.893708889964266 ], [ 151.184169188339155, -33.893618938606423 ] ], [ [ 151.183326449507405, -33.894404510684723 ], [ 151.183319109771503, -33.894453936494315 ], [ 151.183234650035871, -33.894489334239658 ], [ 151.183331932821858, -33.894488003617425 ], [ 151.184147818247538, -33.894295023894415 ], [ 151.184127028237128, -33.894276747482365 ], [ 151.183938016939067, -33.894318244101285 ], [ 151.183866320015426, -33.894289046914821 ], [ 151.183326449507405, -33.894404510684723 ] ], [ [ 151.182324857905172, -33.898476400431164 ], [ 151.1824133, -33.898575 ], [ 151.182316, -33.898643 ], [ 151.181928589040524, -33.898734622678717 ], [ 151.181990202119039, -33.898795490800268 ], [ 151.1825251, -33.8986828 ], [ 151.182625569492188, -33.898781277187453 ], [ 151.18267164475435, -33.898770380189589 ], [ 151.182678065041017, -33.898723512389907 ], [ 151.183443463972878, -33.898542489127358 ], [ 151.183486467651022, -33.898573153953905 ], [ 151.183575733052407, -33.898573991268428 ], [ 151.184047350933554, -33.898462446405269 ], [ 151.183734667867924, -33.898521476596819 ], [ 151.183692773861566, -33.898482545965813 ], [ 151.183616080177529, -33.898499258266384 ], [ 151.18357660256035, -33.898476409794377 ], [ 151.183586809580618, -33.898437252289192 ], [ 151.183687362786287, -33.898409217667705 ], [ 151.183653816650974, -33.898357672535788 ], [ 151.183510479229852, -33.898388541793118 ], [ 151.183430741637665, -33.898345374382572 ], [ 151.183257747602539, -33.898373684902701 ], [ 151.183420338458831, -33.898311124027835 ], [ 151.182844632584818, -33.89844728412416 ], [ 151.182788549257396, -33.898426936002089 ], [ 151.182812950952325, -33.898380169159182 ], [ 151.183207741104553, -33.898277631637185 ], [ 151.182658402900017, -33.898390480662705 ], [ 151.18273660901616, -33.898362836816219 ], [ 151.182693733728939, -33.898322008272167 ], [ 151.182399405688301, -33.898379013689727 ], [ 151.182692904366661, -33.898294226472167 ], [ 151.182708658134175, -33.898267318556861 ], [ 151.183802949506628, -33.897995788355331 ], [ 151.183716367324422, -33.898015374701622 ], [ 151.183690964032053, -33.897988049485924 ], [ 151.183117962568758, -33.898140151796127 ], [ 151.183013940697549, -33.898160587195839 ], [ 151.182989419971108, -33.89812987683495 ], [ 151.182531236475171, -33.89823824052484 ], [ 151.182697558470608, -33.898229508664343 ], [ 151.182383179316219, -33.898339775326335 ], [ 151.182376815590032, -33.898437393251839 ], [ 151.182324857905172, -33.898476400431164 ] ], [ [ 151.183519503793292, -33.879538614330912 ], [ 151.183186548138821, -33.879627856730998 ], [ 151.183356655597294, -33.879623534186202 ], [ 151.183193188096396, -33.879672120612106 ], [ 151.183184869367437, -33.879701546103668 ], [ 151.183282821444067, -33.879684394651711 ], [ 151.183182043880038, -33.879711540576835 ], [ 151.1831537, -33.8798118 ], [ 151.182822876161964, -33.879890062362172 ], [ 151.183099700000014, -33.8798313 ], [ 151.183113592609828, -33.879849752237483 ], [ 151.183604800000012, -33.8797233 ], [ 151.183742694151221, -33.879908750121295 ], [ 151.184072209962636, -33.879830794558956 ], [ 151.184028868788687, -33.879793842893015 ], [ 151.183760061445042, -33.879847041674516 ], [ 151.183727584297259, -33.879804908029854 ], [ 151.183744087673233, -33.879773270143303 ], [ 151.183881977543024, -33.879735333267455 ], [ 151.183781401452791, -33.879736185252 ], [ 151.183770219808281, -33.87968454518149 ], [ 151.184435442374678, -33.87950880694801 ], [ 151.183753417540629, -33.879658223303295 ], [ 151.183702165197616, -33.879626638360314 ], [ 151.183350682618169, -33.879708898012652 ], [ 151.183305162622844, -33.879670338104091 ], [ 151.183471378577565, -33.879624975293304 ], [ 151.183536041493909, -33.879572670085892 ], [ 151.183519503793292, -33.879538614330912 ] ], [ [ 151.18377372849676, -33.899711902375877 ], [ 151.183938333506347, -33.899677475047092 ], [ 151.18394066697121, -33.899672419428754 ], [ 151.18377372849676, -33.899711902375877 ] ], [ [ 151.183522428357037, -33.894819932093462 ], [ 151.18353875224912, -33.894849860431023 ], [ 151.184028352289801, -33.894734056769842 ], [ 151.183843504355622, -33.894743744784989 ], [ 151.183522428357037, -33.894819932093462 ] ], [ [ 151.184019268472923, -33.893810577700499 ], [ 151.18401013887717, -33.893737147446728 ], [ 151.183837408997618, -33.893763509083165 ], [ 151.1836934908616, -33.893887634118215 ], [ 151.184019268472923, -33.893810577700499 ] ], [ [ 151.183959011184896, -33.895645666044345 ], [ 151.183649848490347, -33.89571805889954 ], [ 151.183649295508616, -33.89572036508708 ], [ 151.183959011184896, -33.895645666044345 ] ], [ [ 151.18442942945515, -33.873385728655542 ], [ 151.184244053714906, -33.873429588669097 ], [ 151.184228423153201, -33.873438863279283 ], [ 151.184410650423501, -33.873395748228788 ], [ 151.18442942945515, -33.873385728655542 ] ], [ [ 151.183859179352623, -33.87531723278147 ], [ 151.184028335193062, -33.875272152514832 ], [ 151.184289011802974, -33.875210478211827 ], [ 151.183915074440534, -33.875263391625246 ], [ 151.183859179352623, -33.87531723278147 ] ], [ [ 151.18426543827357, -33.873890461125043 ], [ 151.184187553080534, -33.873924793313378 ], [ 151.184185213003445, -33.873944409547164 ], [ 151.18430848938101, -33.873915242584772 ], [ 151.18426543827357, -33.873890461125043 ] ], [ [ 151.184121394836723, -33.873512908676929 ], [ 151.18429949920386, -33.873463426180038 ], [ 151.18410640452737, -33.873495532923506 ], [ 151.184121394836723, -33.873512908676929 ] ], [ [ 151.183023500142184, -33.894444704757142 ], [ 151.183268141489179, -33.894370928369476 ], [ 151.183844543572121, -33.894227642950995 ], [ 151.183022777338977, -33.894420563132968 ], [ 151.183023500142184, -33.894444704757142 ] ], [ [ 151.183322759591931, -33.894814401283895 ], [ 151.183379993471675, -33.894824194837902 ], [ 151.183824955953725, -33.894703567448708 ], [ 151.183781326091861, -33.89456823082913 ], [ 151.183435332355231, -33.894650067383743 ], [ 151.18347232077997, -33.894744102366403 ], [ 151.183444921827856, -33.894777022024492 ], [ 151.18247916594018, -33.895013927150131 ], [ 151.183322759591931, -33.894814401283895 ] ], [ [ 151.184256340780308, -33.873546238464279 ], [ 151.184257392999513, -33.873545989509765 ], [ 151.184257139696712, -33.873543172387251 ], [ 151.184256340780308, -33.873546238464279 ] ], [ [ 151.184023598233267, -33.878268936612699 ], [ 151.183846479586776, -33.878283865109921 ], [ 151.183834739030431, -33.878229643293146 ], [ 151.183982494284322, -33.878161253303446 ], [ 151.183832177145604, -33.878194432877805 ], [ 151.183690190558934, -33.878305183007363 ], [ 151.183431341568593, -33.878366420977478 ], [ 151.183460649967316, -33.878387427306002 ], [ 151.183450445711685, -33.878426584998429 ], [ 151.183197089359595, -33.878541142983053 ], [ 151.184133312095241, -33.878319652730205 ], [ 151.184023598233267, -33.878268936612699 ] ], [ [ 151.183652708420283, -33.899585021877023 ], [ 151.183660997238036, -33.899583397810311 ], [ 151.183643849280941, -33.899583416127356 ], [ 151.183652708420283, -33.899585021877023 ] ], [ [ 151.183569611533045, -33.877815337287338 ], [ 151.183570633766493, -33.877904459996117 ], [ 151.183793120958939, -33.877851823863068 ], [ 151.183838027067281, -33.877762404677945 ], [ 151.184116865048679, -33.877696436190327 ], [ 151.183569611533045, -33.877815337287338 ] ], [ [ 151.184128798924576, -33.875015852764903 ], [ 151.183885947440274, -33.875073309596182 ], [ 151.184131069166256, -33.875018609514363 ], [ 151.184128798924576, -33.875015852764903 ] ], [ [ 151.184096655613871, -33.874976827231549 ], [ 151.184094291564975, -33.87497395719469 ], [ 151.184081505890134, -33.874980411556116 ], [ 151.184096655613871, -33.874976827231549 ] ], [ [ 151.18342432531864, -33.877524794760745 ], [ 151.183612399999987, -33.8774803 ], [ 151.183635325681593, -33.877508449815664 ], [ 151.183990160723852, -33.877411815738448 ], [ 151.183940317395553, -33.877347074184755 ], [ 151.184046917853948, -33.877290474631913 ], [ 151.18341779893106, -33.877429452271187 ], [ 151.183472, -33.8774993 ], [ 151.18342432531864, -33.877524794760745 ] ], [ [ 151.184074825281158, -33.874825727252876 ], [ 151.184078375870712, -33.874807087076746 ], [ 151.183998593847349, -33.874843763106689 ], [ 151.184074825281158, -33.874825727252876 ] ], [ [ 151.183860291643413, -33.874754683087978 ], [ 151.1840177784172, -33.874697365194081 ], [ 151.184002662815857, -33.874678781735497 ], [ 151.183860291643413, -33.874754683087978 ] ], [ [ 151.183320559435259, -33.898649697160614 ], [ 151.183476066480978, -33.898623254323994 ], [ 151.183486778580544, -33.898610384437788 ], [ 151.183320559435259, -33.898649697160614 ] ], [ [ 151.183576507291093, -33.891291758451288 ], [ 151.183634792440841, -33.891277971870075 ], [ 151.183575774654429, -33.891288375246155 ], [ 151.183576507291093, -33.891291758451288 ] ], [ [ 151.182651371715281, -33.89886640825285 ], [ 151.1827013, -33.8988546 ], [ 151.182798320569759, -33.8989006155197 ], [ 151.183363668598759, -33.898765853090119 ], [ 151.183110762492902, -33.898812411903869 ], [ 151.183089524286089, -33.898794063893561 ], [ 151.183475217076108, -33.898682446150154 ], [ 151.18286330813001, -33.898826516444963 ], [ 151.182822219666633, -33.898819068682691 ], [ 151.182816196567728, -33.898782822859559 ], [ 151.182656379549144, -33.898820620382189 ], [ 151.182681500000029, -33.8988451 ], [ 151.182651371715281, -33.89886640825285 ] ], [ [ 151.183448946721853, -33.899388859732568 ], [ 151.183349601903672, -33.899409145294257 ], [ 151.183276658576091, -33.899378336123846 ], [ 151.183060504971024, -33.899429457932236 ], [ 151.183031525723379, -33.899515038524449 ], [ 151.183455807475468, -33.899415465094471 ], [ 151.183448946721853, -33.899388859732568 ] ], [ [ 151.183817464034064, -33.881400453428547 ], [ 151.183784788501384, -33.881412795316514 ], [ 151.183821139340751, -33.881404195790054 ], [ 151.183817464034064, -33.881400453428547 ] ], [ [ 151.183349363581783, -33.897978630969533 ], [ 151.183458750803624, -33.897966837956211 ], [ 151.183455850468278, -33.897953445380679 ], [ 151.183349363581783, -33.897978630969533 ] ], [ [ 151.182712507155998, -33.895959864822899 ], [ 151.183166171828447, -33.895844037554347 ], [ 151.183161106654637, -33.895809677982939 ], [ 151.183455412511734, -33.895738844577309 ], [ 151.18268884911447, -33.895904203788987 ], [ 151.182712507155998, -33.895959864822899 ] ], [ [ 151.183607959304055, -33.884437684934412 ], [ 151.183599223468377, -33.884426652869294 ], [ 151.183577392230859, -33.884444915839765 ], [ 151.183607959304055, -33.884437684934412 ] ], [ [ 151.183680561825184, -33.872755560424459 ], [ 151.183817571842837, -33.872713999064658 ], [ 151.183676640823677, -33.872747343007418 ], [ 151.183680561825184, -33.872755560424459 ] ], [ [ 151.183204318371111, -33.895836761629702 ], [ 151.183206080077809, -33.895837464935774 ], [ 151.18332458140668, -33.895808317112824 ], [ 151.183204318371111, -33.895836761629702 ] ], [ [ 151.183486878745356, -33.886037745681371 ], [ 151.18342410358099, -33.886052595290124 ], [ 151.18349371713353, -33.886124031677014 ], [ 151.183486878745356, -33.886037745681371 ] ], [ [ 151.183278781257656, -33.885903467196549 ], [ 151.183342322392321, -33.885968672459569 ], [ 151.183479086215698, -33.88593942028772 ], [ 151.183479097637473, -33.885856407855847 ], [ 151.183278781257656, -33.885903467196549 ] ], [ [ 151.183650735769703, -33.875817376521468 ], [ 151.183660632482287, -33.875811358777973 ], [ 151.183648106010281, -33.875814322377138 ], [ 151.183650735769703, -33.875817376521468 ] ], [ [ 151.183713850916234, -33.873165387530982 ], [ 151.183670770861738, -33.873172552861504 ], [ 151.183671402044183, -33.873175430752553 ], [ 151.183713850916234, -33.873165387530982 ] ], [ [ 151.1812457, -33.8851963 ], [ 151.180159408244691, -33.885453241073549 ], [ 151.179875815372355, -33.885573076497671 ], [ 151.181409310870748, -33.885245864614014 ], [ 151.181419399155345, -33.885209940328487 ], [ 151.182122764543379, -33.885021277841084 ], [ 151.182084868220187, -33.884978940575095 ], [ 151.182324477557898, -33.884886830055251 ], [ 151.183109699999989, -33.8847097 ], [ 151.183276299999989, -33.88516280000001 ], [ 151.1831266, -33.8851994 ], [ 151.18313756274398, -33.885229852072555 ], [ 151.183413632595006, -33.885169175804023 ], [ 151.18307089719741, -33.884615128115072 ], [ 151.182589707568667, -33.884717664910681 ], [ 151.182556976706991, -33.884783027901328 ], [ 151.18219990862255, -33.884867491198385 ], [ 151.182197601039093, -33.884899877914791 ], [ 151.18187705319832, -33.884992082734293 ], [ 151.181869051383785, -33.885020911242144 ], [ 151.181231027528099, -33.885148605759063 ], [ 151.1812457, -33.8851963 ] ], [ [ 151.1829344, -33.8989994 ], [ 151.18311379272447, -33.898974306317029 ], [ 151.183115841171428, -33.898948422532413 ], [ 151.182973041630106, -33.898980947171779 ], [ 151.182850003983106, -33.898935022040497 ], [ 151.1829344, -33.8989994 ] ], [ [ 151.183585468071357, -33.876684450424122 ], [ 151.183515531593372, -33.876680293373241 ], [ 151.183281255646989, -33.876830928658627 ], [ 151.183583328370162, -33.876738957623239 ], [ 151.183562580574289, -33.876712920949572 ], [ 151.183585468071357, -33.876684450424122 ] ], [ [ 151.183378778308423, -33.88312470315676 ], [ 151.183447687777004, -33.883121312489031 ], [ 151.183442169104495, -33.883103381152473 ], [ 151.183378778308423, -33.88312470315676 ] ], [ [ 151.183079642417198, -33.899729976887201 ], [ 151.183091243686789, -33.899714111666242 ], [ 151.183016832212161, -33.899744831797342 ], [ 151.183079642417198, -33.899729976887201 ] ], [ [ 151.183506769538781, -33.872482820810269 ], [ 151.183593159649604, -33.872462381194083 ], [ 151.183558065509118, -33.872425067775865 ], [ 151.183506769538781, -33.872482820810269 ] ], [ [ 151.182928556210754, -33.895781149765867 ], [ 151.183087312837273, -33.895737890780197 ], [ 151.182771687144395, -33.895818251752956 ], [ 151.182928556210754, -33.895781149765867 ] ], [ [ 151.18288881782874, -33.89204490822565 ], [ 151.183133711006064, -33.891989932599863 ], [ 151.18316033039244, -33.891982722335179 ], [ 151.18288881782874, -33.89204490822565 ] ], [ [ 151.183209892554117, -33.87779284413768 ], [ 151.183334720165362, -33.877767514324781 ], [ 151.18322802269924, -33.877814153388748 ], [ 151.183429070043417, -33.877766590072476 ], [ 151.183383103328964, -33.877707312971083 ], [ 151.183178337535793, -33.877755755942218 ], [ 151.183209892554117, -33.87779284413768 ] ], [ [ 151.182885495122349, -33.895729189135224 ], [ 151.183040121062533, -33.895690090912026 ], [ 151.182882441455035, -33.89572522812351 ], [ 151.182885495122349, -33.895729189135224 ] ], [ [ 151.183322404864356, -33.88088439966689 ], [ 151.183335357719187, -33.880884619289191 ], [ 151.183346341570484, -33.880878737012686 ], [ 151.183322404864356, -33.88088439966689 ] ], [ [ 151.183040447342307, -33.89472914000315 ], [ 151.182926527547778, -33.894703305934421 ], [ 151.182651203391345, -33.894786533387176 ], [ 151.182671428559274, -33.894816419951987 ], [ 151.183040447342307, -33.89472914000315 ] ], [ [ 151.183477467167307, -33.873247958440508 ], [ 151.183453255490946, -33.873253686765054 ], [ 151.183356327813414, -33.873296590883591 ], [ 151.183465453247265, -33.873274408005145 ], [ 151.183477467167307, -33.873247958440508 ] ], [ [ 151.183223519261702, -33.873006399858603 ], [ 151.183195696173101, -33.872969262192811 ], [ 151.183454531545863, -33.872839333614444 ], [ 151.183031746322854, -33.872974832735657 ], [ 151.183057495520927, -33.873045679638331 ], [ 151.183223519261702, -33.873006399858603 ] ], [ [ 151.18313254302052, -33.880231216799082 ], [ 151.183046, -33.8803004 ], [ 151.182833462633567, -33.880350679143433 ], [ 151.183148645810491, -33.88028661528385 ], [ 151.183294833075024, -33.880194655638647 ], [ 151.18313254302052, -33.880231216799082 ] ], [ [ 151.18326007720546, -33.877281911587659 ], [ 151.183244733325807, -33.877303415848537 ], [ 151.183270826176454, -33.877297242837344 ], [ 151.18326007720546, -33.877281911587659 ] ], [ [ 151.182743951548105, -33.901206829576267 ], [ 151.182464202169257, -33.901288807060112 ], [ 151.182474597769016, -33.901315894702634 ], [ 151.1825824, -33.901290399999986 ], [ 151.18271218407881, -33.90132083567714 ], [ 151.182743951548105, -33.901206829576267 ] ], [ [ 151.183236930712667, -33.876855201281003 ], [ 151.183245882553138, -33.876850303131619 ], [ 151.183235076025113, -33.876852859739266 ], [ 151.183236930712667, -33.876855201281003 ] ], [ [ 151.183231452715972, -33.876344550274531 ], [ 151.183253909178887, -33.876339237488857 ], [ 151.183231598519598, -33.876343990759061 ], [ 151.183231452715972, -33.876344550274531 ] ], [ [ 151.182691396526906, -33.898115173369824 ], [ 151.18275700464099, -33.898078134410227 ], [ 151.18264764213373, -33.898103999406231 ], [ 151.182691396526906, -33.898115173369824 ] ], [ [ 151.182468186674612, -33.872847577887249 ], [ 151.1829305, -33.8727382 ], [ 151.182991613566628, -33.872781691809529 ], [ 151.183076246086046, -33.872761668498114 ], [ 151.183029698147749, -33.872700661303149 ], [ 151.183271608777744, -33.872569534475467 ], [ 151.182389759336246, -33.872780892284517 ], [ 151.182468186674612, -33.872847577887249 ] ], [ [ 151.182857629617843, -33.891608696034609 ], [ 151.182771640900228, -33.891623985958375 ], [ 151.182719744527247, -33.891583632899682 ], [ 151.182649248859491, -33.891599415308377 ], [ 151.18262355114868, -33.891580395330301 ], [ 151.182492357735185, -33.891612652041239 ], [ 151.182612498726087, -33.891666676354021 ], [ 151.182857629617843, -33.891608696034609 ] ], [ [ 151.182927893808142, -33.879912538391679 ], [ 151.182955436408008, -33.879934835777306 ], [ 151.183070462787157, -33.879896118480957 ], [ 151.183089098500147, -33.8798728816204 ], [ 151.182927893808142, -33.879912538391679 ] ], [ [ 151.179459924568164, -33.879473765820926 ], [ 151.180383837644342, -33.879263419561475 ], [ 151.180394811018829, -33.879286672048728 ], [ 151.180216946123522, -33.879330339960866 ], [ 151.180215768335728, -33.879354950284117 ], [ 151.179981280897465, -33.879412402161634 ], [ 151.180551900765835, -33.879301520485193 ], [ 151.180627507901534, -33.879323142859903 ], [ 151.179884068770235, -33.879504490537265 ], [ 151.180620923276422, -33.879330190937786 ], [ 151.18069680966849, -33.879372024357302 ], [ 151.180597105294254, -33.879401106858055 ], [ 151.180564290022517, -33.879470488357029 ], [ 151.180441651202443, -33.879531510425863 ], [ 151.180199548574222, -33.879588778740754 ], [ 151.180211949507509, -33.879622843423803 ], [ 151.180370174488019, -33.879586129474973 ], [ 151.180384805699788, -33.879617132792838 ], [ 151.180098984108668, -33.879699517316553 ], [ 151.180396704041925, -33.879629985028075 ], [ 151.180421005478706, -33.879661514372799 ], [ 151.180331315924889, -33.879691190359488 ], [ 151.180329632498712, -33.879723878086068 ], [ 151.180477480650325, -33.879690332042571 ], [ 151.18051781318195, -33.879717173162774 ], [ 151.181029801283728, -33.879570263186565 ], [ 151.181014833253101, -33.879546448709931 ], [ 151.180730685628077, -33.879612415468628 ], [ 151.180693527690551, -33.879580305937715 ], [ 151.180774820578449, -33.879519885633236 ], [ 151.180895404050432, -33.879491361576328 ], [ 151.180907812705357, -33.879448646074394 ], [ 151.181400852838635, -33.879305181996315 ], [ 151.181252588696253, -33.879336681608301 ], [ 151.181220738958103, -33.87930915928554 ], [ 151.181269940235495, -33.87924217511641 ], [ 151.181419773545827, -33.879206731195907 ], [ 151.181413730582818, -33.879172193989781 ], [ 151.182416199871767, -33.878940468273917 ], [ 151.18266460000001, -33.87890070000001 ], [ 151.182683146156279, -33.878924542630799 ], [ 151.182945345230991, -33.878862514291569 ], [ 151.182879394619363, -33.878795657986423 ], [ 151.182871942456444, -33.878713337429417 ], [ 151.182599264860272, -33.878777844610056 ], [ 151.182597692065428, -33.878783879760348 ], [ 151.182836353467934, -33.878745719310068 ], [ 151.182499514836138, -33.878822618785776 ], [ 151.18275998294277, -33.878775513425218 ], [ 151.182502370153969, -33.878850204075825 ], [ 151.182489393151997, -33.878877838454791 ], [ 151.182617932025494, -33.878847965405292 ], [ 151.182623584333896, -33.878874071283953 ], [ 151.181870888312773, -33.879046212897293 ], [ 151.18166185632893, -33.879086679375796 ], [ 151.181587923562233, -33.879024231581759 ], [ 151.181176892180758, -33.879119680187642 ], [ 151.181123809466243, -33.879073809617026 ], [ 151.181158052602456, -33.879032660419583 ], [ 151.181393636016054, -33.878976931801624 ], [ 151.181407650649163, -33.878944582665483 ], [ 151.181505846704994, -33.878916569732617 ], [ 151.181523050790076, -33.878850669229756 ], [ 151.182343952309736, -33.878656474831878 ], [ 151.182368931384019, -33.878590860039175 ], [ 151.182857655995406, -33.87847524293236 ], [ 151.182846722657786, -33.878408316652823 ], [ 151.182761865475726, -33.878420075737097 ], [ 151.182749087315329, -33.878361058425277 ], [ 151.183098904175949, -33.878256222538006 ], [ 151.183073877415268, -33.87823730234016 ], [ 151.182478265056915, -33.878378207059171 ], [ 151.182396052540497, -33.878365613277197 ], [ 151.182070291904893, -33.878442677202933 ], [ 151.182070922463254, -33.878477730782841 ], [ 151.18198056229005, -33.878524445531674 ], [ 151.181411820360211, -33.878650671939809 ], [ 151.181399043109536, -33.878591654519411 ], [ 151.181547387851282, -33.878552309886011 ], [ 151.181497478386319, -33.878527933391922 ], [ 151.181506407897416, -33.878493670579296 ], [ 151.18187593696635, -33.878395245861704 ], [ 151.181472108579158, -33.878481223224817 ], [ 151.181266376997854, -33.878573849560617 ], [ 151.181273418080451, -33.878629546247147 ], [ 151.181074683986907, -33.878715048880807 ], [ 151.180687532325635, -33.878807508222764 ], [ 151.180978298500577, -33.878748327763049 ], [ 151.180919766281619, -33.87882951603973 ], [ 151.180470018616973, -33.878937047854869 ], [ 151.180680281940596, -33.878901873385246 ], [ 151.180709882957046, -33.87891901024738 ], [ 151.180691585376707, -33.878954085281201 ], [ 151.180208419324202, -33.879074672540504 ], [ 151.180216237497234, -33.879128961692437 ], [ 151.180138060284548, -33.879152863782764 ], [ 151.180234933749546, -33.879140407571931 ], [ 151.180235074880443, -33.879180054228762 ], [ 151.180467686534399, -33.879137318129253 ], [ 151.180477269033986, -33.879181581249576 ], [ 151.180380972715881, -33.879207549188244 ], [ 151.180457131207049, -33.879192453431671 ], [ 151.180462782870052, -33.879218559387226 ], [ 151.179459924568164, -33.879473765820926 ] ], [ [ 151.183031517820041, -33.87649403459195 ], [ 151.182929575381792, -33.876528848855337 ], [ 151.183038560372779, -33.876503065321181 ], [ 151.183031517820041, -33.87649403459195 ] ], [ [ 151.182856050883373, -33.876564895217378 ], [ 151.182966684836003, -33.876548058910473 ], [ 151.18297836898833, -33.87653595743695 ], [ 151.182856050883373, -33.876564895217378 ] ], [ [ 151.182968320582773, -33.876570047854742 ], [ 151.182977026116191, -33.8765679883128 ], [ 151.182963754235203, -33.876567404325165 ], [ 151.182968320582773, -33.876570047854742 ] ], [ [ 151.181283670224531, -33.896227212370107 ], [ 151.181654314953846, -33.896119008801804 ], [ 151.181652812212491, -33.896033147992782 ], [ 151.181688535663, -33.896004394510861 ], [ 151.182569342824053, -33.895772991515258 ], [ 151.182532564805513, -33.895736993389349 ], [ 151.182013036806296, -33.89585031087708 ], [ 151.181970975723885, -33.895835049544324 ], [ 151.181989276722732, -33.895799974513032 ], [ 151.182465926081449, -33.895669076333533 ], [ 151.182096502854705, -33.895756448961983 ], [ 151.182082544472223, -33.895724187266744 ], [ 151.18179604768261, -33.895791054219487 ], [ 151.181771412849372, -33.89576078554181 ], [ 151.181617707429183, -33.895784067888599 ], [ 151.18167840000001, -33.8958235 ], [ 151.181624699999986, -33.8958837 ], [ 151.181486993787473, -33.895946968284996 ], [ 151.181450399999989, -33.8960106 ], [ 151.1813149, -33.8960985 ], [ 151.181036265310951, -33.896227089472355 ], [ 151.181259899999986, -33.8961742 ], [ 151.181283670224531, -33.896227212370107 ] ], [ [ 151.182580303346072, -33.895125182697342 ], [ 151.182523776612641, -33.895119901172073 ], [ 151.18232177627371, -33.895186328021893 ], [ 151.182580303346072, -33.895125182697342 ] ], [ [ 151.182564319916537, -33.894119070354513 ], [ 151.182574177945128, -33.894127834359388 ], [ 151.182590735150342, -33.894112822658968 ], [ 151.182564319916537, -33.894119070354513 ] ], [ [ 151.18291450000001, -33.8734618 ], [ 151.183021922264089, -33.873496530528087 ], [ 151.182978087810568, -33.873443405151285 ], [ 151.182826379854191, -33.87347929741113 ], [ 151.18291450000001, -33.8734618 ] ], [ [ 151.182520689340379, -33.895336441625908 ], [ 151.182553265747714, -33.895300691407655 ], [ 151.182492788768997, -33.895314478744687 ], [ 151.182520689340379, -33.895336441625908 ] ], [ [ 151.182049613632643, -33.893728427276208 ], [ 151.182048906564091, -33.893761740606259 ], [ 151.181695270124493, -33.893853521089262 ], [ 151.182304638126766, -33.893718261230568 ], [ 151.182510209336016, -33.893656182251725 ], [ 151.182547008839009, -33.893607982808142 ], [ 151.182049613632643, -33.893728427276208 ] ], [ [ 151.182491460086936, -33.891496306149307 ], [ 151.18256504982827, -33.891478900213109 ], [ 151.182485476053444, -33.891495221379088 ], [ 151.182491460086936, -33.891496306149307 ] ], [ [ 151.182429575462265, -33.874161320202226 ], [ 151.1827096087531, -33.874025805594734 ], [ 151.182685276829574, -33.873996521363814 ], [ 151.182912477105617, -33.873867368906986 ], [ 151.182766546939348, -33.873901893933187 ], [ 151.1827879, -33.8739283 ], [ 151.182659, -33.874 ], [ 151.18227813491464, -33.874090105890183 ], [ 151.182553751962473, -33.874033366065504 ], [ 151.182585600263934, -33.874060888015563 ], [ 151.182263310122295, -33.874156965334194 ], [ 151.182146648451152, -33.874222822774279 ], [ 151.182429575462265, -33.874161320202226 ] ], [ [ 151.182383162461463, -33.898166497205864 ], [ 151.182383152146969, -33.898166536773523 ], [ 151.182383594572883, -33.898166432138062 ], [ 151.182383162461463, -33.898166497205864 ] ], [ [ 151.182543722875579, -33.885642721218559 ], [ 151.182164407491143, -33.885715157375984 ], [ 151.182176311397967, -33.885763573734863 ], [ 151.182593049985485, -33.885664996741276 ], [ 151.182543722875579, -33.885642721218559 ] ], [ [ 151.182769234331545, -33.876661079138273 ], [ 151.182356431954815, -33.8767525356335 ], [ 151.182353053048246, -33.876781288216982 ], [ 151.182746184447154, -33.876696828321982 ], [ 151.182527211622471, -33.876727824216957 ], [ 151.182769234331545, -33.876661079138273 ] ], [ [ 151.182279170098383, -33.895140450068723 ], [ 151.18231752015862, -33.895128096769646 ], [ 151.182275434677109, -33.895138050529759 ], [ 151.182279170098383, -33.895140450068723 ] ], [ [ 151.182222379085545, -33.89510396894989 ], [ 151.182302512717143, -33.89506828860118 ], [ 151.182203346259826, -33.89509174272856 ], [ 151.182222379085545, -33.89510396894989 ] ], [ [ 151.182469894507705, -33.883703417110624 ], [ 151.18238229038738, -33.883709708338614 ], [ 151.182376530030496, -33.883729391186698 ], [ 151.182469894507705, -33.883703417110624 ] ], [ [ 151.182504574196201, -33.880605211932789 ], [ 151.182509649023501, -33.880612170833651 ], [ 151.182526519111263, -33.880600020610245 ], [ 151.182504574196201, -33.880605211932789 ] ], [ [ 151.182600063484188, -33.874284456795948 ], [ 151.182269134816323, -33.874353801241995 ], [ 151.181995732015224, -33.874431976401375 ], [ 151.18245843295955, -33.874327002151624 ], [ 151.182600063484188, -33.874284456795948 ] ], [ [ 151.182502127260648, -33.877659099443179 ], [ 151.182471273022742, -33.877678915151449 ], [ 151.182513075977255, -33.877669025796145 ], [ 151.182502127260648, -33.877659099443179 ] ], [ [ 151.182124882795875, -33.892740974250408 ], [ 151.18212129846853, -33.892745884263903 ], [ 151.18212636346334, -33.892744686296005 ], [ 151.182124882795875, -33.892740974250408 ] ], [ [ 151.182335891916949, -33.876332314366529 ], [ 151.182375190613641, -33.876338233842567 ], [ 151.182420657604979, -33.876312261002873 ], [ 151.182335891916949, -33.876332314366529 ] ], [ [ 151.182381612034987, -33.877946051100736 ], [ 151.182205574944589, -33.877971407757606 ], [ 151.182196976818119, -33.878025444496771 ], [ 151.18200128522335, -33.878080030493486 ], [ 151.182058906605107, -33.878077298644065 ], [ 151.182015994254328, -33.8780907551157 ], [ 151.181999555726833, -33.878138043664464 ], [ 151.181540425782259, -33.878246656695083 ], [ 151.181483262367095, -33.878236969148361 ], [ 151.181406843914999, -33.878290346644192 ], [ 151.1815643187131, -33.878260728345076 ], [ 151.18137472757661, -33.878301016054316 ], [ 151.181348380432951, -33.878323423997635 ], [ 151.181521871368801, -33.878288404194556 ], [ 151.181291438979628, -33.878352538232463 ], [ 151.181677472474973, -33.878261574914241 ], [ 151.181638020772937, -33.878314157350431 ], [ 151.181320064220984, -33.87839434029695 ], [ 151.181794100734066, -33.878307586137474 ], [ 151.181751281264326, -33.878250130401689 ], [ 151.181799220748218, -33.87819252124163 ], [ 151.182365017159924, -33.878058673230164 ], [ 151.182306687743278, -33.877990027588055 ], [ 151.182381612034987, -33.877946051100736 ] ], [ [ 151.182430147246038, -33.874860654016011 ], [ 151.182329259520571, -33.874883683721379 ], [ 151.182329097802295, -33.874884560165718 ], [ 151.182430147246038, -33.874860654016011 ] ], [ [ 151.18228542396659, -33.880353144479365 ], [ 151.182240906431673, -33.880372831815201 ], [ 151.182291592636943, -33.880360841481732 ], [ 151.18228542396659, -33.880353144479365 ] ], [ [ 151.182438392926713, -33.873210178455501 ], [ 151.182258973046402, -33.873252626281172 ], [ 151.182238474135318, -33.873255714117832 ], [ 151.182241368180769, -33.873259023368647 ], [ 151.182438392926713, -33.873210178455501 ] ], [ [ 151.182308063255959, -33.877774323363582 ], [ 151.182290806714178, -33.877784073514775 ], [ 151.182311449008154, -33.877776695614678 ], [ 151.182308063255959, -33.877774323363582 ] ], [ [ 151.182130127328691, -33.885047368816238 ], [ 151.181899674183882, -33.885101880840345 ], [ 151.181994036947685, -33.885092534239362 ], [ 151.181911975066896, -33.885132824344751 ], [ 151.182139707677294, -33.885081317989417 ], [ 151.182130127328691, -33.885047368816238 ] ], [ [ 151.181802014418622, -33.898716337999289 ], [ 151.181749973874304, -33.898770143854776 ], [ 151.181835954465669, -33.898749809716008 ], [ 151.181802014418622, -33.898716337999289 ] ], [ [ 151.182258143229092, -33.877801126689604 ], [ 151.182273046324752, -33.877797888748802 ], [ 151.182273958669242, -33.877797385257196 ], [ 151.182258143229092, -33.877801126689604 ] ], [ [ 151.182205231468089, -33.880869903373117 ], [ 151.181689345733645, -33.880995268138236 ], [ 151.182006332556227, -33.880928406077608 ], [ 151.182205231468089, -33.880869903373117 ] ], [ [ 151.182175509287674, -33.880838759262296 ], [ 151.182137515102653, -33.880847747075535 ], [ 151.182176676465645, -33.880840273513869 ], [ 151.182175509287674, -33.880838759262296 ] ], [ [ 151.182169261786981, -33.877966718803442 ], [ 151.182025656921041, -33.878000690870607 ], [ 151.182236003773767, -33.877954883264849 ], [ 151.182169261786981, -33.877966718803442 ] ], [ [ 151.181803988247225, -33.895014055761138 ], [ 151.181681200000014, -33.8950892 ], [ 151.181583857096825, -33.895112222297215 ], [ 151.181589861857049, -33.895126400615467 ], [ 151.181870616970684, -33.895059999762907 ], [ 151.181803988247225, -33.895014055761138 ] ], [ [ 151.181666581980409, -33.893446567506729 ], [ 151.181693801218671, -33.893507488865929 ], [ 151.181780295454843, -33.893487031831604 ], [ 151.181872067362121, -33.893397967380153 ], [ 151.181666581980409, -33.893446567506729 ] ], [ [ 151.182180118963032, -33.877933789970399 ], [ 151.182144377231197, -33.877941242580263 ], [ 151.182141031035513, -33.877943036882876 ], [ 151.182180118963032, -33.877933789970399 ] ], [ [ 151.18173146598221, -33.898975372852448 ], [ 151.181701445906725, -33.898964056773671 ], [ 151.181687544872887, -33.898985759993032 ], [ 151.18173146598221, -33.898975372852448 ] ], [ [ 151.181171924791471, -33.898853813742335 ], [ 151.181197482630154, -33.89876191076209 ], [ 151.181034450335034, -33.898797969468973 ], [ 151.180978312182305, -33.898774776843943 ], [ 151.180547574118407, -33.898876641053228 ], [ 151.180536313274246, -33.898911047047505 ], [ 151.180422558730243, -33.898943652488413 ], [ 151.180056384356106, -33.899019344880003 ], [ 151.180054624383985, -33.898952155533593 ], [ 151.180961771436728, -33.898741384833357 ], [ 151.180976108226901, -33.898698013902752 ], [ 151.180509007850759, -33.898799454463294 ], [ 151.180501470934701, -33.898764646573262 ], [ 151.180920154930163, -33.89866563304443 ], [ 151.180490849684219, -33.89875052531864 ], [ 151.179609149906952, -33.898533221925327 ], [ 151.179745529378124, -33.898151876588493 ], [ 151.179553825718386, -33.898197210654338 ], [ 151.179126894363378, -33.898193446746951 ], [ 151.179149700000011, -33.8981998 ], [ 151.1790446, -33.8984365 ], [ 151.17872356423166, -33.898518661710582 ], [ 151.178750382485077, -33.898571402499385 ], [ 151.178879383843963, -33.898597792684541 ], [ 151.179180221264943, -33.898531849892748 ], [ 151.179172804510216, -33.898585009761113 ], [ 151.178989200934211, -33.898628427148502 ], [ 151.179125830367894, -33.898674323607914 ], [ 151.179513742720616, -33.898583126870669 ], [ 151.179646515144441, -33.898601145791673 ], [ 151.179625162115087, -33.898642066177437 ], [ 151.179199825185577, -33.898761548681705 ], [ 151.179579537333638, -33.898672469319109 ], [ 151.179645464293884, -33.898704119675152 ], [ 151.179806639549753, -33.898666718528027 ], [ 151.179826032312576, -33.898692004946724 ], [ 151.179904659345425, -33.898674659676161 ], [ 151.179939201430926, -33.89869465309399 ], [ 151.179917848513639, -33.898735573533756 ], [ 151.179458604618645, -33.898844174739864 ], [ 151.179417516496756, -33.898836725850771 ], [ 151.179415358935699, -33.898795837861684 ], [ 151.179206382088921, -33.898825052518951 ], [ 151.179167978136121, -33.898996454965413 ], [ 151.179249728150978, -33.898996740663591 ], [ 151.1792582662288, -33.899036174902449 ], [ 151.179223169512028, -33.899058010713091 ], [ 151.179258072607894, -33.899093335321027 ], [ 151.179136020821204, -33.899148636013933 ], [ 151.179214343884922, -33.899141376465622 ], [ 151.179122249527865, -33.89919358287267 ], [ 151.179197011980392, -33.899182140264195 ], [ 151.17921381231227, -33.899217733795098 ], [ 151.179108493636619, -33.899252881875533 ], [ 151.17917910360967, -33.899237076349067 ], [ 151.179205650413905, -33.899260012173194 ], [ 151.179095888859308, -33.899307218565767 ], [ 151.179192519974748, -33.8992966288994 ], [ 151.179196518722677, -33.899369077072102 ], [ 151.179165691341154, -33.899406110474523 ], [ 151.179067565559109, -33.899429314400408 ], [ 151.179058868102828, -33.899466807239619 ], [ 151.179227273601185, -33.899428054268029 ], [ 151.179306330049087, -33.899440605107337 ], [ 151.17931537951236, -33.899466917934056 ], [ 151.179460967638789, -33.899442961130681 ], [ 151.179503359637039, -33.899479977161072 ], [ 151.179604699900722, -33.899457439544605 ], [ 151.179646934829464, -33.899493027082876 ], [ 151.179991368015237, -33.899418338329042 ], [ 151.180224601539038, -33.899428650930254 ], [ 151.180500486754653, -33.899345352668398 ], [ 151.180211351820816, -33.899413014537807 ], [ 151.180203814984395, -33.899378206635099 ], [ 151.180693828039693, -33.899248683523112 ], [ 151.179992615398305, -33.899396444745435 ], [ 151.180336413475146, -33.899305228588787 ], [ 151.180321492322065, -33.899271532478153 ], [ 151.180696576599445, -33.899182831018791 ], [ 151.180343249571138, -33.899227113714325 ], [ 151.180449449164456, -33.899147790806857 ], [ 151.181061774868056, -33.899002983903848 ], [ 151.181108733005857, -33.899011496299856 ], [ 151.181118768770176, -33.899045188841733 ], [ 151.181190774384589, -33.89904082493031 ], [ 151.181695169335711, -33.898939517886625 ], [ 151.181622760002, -33.89886798955709 ], [ 151.181427724766877, -33.898914114234842 ], [ 151.181171924791471, -33.898853813742335 ] ], [ [ 151.181845208420896, -33.888922079542517 ], [ 151.181872530243879, -33.888925393286499 ], [ 151.181889275884799, -33.888911656303804 ], [ 151.181845208420896, -33.888922079542517 ] ], [ [ 151.181545874783325, -33.891371402759361 ], [ 151.181608655918211, -33.891414005790075 ], [ 151.181818745797329, -33.891350445104734 ], [ 151.18178477509278, -33.89130059987054 ], [ 151.181545874783325, -33.891371402759361 ] ], [ [ 151.182159846768371, -33.874567544839515 ], [ 151.182098711975073, -33.874581336457013 ], [ 151.182096754981131, -33.874582470936012 ], [ 151.182159846768371, -33.874567544839515 ] ], [ [ 151.182037061502143, -33.872465827224616 ], [ 151.182089827670097, -33.872414941925179 ], [ 151.182178112062957, -33.872394055205476 ], [ 151.181883679557558, -33.872431156642769 ], [ 151.181930414825729, -33.872487490920442 ], [ 151.182037061502143, -33.872465827224616 ] ], [ [ 151.179644728690505, -33.890810620956714 ], [ 151.181741448555812, -33.890314718330771 ], [ 151.181766188704074, -33.890054115356037 ], [ 151.181493979842315, -33.890118499090825 ], [ 151.181521800000041, -33.890184599999984 ], [ 151.180596496447066, -33.890427627389499 ], [ 151.180559422540654, -33.890339538279122 ], [ 151.180034439786141, -33.890460896361702 ], [ 151.179934689721165, -33.89014921239405 ], [ 151.179022811007229, -33.890416786681868 ], [ 151.178995712889559, -33.890448550609548 ], [ 151.17849330786504, -33.89056736769529 ], [ 151.178528034861529, -33.890648981089619 ], [ 151.179089341935082, -33.890526628119495 ], [ 151.179215978848902, -33.890630148828883 ], [ 151.179234560210347, -33.890833000227794 ], [ 151.17939507988666, -33.890816992137758 ], [ 151.179622249750963, -33.89086683228232 ], [ 151.179664472476304, -33.890921607425874 ], [ 151.179595166622619, -33.89098096159627 ], [ 151.179626136864556, -33.890997439715647 ], [ 151.179697395018195, -33.890980586940373 ], [ 151.179644728690505, -33.890810620956714 ] ], [ [ 151.181873263890367, -33.884907145245748 ], [ 151.181841744150631, -33.884916913481945 ], [ 151.181874771527959, -33.88490910112305 ], [ 151.181873263890367, -33.884907145245748 ] ], [ [ 151.182129418195245, -33.872498835781663 ], [ 151.182122526596629, -33.872505823715237 ], [ 151.182133993930393, -33.872497753235109 ], [ 151.182129418195245, -33.872498835781663 ] ], [ [ 151.181860107094565, -33.881077065994056 ], [ 151.181846855142652, -33.881060113643372 ], [ 151.181917293248688, -33.881027113027116 ], [ 151.18168389879699, -33.881082323371189 ], [ 151.181659241689403, -33.881113969476964 ], [ 151.181860107094565, -33.881077065994056 ] ], [ [ 151.181709045787159, -33.88888916222507 ], [ 151.181664172937559, -33.888899775893037 ], [ 151.181739366867504, -33.888901313721043 ], [ 151.181709045787159, -33.88888916222507 ] ], [ [ 151.181925610166417, -33.877994485836091 ], [ 151.181921042817692, -33.877997922614895 ], [ 151.181941654440521, -33.877990690325582 ], [ 151.181925610166417, -33.877994485836091 ] ], [ [ 151.181927137112581, -33.878345829734513 ], [ 151.181920118010424, -33.87829448554772 ], [ 151.181431415716958, -33.87842556749554 ], [ 151.181845923329035, -33.878327511168301 ], [ 151.181927137112581, -33.878345829734513 ] ], [ [ 151.181694411949763, -33.88888329755499 ], [ 151.181610453114274, -33.88883411559523 ], [ 151.181639566948746, -33.888812176465223 ], [ 151.181580632384453, -33.888826116091685 ], [ 151.181655833151922, -33.88889242250287 ], [ 151.181694411949763, -33.88888329755499 ] ], [ [ 151.180260316422931, -33.880058242706632 ], [ 151.180300317525365, -33.880052938499901 ], [ 151.180311515804391, -33.880076667418251 ], [ 151.180161866445047, -33.880162938626277 ], [ 151.179864401340097, -33.880245270641865 ], [ 151.180698006016485, -33.880063300914095 ], [ 151.180541392075185, -33.880109495018552 ], [ 151.180738396161587, -33.880080669706054 ], [ 151.180808631726734, -33.880126039438721 ], [ 151.181145918856117, -33.879951132311277 ], [ 151.181253416045024, -33.879877018128902 ], [ 151.181253602577925, -33.879838410773203 ], [ 151.18135495354241, -33.879811246588162 ], [ 151.181420810063656, -33.87972908940759 ], [ 151.181683597309785, -33.879663204693728 ], [ 151.181695729997415, -33.879613448433396 ], [ 151.181818354883546, -33.87957912506463 ], [ 151.181767002650872, -33.879533828872233 ], [ 151.181764674207727, -33.879482554482969 ], [ 151.181046023615721, -33.879669480314647 ], [ 151.181262428952522, -33.879633108885599 ], [ 151.181046801953102, -33.879689240474697 ], [ 151.181033453733306, -33.879717950054385 ], [ 151.181153292343396, -33.879695623104233 ], [ 151.180807677742592, -33.879810198438157 ], [ 151.181026623639411, -33.87976357327647 ], [ 151.180783697035764, -33.87983478511444 ], [ 151.180771157403939, -33.879861334093128 ], [ 151.180859486569801, -33.879841153329522 ], [ 151.180867022330489, -33.879875961249326 ], [ 151.180352229271165, -33.879976221575959 ], [ 151.18037240000001, -33.879992 ], [ 151.180260316422931, -33.880058242706632 ] ], [ [ 151.179771754844808, -33.889640093351588 ], [ 151.181550621541589, -33.889204116981688 ], [ 151.181518543586407, -33.889191119892388 ], [ 151.181539732680193, -33.889175859230882 ], [ 151.181511268024167, -33.88908806311003 ], [ 151.18100564345761, -33.889223033911755 ], [ 151.180905200000012, -33.8893414 ], [ 151.1804615, -33.889470499999987 ], [ 151.179987000493242, -33.889582725182812 ], [ 151.179953437112857, -33.889503265851744 ], [ 151.1789865, -33.8897841 ], [ 151.178168282696362, -33.889980974118252 ], [ 151.17819574810602, -33.890042987239227 ], [ 151.178854697248198, -33.889887148118603 ], [ 151.178921568928445, -33.889901852245558 ], [ 151.179779205779539, -33.88966337525153 ], [ 151.179771754844808, -33.889640093351588 ] ], [ [ 151.181785417684097, -33.878115528812017 ], [ 151.181764668391622, -33.878095196863065 ], [ 151.181566367450813, -33.878135248049475 ], [ 151.181593537144522, -33.878168810599625 ], [ 151.181785417684097, -33.878115528812017 ] ], [ [ 151.181685092793145, -33.882359555760864 ], [ 151.18168606160495, -33.88229114633824 ], [ 151.18154707417213, -33.88232402355959 ], [ 151.181587299821587, -33.882382688505146 ], [ 151.181685092793145, -33.882359555760864 ] ], [ [ 151.181753536216661, -33.875585236204046 ], [ 151.181757704582452, -33.875581242854267 ], [ 151.181751437657482, -33.875582725426781 ], [ 151.181753536216661, -33.875585236204046 ] ], [ [ 151.181630547273755, -33.87725560817907 ], [ 151.181677727791396, -33.877253919434111 ], [ 151.181698150647179, -33.877238348744015 ], [ 151.181630547273755, -33.87725560817907 ] ], [ [ 151.181070646377094, -33.901670846489509 ], [ 151.18109750738364, -33.901664669074563 ], [ 151.181172107538515, -33.901646852787906 ], [ 151.181070646377094, -33.901670846489509 ] ], [ [ 151.181236565795302, -33.896476186671414 ], [ 151.181214299307925, -33.896475882166229 ], [ 151.181140114569928, -33.896498997274605 ], [ 151.181236565795302, -33.896476186671414 ] ], [ [ 151.180834257067744, -33.899325199589889 ], [ 151.181145299094709, -33.899242305715696 ], [ 151.180830748998801, -33.899316693074383 ], [ 151.180834257067744, -33.899325199589889 ] ], [ [ 151.181416465063108, -33.876160866536217 ], [ 151.181629978013945, -33.876116447523032 ], [ 151.181579563446718, -33.876097528191252 ], [ 151.181379339602103, -33.876144894511128 ], [ 151.181416465063108, -33.876160866536217 ] ], [ [ 151.181578239540727, -33.877800816552131 ], [ 151.181563002979118, -33.877809151603948 ], [ 151.181579559877576, -33.87780523486731 ], [ 151.181578239540727, -33.877800816552131 ] ], [ [ 151.181584072525197, -33.875774369228203 ], [ 151.181606547828693, -33.87576170765756 ], [ 151.181586463409616, -33.875765194941096 ], [ 151.181584072525197, -33.875774369228203 ] ], [ [ 151.181150819556223, -33.884887687403484 ], [ 151.1811816, -33.8849878 ], [ 151.180658476626263, -33.885119513943387 ], [ 151.180826521763947, -33.885081014444168 ], [ 151.180862062215539, -33.8851056423185 ], [ 151.181004769665662, -33.885037969313416 ], [ 151.181339513207803, -33.884958790543756 ], [ 151.181293658548952, -33.884881113822857 ], [ 151.181412776726347, -33.884825724831821 ], [ 151.181150819556223, -33.884887687403484 ] ], [ [ 151.181011992011946, -33.899132946877685 ], [ 151.180837864645923, -33.899164799977619 ], [ 151.181102914785214, -33.899111188228886 ], [ 151.180803017193995, -33.899166490088049 ], [ 151.180796841250725, -33.899196344553168 ], [ 151.181011992011946, -33.899132946877685 ] ], [ [ 151.181131863153468, -33.880364755305315 ], [ 151.181487337387125, -33.880292404785031 ], [ 151.181494242651468, -33.880285503486277 ], [ 151.181131863153468, -33.880364755305315 ] ], [ [ 151.181016067228683, -33.901620490124316 ], [ 151.1809689041132, -33.901644213855576 ], [ 151.181019525956287, -33.901632242772372 ], [ 151.181016067228683, -33.901620490124316 ] ], [ [ 151.181104750252302, -33.876190022754948 ], [ 151.181145968997413, -33.876172123783171 ], [ 151.18154945816724, -33.876076672100474 ], [ 151.181534744957048, -33.87605726099639 ], [ 151.18108975594933, -33.876162529997991 ], [ 151.181104750252302, -33.876190022754948 ] ], [ [ 151.181402654796841, -33.877396205158867 ], [ 151.18134824269606, -33.877439008420559 ], [ 151.18148682387141, -33.877378597878455 ], [ 151.181402654796841, -33.877396205158867 ] ], [ [ 151.181082736068305, -33.875984088153842 ], [ 151.181459788871621, -33.875886430092869 ], [ 151.18144548932932, -33.875868916565771 ], [ 151.181515412533344, -33.875813049116076 ], [ 151.181058277721633, -33.875943404494983 ], [ 151.181018179682866, -33.875930677385035 ], [ 151.180766829248455, -33.875988353858993 ], [ 151.18071523098547, -33.875936795293093 ], [ 151.180623192538235, -33.875947133955769 ], [ 151.1805892044936, -33.875908793852844 ], [ 151.180172741171646, -33.876007311464683 ], [ 151.180090274311482, -33.87595592060481 ], [ 151.179878441984556, -33.876006484717728 ], [ 151.179759, -33.8761113 ], [ 151.179529138382605, -33.876196027480304 ], [ 151.1796472, -33.8761681 ], [ 151.179721699999988, -33.8762574 ], [ 151.179608332816827, -33.876322560747973 ], [ 151.1807045, -33.8760349 ], [ 151.181082736068305, -33.875984088153842 ] ], [ [ 151.181029200000012, -33.8957333 ], [ 151.180999520086203, -33.895759403010537 ], [ 151.18106006161608, -33.895745084949965 ], [ 151.181029200000012, -33.8957333 ] ], [ [ 151.180952220761242, -33.899222685051761 ], [ 151.180952582772591, -33.899221403529339 ], [ 151.180768603148522, -33.899266108249599 ], [ 151.180952220761242, -33.899222685051761 ] ], [ [ 151.181402281739253, -33.877439262054757 ], [ 151.181318970066854, -33.877446771839246 ], [ 151.18123208719021, -33.877467324917554 ], [ 151.181242308881593, -33.877477105418741 ], [ 151.181402281739253, -33.877439262054757 ] ], [ [ 151.180379334625002, -33.883316500186737 ], [ 151.179638527000236, -33.883521086342469 ], [ 151.179590750969709, -33.883479802204725 ], [ 151.179621572113746, -33.883442768410326 ], [ 151.179990657338948, -33.883352729645679 ], [ 151.179474975642194, -33.88347470284576 ], [ 151.179438056516801, -33.883453329829592 ], [ 151.179990866352171, -33.883306050489608 ], [ 151.180025855556437, -33.88333482781929 ], [ 151.180371252159205, -33.883253130280679 ], [ 151.1804029732846, -33.883235993473683 ], [ 151.180095653796485, -33.883308684693567 ], [ 151.180052039601037, -33.883286219228395 ], [ 151.179842665546317, -33.883329721460541 ], [ 151.180335850664875, -33.883195914545325 ], [ 151.180315624490731, -33.883159699599574 ], [ 151.180380632815513, -33.883134170542732 ], [ 151.18039523658976, -33.883090625534336 ], [ 151.180673536892641, -33.882966679722628 ], [ 151.181132693364873, -33.882858070870839 ], [ 151.181190630114457, -33.882877013417612 ], [ 151.181190261061516, -33.88283808439661 ], [ 151.181276884831021, -33.882814404871901 ], [ 151.181265411206397, -33.882778083838069 ], [ 151.181220845444528, -33.882814981416026 ], [ 151.180226005758328, -33.883050299118509 ], [ 151.180173187732407, -33.883040722596171 ], [ 151.180160203693106, -33.88300932518527 ], [ 151.180105618681523, -33.883022236334497 ], [ 151.179901134494315, -33.883088936337401 ], [ 151.179888704045567, -33.883188249372338 ], [ 151.178711589608952, -33.883441741096718 ], [ 151.178807012587981, -33.883445492997637 ], [ 151.178830673566296, -33.883488100271045 ], [ 151.179186898112533, -33.883406342397635 ], [ 151.179255969965538, -33.883446329305073 ], [ 151.179245288364854, -33.883520385283191 ], [ 151.179380946879235, -33.883488833832217 ], [ 151.179393333103036, -33.883510389025325 ], [ 151.17953092051934, -33.883498354410001 ], [ 151.179611734877028, -33.883529336532149 ], [ 151.180400014476533, -33.883342884442392 ], [ 151.180379334625002, -33.883316500186737 ] ], [ [ 151.181163511434448, -33.880432804654902 ], [ 151.181318173396846, -33.880391923456976 ], [ 151.181160811785702, -33.880429147494738 ], [ 151.181163511434448, -33.880432804654902 ] ], [ [ 151.181286671316201, -33.878355205752371 ], [ 151.18128542054896, -33.8783559055598 ], [ 151.181286252795417, -33.878355708685277 ], [ 151.181286671316201, -33.878355205752371 ] ], [ [ 151.1812980584549, -33.876918680544975 ], [ 151.181183417906965, -33.876945660416979 ], [ 151.181180107071469, -33.876953506000014 ], [ 151.1812980584549, -33.876918680544975 ] ], [ [ 151.181204123890069, -33.877515687953895 ], [ 151.181241242189571, -33.877496009747432 ], [ 151.181104546702983, -33.877546191024635 ], [ 151.181259498691162, -33.877510672556376 ], [ 151.181204123890069, -33.877515687953895 ] ], [ [ 151.18026616321734, -33.896290824933239 ], [ 151.180805126093446, -33.895907819151049 ], [ 151.180565, -33.8960608 ], [ 151.17997304092134, -33.896360553999202 ], [ 151.18026616321734, -33.896290824933239 ] ], [ [ 151.181116251476169, -33.878008536082227 ], [ 151.180919473686515, -33.878080543836347 ], [ 151.180952382182397, -33.878142606824582 ], [ 151.181161310801741, -33.878081039374194 ], [ 151.181116251476169, -33.878008536082227 ] ], [ [ 151.181131817410147, -33.877568854795342 ], [ 151.181092351913975, -33.877589183507098 ], [ 151.180828885619832, -33.877652776952843 ], [ 151.181094048371989, -33.877590050724407 ], [ 151.181131817410147, -33.877568854795342 ] ], [ [ 151.180966672852037, -33.878613461518029 ], [ 151.181041441071642, -33.87858866263327 ], [ 151.180964045108198, -33.878606971011472 ], [ 151.180966672852037, -33.878613461518029 ] ], [ [ 151.181067505930685, -33.873738061966485 ], [ 151.181116931367484, -33.87370978211576 ], [ 151.18105597248146, -33.873724203226665 ], [ 151.181067505930685, -33.873738061966485 ] ], [ [ 151.180858723397051, -33.885132141465462 ], [ 151.180857899401531, -33.885128335587133 ], [ 151.180853892685889, -33.885133149962755 ], [ 151.180858723397051, -33.885132141465462 ] ], [ [ 151.181063600133626, -33.873746550211159 ], [ 151.181044687196476, -33.87375893764424 ], [ 151.181060058188507, -33.873755301318269 ], [ 151.181063600133626, -33.873746550211159 ] ], [ [ 151.180416002591613, -33.895449239229471 ], [ 151.180492421061359, -33.895603485899315 ], [ 151.180571706404891, -33.895584735236341 ], [ 151.180559676739648, -33.895556037975936 ], [ 151.180416002591613, -33.895449239229471 ] ], [ [ 151.180076157776739, -33.889236891732814 ], [ 151.180695116764184, -33.88906997724694 ], [ 151.180669123573921, -33.889012397837284 ], [ 151.180053249621722, -33.889182795486249 ], [ 151.180076157776739, -33.889236891732814 ] ], [ [ 151.180960986430279, -33.875097357860788 ], [ 151.180775761326458, -33.875150324694665 ], [ 151.180790813917412, -33.875173326465976 ], [ 151.18087500827869, -33.875153409091517 ], [ 151.180960986430279, -33.875097357860788 ] ], [ [ 151.180612241331261, -33.884972772483074 ], [ 151.180706374430912, -33.884950507064914 ], [ 151.180638413199659, -33.884910732225343 ], [ 151.180594547118005, -33.884919729755573 ], [ 151.180612241331261, -33.884972772483074 ] ], [ [ 151.180848369444931, -33.878219910426701 ], [ 151.180800094794876, -33.878216216903425 ], [ 151.180549884036964, -33.878293658815785 ], [ 151.180559669728325, -33.87830775517007 ], [ 151.180848369444931, -33.878219910426701 ] ], [ [ 151.180744683228511, -33.878726273148764 ], [ 151.180745924165592, -33.878732796125519 ], [ 151.180748603519959, -33.878731359455145 ], [ 151.180744683228511, -33.878726273148764 ] ], [ [ 151.180677996077321, -33.878781786106352 ], [ 151.180744539192432, -33.878765964893894 ], [ 151.180677943707622, -33.878781718160212 ], [ 151.180677996077321, -33.878781786106352 ] ], [ [ 151.180643135449486, -33.883128035023304 ], [ 151.180629258346073, -33.883131437140527 ], [ 151.180643213465828, -33.883128136239534 ], [ 151.180643135449486, -33.883128035023304 ] ], [ [ 151.180241330553145, -33.901072725023745 ], [ 151.180243762764064, -33.901034796264419 ], [ 151.179647135696001, -33.901158197030256 ], [ 151.179562597727283, -33.901152272204051 ], [ 151.179574726615755, -33.90112155304012 ], [ 151.179936027243514, -33.901017854350144 ], [ 151.179581340600492, -33.901095299992342 ], [ 151.179592528115961, -33.901065770118002 ], [ 151.179038900857307, -33.901196684963907 ], [ 151.1790993, -33.9013166 ], [ 151.179075535832226, -33.901348400779597 ], [ 151.180241330553145, -33.901072725023745 ] ], [ [ 151.180764975789856, -33.875016415063442 ], [ 151.180684066705368, -33.875035555217693 ], [ 151.180773664211614, -33.87502578712752 ], [ 151.180764975789856, -33.875016415063442 ] ], [ [ 151.180685587677601, -33.877846457657604 ], [ 151.180637602614866, -33.877843531105377 ], [ 151.180557143527466, -33.877895622869282 ], [ 151.180633371167062, -33.877858809685826 ], [ 151.180685587677601, -33.877846457657604 ] ], [ [ 151.180200531932428, -33.873917021302368 ], [ 151.180131960873553, -33.873859383507643 ], [ 151.179875961609298, -33.873929297651856 ], [ 151.179931399999987, -33.8739971 ], [ 151.179879162899624, -33.874029098068796 ], [ 151.1799451, -33.8740135 ], [ 151.179977400000013, -33.8740731 ], [ 151.179882709995923, -33.874148706240994 ], [ 151.1799081, -33.8741427 ], [ 151.179959545430791, -33.874204628055018 ], [ 151.1802179, -33.8741473 ], [ 151.180248, -33.8741835 ], [ 151.180137241359631, -33.874246969818785 ], [ 151.180191600000029, -33.8742713 ], [ 151.180170435050655, -33.874290142534711 ], [ 151.180198499999989, -33.8743242 ], [ 151.180124958001812, -33.874365991194026 ], [ 151.180627346392356, -33.874247176893874 ], [ 151.18075301181247, -33.874175960510513 ], [ 151.180737304578855, -33.874156035525999 ], [ 151.180558172844712, -33.874198411963654 ], [ 151.18048907318402, -33.874130811674988 ], [ 151.180439673592673, -33.874056211474517 ], [ 151.180577860977138, -33.873976727077398 ], [ 151.180379673722342, -33.874023611217979 ], [ 151.180277653071954, -33.87390109588533 ], [ 151.180200531932428, -33.873917021302368 ] ], [ [ 151.180629998278818, -33.87497373793552 ], [ 151.180736447372368, -33.87492664585119 ], [ 151.180605534579257, -33.874945639587423 ], [ 151.180629998278818, -33.87497373793552 ] ], [ [ 151.180577930110047, -33.874904369588847 ], [ 151.18065027666691, -33.874887255057857 ], [ 151.180575161603514, -33.874900157015624 ], [ 151.180577930110047, -33.874904369588847 ] ], [ [ 151.180556866999268, -33.877332073170429 ], [ 151.180410391929257, -33.877367961768051 ], [ 151.1804788, -33.8774502 ], [ 151.180406371066709, -33.87749110582962 ], [ 151.180473329422654, -33.877470888368919 ], [ 151.180565713221824, -33.877378160396205 ], [ 151.180536713389444, -33.877343760284951 ], [ 151.180556866999268, -33.877332073170429 ] ], [ [ 151.180299714598164, -33.878467720374985 ], [ 151.180184082661498, -33.878495072923336 ], [ 151.1802013, -33.878595600000018 ], [ 151.180167175372134, -33.878615370209012 ], [ 151.180282649850596, -33.878587567438622 ], [ 151.18029173342893, -33.878534903914719 ], [ 151.180444299835443, -33.878485413023235 ], [ 151.180328667340746, -33.878503508412699 ], [ 151.180299714598164, -33.878467720374985 ] ], [ [ 151.180272386589394, -33.877963072542187 ], [ 151.180157785633298, -33.878031787890926 ], [ 151.180419845845165, -33.877955830963529 ], [ 151.180426894477137, -33.877926523537845 ], [ 151.180272386589394, -33.877963072542187 ] ], [ [ 151.17993494990796, -33.896379650049901 ], [ 151.1796201, -33.8965556 ], [ 151.179437625876119, -33.896598752209165 ], [ 151.179457025243238, -33.896648434631672 ], [ 151.17998288158671, -33.896451060874732 ], [ 151.17993494990796, -33.896379650049901 ] ], [ [ 151.180336808164839, -33.873183401598041 ], [ 151.180277223827773, -33.873261558279971 ], [ 151.18038506664746, -33.873236046337595 ], [ 151.180336808164839, -33.873183401598041 ] ], [ [ 151.180324485128097, -33.875244260515366 ], [ 151.180337145537948, -33.875236176649018 ], [ 151.18032107673983, -33.875239977877051 ], [ 151.180324485128097, -33.875244260515366 ] ], [ [ 151.180174573498078, -33.881443403336192 ], [ 151.180146600000029, -33.88145 ], [ 151.180146539181493, -33.881450034521556 ], [ 151.180174573498078, -33.881443403336192 ] ], [ [ 151.180078941059861, -33.878169973700693 ], [ 151.18024464641482, -33.878120001987774 ], [ 151.180078591279056, -33.878142668110087 ], [ 151.180078941059861, -33.878169973700693 ] ], [ [ 151.180218014344604, -33.879246096420601 ], [ 151.180179249298135, -33.879255266119372 ], [ 151.180218821230966, -33.879248289848029 ], [ 151.180218014344604, -33.879246096420601 ] ], [ [ 151.179944922605699, -33.888712222341191 ], [ 151.179083554937847, -33.88893670863358 ], [ 151.1790959, -33.8889663 ], [ 151.178611691446349, -33.889102629836323 ], [ 151.178628, -33.8891409 ], [ 151.178345474541857, -33.889230172732901 ], [ 151.178704274282666, -33.889145316979516 ], [ 151.17871690842091, -33.889121766590534 ], [ 151.179470714713972, -33.888899175535975 ], [ 151.179997858794991, -33.888774500338286 ], [ 151.179944922605699, -33.888712222341191 ] ], [ [ 151.180200993135458, -33.875441170385173 ], [ 151.180277696478868, -33.87527583006441 ], [ 151.180145484718906, -33.875336118616758 ], [ 151.1801768, -33.8753828 ], [ 151.1801297, -33.8754082 ], [ 151.179746374637659, -33.875527235395367 ], [ 151.179766401702494, -33.875561716111072 ], [ 151.180200993135458, -33.875441170385173 ] ], [ [ 151.18000624490395, -33.878120842075106 ], [ 151.180077388624852, -33.878100647983153 ], [ 151.180213618214594, -33.878068423034712 ], [ 151.180026132991458, -33.87810955991452 ], [ 151.18000624490395, -33.878120842075106 ] ], [ [ 151.180221113127089, -33.87296454498091 ], [ 151.180234872205858, -33.872956766443501 ], [ 151.180210288380238, -33.872962582139742 ], [ 151.180221113127089, -33.87296454498091 ] ], [ [ 151.179938401224462, -33.878249316969189 ], [ 151.180096660599474, -33.87818443409909 ], [ 151.17992387742666, -33.878224396966253 ], [ 151.179938401224462, -33.878249316969189 ] ], [ [ 151.180108478189169, -33.877573018175049 ], [ 151.180044018715535, -33.877605894830005 ], [ 151.18005363854175, -33.877616002678096 ], [ 151.180108478189169, -33.877573018175049 ] ], [ [ 151.179620909737821, -33.89959809329811 ], [ 151.179495736417749, -33.899620431027586 ], [ 151.179492116089619, -33.899627898249776 ], [ 151.179620909737821, -33.89959809329811 ] ], [ [ 151.179984594722185, -33.881188437345251 ], [ 151.179735900000026, -33.8812933 ], [ 151.179666397114659, -33.881309739836148 ], [ 151.180009186377248, -33.881232532775833 ], [ 151.179984594722185, -33.881188437345251 ] ], [ [ 151.180129528260011, -33.875005576348073 ], [ 151.179537750941535, -33.875144670491743 ], [ 151.17996073260133, -33.875057049171865 ], [ 151.179658169138179, -33.875133746659913 ], [ 151.179667246261545, -33.875177717693973 ], [ 151.179417308597948, -33.875271118537 ], [ 151.180137746694214, -33.87510069537435 ], [ 151.180107490828135, -33.875064014039978 ], [ 151.180129528260011, -33.875005576348073 ] ], [ [ 151.1800479163376, -33.878135617977335 ], [ 151.18006139816535, -33.878126447614669 ], [ 151.179942692119766, -33.878160508481571 ], [ 151.1800479163376, -33.878135617977335 ] ], [ [ 151.179761460137911, -33.89203494194102 ], [ 151.179741839928909, -33.891946930829064 ], [ 151.179521092102107, -33.891999137620935 ], [ 151.179548899999986, -33.8920659 ], [ 151.179461699026007, -33.892091762583156 ], [ 151.179761460137911, -33.89203494194102 ] ], [ [ 151.18009555401531, -33.872871018162783 ], [ 151.180101894631719, -33.87289491408837 ], [ 151.180161637635308, -33.872879910917831 ], [ 151.180129496933262, -33.872887514299883 ], [ 151.18009555401531, -33.872871018162783 ] ], [ [ 151.178878315544353, -33.888553712207042 ], [ 151.178928522259156, -33.888541838102903 ], [ 151.178885912389489, -33.888447244108562 ], [ 151.179740974317809, -33.888217702080723 ], [ 151.179817894286828, -33.888124316747465 ], [ 151.179359221169221, -33.888262778271162 ], [ 151.179348171158921, -33.888306966296717 ], [ 151.178096008857807, -33.888637237582863 ], [ 151.178124013149841, -33.888703820010285 ], [ 151.1788612, -33.8885136 ], [ 151.178878315544353, -33.888553712207042 ] ], [ [ 151.179637389239332, -33.896101991217414 ], [ 151.179603401065492, -33.896127792965309 ], [ 151.179644960995972, -33.896117964611648 ], [ 151.179637389239332, -33.896101991217414 ] ], [ [ 151.180069831972048, -33.87341320552251 ], [ 151.180095399287268, -33.873412742251155 ], [ 151.180116661190368, -33.873402127444209 ], [ 151.180069831972048, -33.87341320552251 ] ], [ [ 151.179766811717798, -33.878331923430309 ], [ 151.180011709069873, -33.87824130218916 ], [ 151.179736754363574, -33.878309589952714 ], [ 151.179766811717798, -33.878331923430309 ] ], [ [ 151.179658093171469, -33.879317887718337 ], [ 151.179989600120479, -33.879244170853553 ], [ 151.179989240071563, -33.879242507685753 ], [ 151.179658093171469, -33.879317887718337 ] ], [ [ 151.179732218499538, -33.887604939662637 ], [ 151.179097399999989, -33.887773 ], [ 151.179318012939461, -33.887742831276974 ], [ 151.178827662640543, -33.887886996456764 ], [ 151.178909605637784, -33.887878010867759 ], [ 151.178940505921474, -33.887912859879336 ], [ 151.179797450945898, -33.887665739615777 ], [ 151.179732218499538, -33.887604939662637 ] ], [ [ 151.179680905050077, -33.891021790530012 ], [ 151.179710349682836, -33.891022394432952 ], [ 151.179708164846431, -33.891015343498033 ], [ 151.179680905050077, -33.891021790530012 ] ], [ [ 151.179981745799438, -33.877738181267297 ], [ 151.179918190622544, -33.877740896854917 ], [ 151.179921240216601, -33.877758069741247 ], [ 151.179981745799438, -33.877738181267297 ] ], [ [ 151.180025634848789, -33.872722268523766 ], [ 151.180019568167012, -33.872723703688109 ], [ 151.180021301293294, -33.872724707125087 ], [ 151.180025634848789, -33.872722268523766 ] ], [ [ 151.179886270020347, -33.878692367192031 ], [ 151.179841994920622, -33.878709087870213 ], [ 151.179775701883102, -33.878724769079412 ], [ 151.179887323099592, -33.878703673052414 ], [ 151.179886270020347, -33.878692367192031 ] ], [ [ 151.179734389619369, -33.876731697322946 ], [ 151.179867544025711, -33.876674775481341 ], [ 151.17992749776667, -33.876560340779029 ], [ 151.179656839026677, -33.876624365242471 ], [ 151.179734389619369, -33.876731697322946 ] ], [ [ 151.177682866658074, -33.887706236801179 ], [ 151.177833963068764, -33.887663907321347 ], [ 151.177804859480062, -33.887649626158961 ], [ 151.179358880203807, -33.887256914524407 ], [ 151.179431767429492, -33.887227164437512 ], [ 151.179408232564668, -33.887197524958026 ], [ 151.179432205727295, -33.887168720984782 ], [ 151.179700661449147, -33.887084131729914 ], [ 151.179456277181373, -33.887141040473459 ], [ 151.179437987149271, -33.887102286193965 ], [ 151.179599701785463, -33.887061380646578 ], [ 151.179558499516475, -33.88702270372675 ], [ 151.17937906032347, -33.887065143625442 ], [ 151.1793418, -33.8871312 ], [ 151.17930212729118, -33.887142178451406 ], [ 151.179344865675176, -33.8871751527047 ], [ 151.179403972483215, -33.887168807047722 ], [ 151.179313101673216, -33.887227772429398 ], [ 151.177658449814601, -33.887648999600394 ], [ 151.177682866658074, -33.887706236801179 ] ], [ [ 151.179992111222759, -33.871763925890214 ], [ 151.180026413057618, -33.87174454488791 ], [ 151.179995240263764, -33.871751919373096 ], [ 151.179992111222759, -33.871763925890214 ] ], [ [ 151.179504918803644, -33.896275391347622 ], [ 151.179480990099819, -33.896220719689396 ], [ 151.179502115978636, -33.896276054172958 ], [ 151.179504918803644, -33.896275391347622 ] ], [ [ 151.179864386103787, -33.879332129362631 ], [ 151.179583047938763, -33.879391606014565 ], [ 151.179566631855238, -33.879402560427891 ], [ 151.179864386103787, -33.879332129362631 ] ], [ [ 151.179816430731904, -33.872713435458586 ], [ 151.17982165677796, -33.87273757771937 ], [ 151.17999525377499, -33.872717233664808 ], [ 151.179955084048288, -33.872676977726947 ], [ 151.179816430731904, -33.872713435458586 ] ], [ [ 151.179992375937218, -33.872198006507197 ], [ 151.179320435118086, -33.872333356245889 ], [ 151.179122959250009, -33.872339242653354 ], [ 151.179124313250043, -33.872275500237613 ], [ 151.179225915169809, -33.872232034509921 ], [ 151.178648784572204, -33.872368558676989 ], [ 151.178596947173105, -33.872423736343421 ], [ 151.178680710625656, -33.87241223735699 ], [ 151.178701528220813, -33.872461589668681 ], [ 151.178770101804417, -33.872476584135825 ], [ 151.178812584852778, -33.872600202815875 ], [ 151.179540153733768, -33.872418448152153 ], [ 151.179492499650877, -33.872385437722755 ], [ 151.179635843243091, -33.87233844283115 ], [ 151.17976030058864, -33.872252907476451 ], [ 151.179992375937218, -33.872198006507197 ] ], [ [ 151.179697035728907, -33.877893876371772 ], [ 151.179871001091186, -33.877852725504589 ], [ 151.179701838130228, -33.877891192365418 ], [ 151.179697035728907, -33.877893876371772 ] ], [ [ 151.179364436187143, -33.882995815791148 ], [ 151.179750082586082, -33.882926807666223 ], [ 151.179759394528958, -33.88290239705676 ], [ 151.179364436187143, -33.882995815791148 ] ], [ [ 151.17987742755767, -33.872584710889932 ], [ 151.179881282379341, -33.872646404872022 ], [ 151.179789798815392, -33.872678879441224 ], [ 151.179801888500378, -33.872694566313449 ], [ 151.179963648959955, -33.872641475870267 ], [ 151.17987742755767, -33.872584710889932 ] ], [ [ 151.179940809636292, -33.871824518804765 ], [ 151.179448152423532, -33.871971132637782 ], [ 151.179961951944023, -33.87184958576367 ], [ 151.179940809636292, -33.871824518804765 ] ], [ [ 151.179776088222638, -33.872459585550224 ], [ 151.179762489698248, -33.872496303676733 ], [ 151.179658327714975, -33.872533579270289 ], [ 151.179703101778045, -33.872533764234156 ], [ 151.179702560345333, -33.872559261207684 ], [ 151.179635017836887, -33.872587464123029 ], [ 151.179752037661103, -33.87255978161437 ], [ 151.179917376123797, -33.872446847565172 ], [ 151.179902668403685, -33.872421949067814 ], [ 151.179776088222638, -33.872459585550224 ] ], [ [ 151.179771256530785, -33.878889266039963 ], [ 151.179750789675467, -33.878861447804589 ], [ 151.17969629321027, -33.878874338540122 ], [ 151.179728183666612, -33.878899454613475 ], [ 151.179771256530785, -33.878889266039963 ] ], [ [ 151.179430861726559, -33.874008610464571 ], [ 151.179422131385451, -33.874036418775916 ], [ 151.179866433665211, -33.873931315697845 ], [ 151.179829876471246, -33.873886135123662 ], [ 151.179403970121115, -33.874004284855822 ], [ 151.179430861726559, -33.874008610464571 ] ], [ [ 151.179589620823435, -33.886759591773874 ], [ 151.179391687290263, -33.886806406048649 ], [ 151.179319332662033, -33.886929502877337 ], [ 151.179427482705307, -33.886920604689827 ], [ 151.179589620823435, -33.886759591773874 ] ], [ [ 151.179640926167451, -33.878830732879614 ], [ 151.179714209017106, -33.878811727883885 ], [ 151.179639295007689, -33.878829448219037 ], [ 151.179640926167451, -33.878830732879614 ] ], [ [ 151.179312216251674, -33.880414750632191 ], [ 151.179630979722987, -33.880355204940727 ], [ 151.179668830742742, -33.880302163657724 ], [ 151.179316820146028, -33.880385426777778 ], [ 151.179312216251674, -33.880414750632191 ] ], [ [ 151.179521628170278, -33.878308115668709 ], [ 151.179557058087312, -33.878305466245358 ], [ 151.179679466696342, -33.87827651128098 ], [ 151.179521628170278, -33.878308115668709 ] ], [ [ 151.1793812, -33.8869746 ], [ 151.179382447813083, -33.887008386943755 ], [ 151.179492191274761, -33.886982431081194 ], [ 151.179458778419985, -33.886950506480161 ], [ 151.1793812, -33.8869746 ] ], [ [ 151.179483321850597, -33.878479985187866 ], [ 151.179670203940873, -33.8784361150122 ], [ 151.179670116249696, -33.878435800349706 ], [ 151.179483321850597, -33.878479985187866 ] ], [ [ 151.179697850508376, -33.873653036812662 ], [ 151.179577694347017, -33.873675100367016 ], [ 151.179568132265615, -33.873728192180131 ], [ 151.179496610283678, -33.873750426664238 ], [ 151.179530481593616, -33.873785954744129 ], [ 151.179745740731931, -33.873712558826789 ], [ 151.179724732128079, -33.873686617816709 ], [ 151.179621252341889, -33.873710057416787 ], [ 151.179718393715092, -33.873678791265533 ], [ 151.179697850508376, -33.873653036812662 ] ], [ [ 151.177477125991743, -33.887206294627823 ], [ 151.1789475, -33.8868276 ], [ 151.178983383253012, -33.886865610186078 ], [ 151.179281730397747, -33.88682059977463 ], [ 151.179206246731155, -33.886810415107647 ], [ 151.179234030451539, -33.886790096449353 ], [ 151.179170915550884, -33.886730722571592 ], [ 151.179306516357627, -33.886614023123265 ], [ 151.179461621786629, -33.886577338394709 ], [ 151.17941449193475, -33.886510231615503 ], [ 151.179394923192291, -33.886539445265051 ], [ 151.179173768112747, -33.886591751540941 ], [ 151.1792021, -33.8866639 ], [ 151.177433604821744, -33.887148913049685 ], [ 151.177477125991743, -33.887206294627823 ] ], [ [ 151.179618642320463, -33.87863880757449 ], [ 151.179112954034167, -33.878746939923289 ], [ 151.179086580538723, -33.878775939051792 ], [ 151.178885052668505, -33.878823607717798 ], [ 151.1790405222701, -33.878805484965504 ], [ 151.179618642320463, -33.87863880757449 ] ], [ [ 151.179574789831662, -33.879374907500519 ], [ 151.179582063496412, -33.879367641617563 ], [ 151.179569199608551, -33.879370684437625 ], [ 151.179574789831662, -33.879374907500519 ] ], [ [ 151.179599817307292, -33.877920462427795 ], [ 151.178746832652308, -33.878128813730754 ], [ 151.179393797402071, -33.877978335703958 ], [ 151.179451158600727, -33.877992643484362 ], [ 151.178999167201482, -33.878084659438635 ], [ 151.178775034273798, -33.878150790219429 ], [ 151.179331517694408, -33.87804584494981 ], [ 151.178802745271639, -33.878172384366195 ], [ 151.17926707327166, -33.878082933658938 ], [ 151.178836286621419, -33.878198521866281 ], [ 151.179465215774798, -33.878063294503995 ], [ 151.179518350767296, -33.878038917477959 ], [ 151.17953506935865, -33.877971305523509 ], [ 151.179599817307292, -33.877920462427795 ] ], [ [ 151.179161840335951, -33.898077494628666 ], [ 151.179089144376661, -33.898073385619291 ], [ 151.179161916410692, -33.898097364631205 ], [ 151.179161840335951, -33.898077494628666 ] ], [ [ 151.179382332623959, -33.886464440871329 ], [ 151.179343102649653, -33.886489985625325 ], [ 151.179213911690596, -33.886520541116241 ], [ 151.179402606655515, -33.88649330850491 ], [ 151.179382332623959, -33.886464440871329 ] ], [ [ 151.178745825751605, -33.878765629617355 ], [ 151.179080580901882, -33.878707967736673 ], [ 151.179558964455737, -33.878594811009208 ], [ 151.178745825751605, -33.878765629617355 ] ], [ [ 151.178459800000013, -33.9004351 ], [ 151.178558500000037, -33.9004139 ], [ 151.178588889255451, -33.900514564408716 ], [ 151.17878975922298, -33.900507141473341 ], [ 151.179083743231331, -33.900429191194959 ], [ 151.178860610715589, -33.900457520827764 ], [ 151.178861830782438, -33.900400152924135 ], [ 151.178951375988163, -33.900374194660401 ], [ 151.178863636639988, -33.900257764911352 ], [ 151.178704595607172, -33.90029456820541 ], [ 151.1787161, -33.9003738 ], [ 151.178459800000013, -33.9004351 ] ], [ [ 151.179488733120166, -33.87851883135842 ], [ 151.179481447011142, -33.878523860169629 ], [ 151.179540875436629, -33.878506497515353 ], [ 151.179488733120166, -33.87851883135842 ] ], [ [ 151.179142251455801, -33.878436947508298 ], [ 151.179508133226534, -33.878355743882338 ], [ 151.179521707618477, -33.878360256416826 ], [ 151.179537422103294, -33.878356539272751 ], [ 151.179504676789435, -33.87834325656771 ], [ 151.179142251455801, -33.878436947508298 ] ], [ [ 151.179338972990195, -33.878566887040144 ], [ 151.179529054629597, -33.878533736445917 ], [ 151.179528237208586, -33.878522118274759 ], [ 151.179338972990195, -33.878566887040144 ] ], [ [ 151.179501976138823, -33.879490625005317 ], [ 151.179490572131897, -33.879475842431773 ], [ 151.179397694574362, -33.879515291574499 ], [ 151.179501976138823, -33.879490625005317 ] ], [ [ 151.179270418487391, -33.887553028491411 ], [ 151.179257090806914, -33.887520783043165 ], [ 151.179010996561573, -33.88757898667847 ], [ 151.179025232386806, -33.887611017346167 ], [ 151.179270418487391, -33.887553028491411 ] ], [ [ 151.179416280109649, -33.878414953403357 ], [ 151.179444204264598, -33.878409336019352 ], [ 151.179447500947163, -33.878407568379373 ], [ 151.179416280109649, -33.878414953403357 ] ], [ [ 151.179422781794642, -33.878394763605677 ], [ 151.179402597631992, -33.878399359346254 ], [ 151.17940263442128, -33.878399529293297 ], [ 151.179422781794642, -33.878394763605677 ] ], [ [ 151.179156799999987, -33.8874613 ], [ 151.17922900016373, -33.8874528194956 ], [ 151.179217008699823, -33.88742380686859 ], [ 151.179147561865477, -33.887440231762731 ], [ 151.179156799999987, -33.8874613 ] ], [ [ 151.179412013941374, -33.876851948144093 ], [ 151.179387890577061, -33.876852092285283 ], [ 151.179405117800258, -33.876878406866226 ], [ 151.179412013941374, -33.876851948144093 ] ], [ [ 151.179308027346593, -33.881431884832594 ], [ 151.179290852367984, -33.881398568360225 ], [ 151.179126454977109, -33.881437453256957 ], [ 151.179308027346593, -33.881431884832594 ] ], [ [ 151.179176397927449, -33.878463556303586 ], [ 151.179369200268923, -33.878414763656245 ], [ 151.17917326030485, -33.878461111297781 ], [ 151.179176397927449, -33.878463556303586 ] ], [ [ 151.1789903, -33.8881468 ], [ 151.178387940231346, -33.888270724401593 ], [ 151.178320575425147, -33.888290798727418 ], [ 151.178345856524061, -33.888344757857588 ], [ 151.179090363812008, -33.888154134516306 ], [ 151.179069171876876, -33.888103855828547 ], [ 151.1789903, -33.8881468 ] ], [ [ 151.179269606658153, -33.872688807607005 ], [ 151.179284119263627, -33.872694633950324 ], [ 151.179399218299153, -33.872658146795892 ], [ 151.179269606658153, -33.872688807607005 ] ], [ [ 151.17928191181133, -33.87811613892891 ], [ 151.179222651560735, -33.878137054180321 ], [ 151.178866283342984, -33.878221897151413 ], [ 151.179270269321393, -33.878134631082297 ], [ 151.17928191181133, -33.87811613892891 ] ], [ [ 151.178756181979367, -33.899833984753336 ], [ 151.178814029848269, -33.899819960045527 ], [ 151.178755904100058, -33.89983370486798 ], [ 151.178756181979367, -33.899833984753336 ] ], [ [ 151.179350441398242, -33.874290133664573 ], [ 151.179356651705973, -33.874288664591042 ], [ 151.17935550576064, -33.874287290558961 ], [ 151.179350441398242, -33.874290133664573 ] ], [ [ 151.179056336748545, -33.878369997964441 ], [ 151.179245518709962, -33.878335253274997 ], [ 151.17925075688575, -33.878334464416412 ], [ 151.179243426701618, -33.878325743849658 ], [ 151.179056336748545, -33.878369997964441 ] ], [ [ 151.178773855572331, -33.900134642895246 ], [ 151.178067503395766, -33.900270969796239 ], [ 151.178089091797943, -33.900319429346069 ], [ 151.1786913, -33.900203 ], [ 151.178695431512523, -33.900231454166658 ], [ 151.1787517191718, -33.900218144093941 ], [ 151.178773855572331, -33.900134642895246 ] ], [ [ 151.179222082058516, -33.878300350562043 ], [ 151.179032947829768, -33.878351771983219 ], [ 151.179226768418857, -33.878305925831135 ], [ 151.179222082058516, -33.878300350562043 ] ], [ [ 151.179171483008929, -33.875024835729171 ], [ 151.17928225503411, -33.874998632536858 ], [ 151.179254588782783, -33.874965018145296 ], [ 151.179138622081012, -33.874992450123109 ], [ 151.179171483008929, -33.875024835729171 ] ], [ [ 151.1791720469935, -33.878201466117552 ], [ 151.178909108117836, -33.878255268808367 ], [ 151.178999133459087, -33.878325421873392 ], [ 151.179202684820439, -33.878277274046688 ], [ 151.179157067582082, -33.878223004049801 ], [ 151.1791720469935, -33.878201466117552 ] ], [ [ 151.179163166685299, -33.876526789839531 ], [ 151.179223228245661, -33.876512582548287 ], [ 151.179201980451893, -33.876486275424725 ], [ 151.179141407184943, -33.876500603751545 ], [ 151.179163166685299, -33.876526789839531 ] ], [ [ 151.179209481221562, -33.876472422000255 ], [ 151.179207074813661, -33.876472991225874 ], [ 151.179207527398802, -33.876473578457379 ], [ 151.179209481221562, -33.876472422000255 ] ], [ [ 151.178859536459186, -33.888104746697955 ], [ 151.178907891382721, -33.888108796745527 ], [ 151.178901558576598, -33.888094197003397 ], [ 151.178859536459186, -33.888104746697955 ] ], [ [ 151.178840105137027, -33.889465426501488 ], [ 151.178428306121077, -33.889552788467498 ], [ 151.178374607307859, -33.8895755160774 ], [ 151.178840105137027, -33.889465426501488 ] ], [ [ 151.1783491, -33.8781085 ], [ 151.178012440939739, -33.878188316773802 ], [ 151.1780838, -33.878246 ], [ 151.178053200875638, -33.878262881393958 ], [ 151.178382215153192, -33.878185059167635 ], [ 151.178334677223546, -33.878169787205458 ], [ 151.178488112650001, -33.878114813867782 ], [ 151.179082570449651, -33.877971014461444 ], [ 151.178314041702208, -33.878141150777417 ], [ 151.178913071985221, -33.877994334469335 ], [ 151.17885540381107, -33.877984698980796 ], [ 151.17891919885966, -33.877962999297509 ], [ 151.178616850566698, -33.878021865085771 ], [ 151.179018484546674, -33.87790681215543 ], [ 151.178475486276938, -33.87803525128983 ], [ 151.1783491, -33.8781085 ] ], [ [ 151.179005487845131, -33.874513089905982 ], [ 151.179100322169887, -33.874507334308461 ], [ 151.179138797241933, -33.874481555444909 ], [ 151.179005487845131, -33.874513089905982 ] ], [ [ 151.178388899999987, -33.8980262 ], [ 151.178366913922076, -33.898053600569014 ], [ 151.178625928786943, -33.897992351250188 ], [ 151.178491718284562, -33.897957381955536 ], [ 151.178350757510543, -33.897982673909944 ], [ 151.178388899999987, -33.8980262 ] ], [ [ 151.178773106241721, -33.888849756251133 ], [ 151.178528575967817, -33.888907587911426 ], [ 151.178562526013479, -33.88898725648054 ], [ 151.178691194802724, -33.888955882874193 ], [ 151.17866890280871, -33.888904020181798 ], [ 151.178781805088249, -33.888870592331223 ], [ 151.178773106241721, -33.888849756251133 ] ], [ [ 151.178613277544741, -33.896522720655852 ], [ 151.178599769672957, -33.896518804283275 ], [ 151.178600851714833, -33.896525659067315 ], [ 151.178613277544741, -33.896522720655852 ] ], [ [ 151.178960480005713, -33.877833735418484 ], [ 151.178794903373955, -33.877864313398291 ], [ 151.178507393316579, -33.877939233259369 ], [ 151.178735499314769, -33.877904467489124 ], [ 151.178544799170396, -33.877969843197818 ], [ 151.178759620779999, -33.877923231615455 ], [ 151.178545644887834, -33.877990678600618 ], [ 151.178995995959099, -33.877878480035953 ], [ 151.178960480005713, -33.877833735418484 ] ], [ [ 151.178832717737549, -33.876253997897159 ], [ 151.178990669275606, -33.876186238401445 ], [ 151.178915051464344, -33.876094429812916 ], [ 151.178761805527841, -33.876130679171531 ], [ 151.178775920742709, -33.876155226036765 ], [ 151.178933581039558, -33.876134738487316 ], [ 151.178799118792028, -33.876195568244491 ], [ 151.178952257523775, -33.876163545728723 ], [ 151.178803839402775, -33.876203777544333 ], [ 151.178832717737549, -33.876253997897159 ] ], [ [ 151.178946878137566, -33.877816599150115 ], [ 151.178702227716741, -33.877876908721667 ], [ 151.178948015402625, -33.877818031930033 ], [ 151.178946878137566, -33.877816599150115 ] ], [ [ 151.178878670154802, -33.880836692493553 ], [ 151.1788043447973, -33.88080828598256 ], [ 151.178824600000013, -33.8808233 ], [ 151.178786758027599, -33.880858432324125 ], [ 151.178878670154802, -33.880836692493553 ] ], [ [ 151.178941709973628, -33.875248037676812 ], [ 151.178838484377309, -33.875287417270783 ], [ 151.178951937428508, -33.875260580305778 ], [ 151.178941709973628, -33.875248037676812 ] ], [ [ 151.178794806864119, -33.880801216058025 ], [ 151.178797384714983, -33.880768996250588 ], [ 151.178762478171222, -33.880777252632548 ], [ 151.178794806864119, -33.880801216058025 ] ], [ [ 151.178533915088167, -33.876636611029461 ], [ 151.178883409812954, -33.876555285203374 ], [ 151.178693189619253, -33.876572579201905 ], [ 151.178533915088167, -33.876636611029461 ] ], [ [ 151.178786941197302, -33.872701327767885 ], [ 151.178821327506142, -33.872712368061663 ], [ 151.178895428974016, -33.872694839002918 ], [ 151.178786941197302, -33.872701327767885 ] ], [ [ 151.178713699277665, -33.880985347423731 ], [ 151.178692826506591, -33.880975191396026 ], [ 151.178687363870836, -33.880991576453539 ], [ 151.178713699277665, -33.880985347423731 ] ], [ [ 151.17868253432863, -33.8809309962136 ], [ 151.178706598209686, -33.880925304457122 ], [ 151.17871463256327, -33.880905351590748 ], [ 151.178694296370082, -33.88091016165167 ], [ 151.17868253432863, -33.8809309962136 ] ], [ [ 151.178650144872108, -33.876547508477657 ], [ 151.178791751338537, -33.876513406736422 ], [ 151.178670783131452, -33.876531581024537 ], [ 151.178650144872108, -33.876547508477657 ] ], [ [ 151.178757635751566, -33.876472504231934 ], [ 151.178786438846373, -33.87645593288849 ], [ 151.178732826721557, -33.87648369919706 ], [ 151.178757635751566, -33.876472504231934 ] ], [ [ 151.178284400277448, -33.888036836387911 ], [ 151.178531117640347, -33.887978487314584 ], [ 151.178534820028545, -33.887970792070902 ], [ 151.178490358990615, -33.887976166036623 ], [ 151.178284400277448, -33.888036836387911 ] ], [ [ 151.178747166294698, -33.876503168307998 ], [ 151.17869011212855, -33.876516663977945 ], [ 151.178777981988674, -33.876496898132793 ], [ 151.178747166294698, -33.876503168307998 ] ], [ [ 151.178737058709373, -33.878106598221684 ], [ 151.178728470929059, -33.878114505104321 ], [ 151.178742223970886, -33.87811125200993 ], [ 151.178737058709373, -33.878106598221684 ] ], [ [ 151.178647348812888, -33.880950319435719 ], [ 151.178573068626633, -33.880991602510768 ], [ 151.17865381430488, -33.880972504052998 ], [ 151.178647348812888, -33.880950319435719 ] ], [ [ 151.178479176883997, -33.877917929686156 ], [ 151.178668244904287, -33.877865450371651 ], [ 151.178471352713842, -33.877912022388514 ], [ 151.178479176883997, -33.877917929686156 ] ], [ [ 151.177757096518292, -33.87282253589273 ], [ 151.177705894099518, -33.872861086370825 ], [ 151.177742099529297, -33.872916474083773 ], [ 151.177650773282323, -33.872953305199495 ], [ 151.177697753498961, -33.873006135854062 ], [ 151.177591311136325, -33.873041466363105 ], [ 151.177685656074232, -33.873067658756675 ], [ 151.177676725716452, -33.873101921289283 ], [ 151.177623438303328, -33.873118246828597 ], [ 151.177682691666433, -33.873131446338128 ], [ 151.177773848225229, -33.873065580956428 ], [ 151.17804208971117, -33.873002129663483 ], [ 151.178063947841736, -33.872962623900364 ], [ 151.178153140964014, -33.872934083924342 ], [ 151.178249622255748, -33.872776752929539 ], [ 151.17877868123756, -33.872644316665038 ], [ 151.178213819280785, -33.872764873685526 ], [ 151.17818466076136, -33.872727038017764 ], [ 151.178262305350643, -33.872684011271538 ], [ 151.178161740237613, -33.872697465230047 ], [ 151.178124586175755, -33.872665355020125 ], [ 151.178190583422321, -33.872626609440246 ], [ 151.178195636565164, -33.872603992829831 ], [ 151.178053078731892, -33.872692779315585 ], [ 151.177653787004033, -33.872787230127926 ], [ 151.177731119218521, -33.87278882782239 ], [ 151.177757096518292, -33.87282253589273 ] ], [ [ 151.178679141492921, -33.876566576234801 ], [ 151.178615294833151, -33.876574403764685 ], [ 151.178601702239604, -33.876584893751421 ], [ 151.178679141492921, -33.876566576234801 ] ], [ [ 151.178546987711371, -33.881032233626392 ], [ 151.178555847182054, -33.88102365354635 ], [ 151.178468291476122, -33.881050847249384 ], [ 151.178546987711371, -33.881032233626392 ] ], [ [ 151.177541398934835, -33.874656723643824 ], [ 151.177433636856506, -33.874625466573512 ], [ 151.177367428726427, -33.87464112716804 ], [ 151.177261107316127, -33.874742262983851 ], [ 151.175910038412951, -33.875062647449511 ], [ 151.176149656168519, -33.875029194099284 ], [ 151.176270075000389, -33.875071108447742 ], [ 151.177149887947081, -33.87486300744213 ], [ 151.177226979670195, -33.874890988978287 ], [ 151.17719343324535, -33.87495529226144 ], [ 151.176039908240284, -33.875239474931206 ], [ 151.176390673014311, -33.875164235103291 ], [ 151.176438554905417, -33.875183827344777 ], [ 151.177227388701539, -33.874998164201962 ], [ 151.177265317621817, -33.875011931002611 ], [ 151.17727621584018, -33.87506034506562 ], [ 151.178685397019336, -33.874726501158435 ], [ 151.17814690858097, -33.874844802463194 ], [ 151.178119303349604, -33.874801146884955 ], [ 151.177829746092954, -33.874867855298305 ], [ 151.177777162395216, -33.87482426860992 ], [ 151.177250679319883, -33.874934087750304 ], [ 151.177262135731638, -33.874890135671379 ], [ 151.178567925782829, -33.874581264083012 ], [ 151.178548866935529, -33.874558117813422 ], [ 151.177256703815914, -33.874849052988253 ], [ 151.177268160211185, -33.874805100907707 ], [ 151.178319487182364, -33.874556420950569 ], [ 151.17738648043877, -33.874761318709318 ], [ 151.177344430433095, -33.874746056114319 ], [ 151.17736272837999, -33.874710981570587 ], [ 151.17827052726642, -33.874496251213777 ], [ 151.177541398934835, -33.874656723643824 ] ], [ [ 151.178411770969802, -33.880391710424547 ], [ 151.177934946188202, -33.880508105488786 ], [ 151.177915027852976, -33.880484714442261 ], [ 151.17756793865189, -33.88054004335789 ], [ 151.177569023111886, -33.880489049537452 ], [ 151.177715493088073, -33.880436111286748 ], [ 151.177303854683117, -33.880533471171248 ], [ 151.177282466489913, -33.880765802606369 ], [ 151.177727947976024, -33.880651009350935 ], [ 151.177347794060552, -33.880736383021897 ], [ 151.17774681580201, -33.880633817839424 ], [ 151.177725867239133, -33.880596407812916 ], [ 151.17776011260608, -33.880555259643806 ], [ 151.178552920148945, -33.880384568414776 ], [ 151.178411770969802, -33.880391710424547 ] ], [ [ 151.177971306914998, -33.899342731944515 ], [ 151.177959821008045, -33.899386783508852 ], [ 151.177777038662299, -33.899434788106738 ], [ 151.177783233081158, -33.899459203777965 ], [ 151.178127158622004, -33.899377878783511 ], [ 151.178145382381132, -33.899290310533111 ], [ 151.177971306914998, -33.899342731944515 ] ], [ [ 151.177194055745247, -33.886201369073724 ], [ 151.178413643621582, -33.885928191834957 ], [ 151.178394183087079, -33.885866764711778 ], [ 151.177817192413215, -33.886003226294655 ], [ 151.17770768970874, -33.885997465576047 ], [ 151.177213441791764, -33.886089034799205 ], [ 151.177192569735666, -33.886132875146068 ], [ 151.17708433324006, -33.886165382683913 ], [ 151.17709653442526, -33.886204727051329 ], [ 151.177194055745247, -33.886201369073724 ] ], [ [ 151.178562499607864, -33.875833583508573 ], [ 151.178602679070849, -33.875811301644504 ], [ 151.178553952367025, -33.87582282757365 ], [ 151.178562499607864, -33.875833583508573 ] ], [ [ 151.178282071211527, -33.88115741346224 ], [ 151.178478120245245, -33.881108986200097 ], [ 151.17848097150781, -33.881085151730865 ], [ 151.178353203638693, -33.881115371893898 ], [ 151.178282071211527, -33.88115741346224 ] ], [ [ 151.178550115087859, -33.877787316549075 ], [ 151.178520481972612, -33.877790124342091 ], [ 151.178545217815696, -33.877777334079063 ], [ 151.178353136254174, -33.877822768062281 ], [ 151.178550115087859, -33.877787316549075 ] ], [ [ 151.177274439658788, -33.880844301464172 ], [ 151.177652845025534, -33.88077182116723 ], [ 151.177675240269167, -33.880819279437191 ], [ 151.177634525394836, -33.880873461704958 ], [ 151.17751135149814, -33.880909504456376 ], [ 151.177595021294565, -33.880937096458901 ], [ 151.177545090113256, -33.881002113967696 ], [ 151.177623949743804, -33.880991777853922 ], [ 151.177649929334876, -33.881025485984736 ], [ 151.177513700850568, -33.881105170507197 ], [ 151.177546898562923, -33.881146718392223 ], [ 151.17761725611814, -33.881142338546141 ], [ 151.177621647099556, -33.881168119270235 ], [ 151.177776190988169, -33.881077869157089 ], [ 151.17772295200362, -33.881023597809978 ], [ 151.1779194534721, -33.880900599084384 ], [ 151.178454915273505, -33.880773950163537 ], [ 151.178446146706506, -33.880741627010124 ], [ 151.178207050317326, -33.880783568810678 ], [ 151.178167582168044, -33.880760718857779 ], [ 151.178177789146247, -33.880721561705784 ], [ 151.17824409445214, -33.880701626631009 ], [ 151.178213517731223, -33.88064129150677 ], [ 151.178366602958221, -33.880602956957688 ], [ 151.178359683836618, -33.880575798195324 ], [ 151.177917517716764, -33.880652954471117 ], [ 151.177276709133309, -33.880822107025203 ], [ 151.177274439658788, -33.880844301464172 ] ], [ [ 151.178184940059481, -33.888848678215183 ], [ 151.178188290794168, -33.888856644818823 ], [ 151.178281262728774, -33.888825898145477 ], [ 151.178184940059481, -33.888848678215183 ] ], [ [ 151.178578289065285, -33.873407707770362 ], [ 151.178340438383117, -33.873512101198457 ], [ 151.17860041708505, -33.873450603520055 ], [ 151.178578289065285, -33.873407707770362 ] ], [ [ 151.178400088889305, -33.877858217694076 ], [ 151.178496262010782, -33.877821789546211 ], [ 151.17838629233691, -33.877847801186562 ], [ 151.178400088889305, -33.877858217694076 ] ], [ [ 151.178482053823359, -33.877883005994725 ], [ 151.178450323621178, -33.877880100428065 ], [ 151.178434141891046, -33.877883927965932 ], [ 151.178445114927086, -33.877892212685268 ], [ 151.178482053823359, -33.877883005994725 ] ], [ [ 151.178180821684123, -33.890149101834581 ], [ 151.177885562037886, -33.890237227075168 ], [ 151.177899336350066, -33.890269946733937 ], [ 151.178202313509075, -33.890198295240211 ], [ 151.178180821684123, -33.890149101834581 ] ], [ [ 151.177933707767352, -33.898603085099317 ], [ 151.17784560000004, -33.8987157 ], [ 151.177806762717239, -33.898768869452205 ], [ 151.177921244412971, -33.898741798837861 ], [ 151.177933707767352, -33.898603085099317 ] ], [ [ 151.178391350548736, -33.875720077466845 ], [ 151.177752155536695, -33.87587127136203 ], [ 151.177681737791403, -33.875858501438138 ], [ 151.177663558405982, -33.875819975098516 ], [ 151.177704650455809, -33.875770597204408 ], [ 151.1778778000768, -33.875722533893999 ], [ 151.177887123048976, -33.875695419483449 ], [ 151.178251682213329, -33.875609187235767 ], [ 151.177922900778384, -33.875663700792117 ], [ 151.177920500980832, -33.87564080078441 ], [ 151.178071387748474, -33.87560511035025 ], [ 151.178035353323423, -33.875556632556332 ], [ 151.177950401744141, -33.875562300997544 ], [ 151.177947601985579, -33.875535000988748 ], [ 151.178063653770351, -33.875497852129428 ], [ 151.177127569356543, -33.87571516620801 ], [ 151.177015537421511, -33.875651329288075 ], [ 151.176810923115141, -33.875699726341509 ], [ 151.176805835364206, -33.875744945863921 ], [ 151.176455124587477, -33.875804794072856 ], [ 151.17641824059757, -33.875873617532569 ], [ 151.176065383930393, -33.875957075734263 ], [ 151.176160265710394, -33.876002704762492 ], [ 151.177089170300889, -33.875788745117688 ], [ 151.177123702715107, -33.875808739070614 ], [ 151.177122599563489, -33.875878771134722 ], [ 151.177260563297864, -33.875905536545652 ], [ 151.17725163242207, -33.875939799017083 ], [ 151.177139270136536, -33.875989613931537 ], [ 151.176450584318474, -33.876152505958004 ], [ 151.176409507297677, -33.876145056405996 ], [ 151.176402039195295, -33.876110551255792 ], [ 151.176497911127626, -33.876076031064599 ], [ 151.176495146091838, -33.876032661838821 ], [ 151.176277257506626, -33.876058966421212 ], [ 151.1763185, -33.876078800000023 ], [ 151.176282182376042, -33.876164073817243 ], [ 151.176335662980847, -33.876169487571055 ], [ 151.176267964122275, -33.876197079808748 ], [ 151.177413142568355, -33.875926214963876 ], [ 151.17761143461874, -33.875911082624796 ], [ 151.177704446338169, -33.875953783115612 ], [ 151.178010179325639, -33.875824900189201 ], [ 151.178391350548736, -33.875720077466845 ] ], [ [ 151.178252949448762, -33.877659947444592 ], [ 151.178248136269104, -33.877637711527385 ], [ 151.178166261108174, -33.877651056670956 ], [ 151.178249922512663, -33.877627963113049 ], [ 151.178210923288219, -33.87761516014622 ], [ 151.178296071375797, -33.877576062971052 ], [ 151.178083563458557, -33.877619237454304 ], [ 151.178167520430094, -33.877682626111536 ], [ 151.178252949448762, -33.877659947444592 ] ], [ [ 151.17803159201145, -33.877596775623289 ], [ 151.178093988977082, -33.877591898552275 ], [ 151.178247885880666, -33.87755549683515 ], [ 151.17803159201145, -33.877596775623289 ] ], [ [ 151.177973164844559, -33.877518096750087 ], [ 151.17790320287537, -33.877543792487565 ], [ 151.178043063734293, -33.87754778155572 ], [ 151.177976642073673, -33.877574099117993 ], [ 151.178214382700475, -33.877517865718282 ], [ 151.1782016491251, -33.877476792844199 ], [ 151.1780607812818, -33.8774980706443 ], [ 151.178213246457062, -33.877452954889819 ], [ 151.177923867362381, -33.877500319208465 ], [ 151.178020309971771, -33.877497332709716 ], [ 151.1778844868997, -33.877536068834168 ], [ 151.177973164844559, -33.877518096750087 ] ], [ [ 151.17796467776779, -33.888153445609923 ], [ 151.177965005376109, -33.88812684276995 ], [ 151.177888877423584, -33.888144846806846 ], [ 151.177900359361558, -33.888172136150153 ], [ 151.17796467776779, -33.888153445609923 ] ], [ [ 151.178087074560921, -33.880204365279162 ], [ 151.177283795944845, -33.880408164977972 ], [ 151.177290909027533, -33.880452600177861 ], [ 151.178128790340708, -33.88025442435621 ], [ 151.178087074560921, -33.880204365279162 ] ], [ [ 151.177927570111763, -33.880131405402913 ], [ 151.177908231028397, -33.880106796550912 ], [ 151.17770594365814, -33.880130084338013 ], [ 151.177678737847884, -33.880187077500757 ], [ 151.177558261570994, -33.880220887918711 ], [ 151.177568231575947, -33.88023382398071 ], [ 151.17813134325354, -33.88008944487337 ], [ 151.177927570111763, -33.880131405402913 ] ], [ [ 151.176713299999989, -33.885024 ], [ 151.176001803496149, -33.885238508361184 ], [ 151.177337316646089, -33.884922665052166 ], [ 151.177293570562085, -33.884864671388293 ], [ 151.177341516874179, -33.884807064242978 ], [ 151.178000203625572, -33.884651281033271 ], [ 151.177949916662925, -33.884656649078067 ], [ 151.177937151091584, -33.884617601402027 ], [ 151.177165095199229, -33.88478614507865 ], [ 151.1771759, -33.88482 ], [ 151.176680380179732, -33.884937189823788 ], [ 151.176713299999989, -33.885024 ] ], [ [ 151.177508108238328, -33.899341442828153 ], [ 151.177132376772306, -33.899430286630796 ], [ 151.177141482213898, -33.899449838761818 ], [ 151.17751920579289, -33.899360523902899 ], [ 151.177508108238328, -33.899341442828153 ] ], [ [ 151.177186075702735, -33.885581934265858 ], [ 151.177216834131542, -33.885601924268563 ], [ 151.177736694198614, -33.885482081735915 ], [ 151.177455088044042, -33.885543675718012 ], [ 151.177443344404168, -33.885506688198959 ], [ 151.17717466200358, -33.885557628549336 ], [ 151.177437836053826, -33.885489339204739 ], [ 151.177422956569188, -33.88544247503328 ], [ 151.17673457682838, -33.885614129526346 ], [ 151.1769016, -33.8855792 ], [ 151.176917087470741, -33.88562891830469 ], [ 151.177186075702735, -33.885581934265858 ] ], [ [ 151.177832285502888, -33.877514526494288 ], [ 151.177855655212284, -33.877494568038621 ], [ 151.177810057184786, -33.877505353358565 ], [ 151.177832285502888, -33.877514526494288 ] ], [ [ 151.176195799999988, -33.8904801 ], [ 151.17567125216371, -33.8906401519206 ], [ 151.1757, -33.8907063 ], [ 151.175587846982211, -33.890739309695356 ], [ 151.175595976944862, -33.890758104767762 ], [ 151.1757106, -33.890731 ], [ 151.175738262126401, -33.890794608103569 ], [ 151.176184360904614, -33.89068525239685 ], [ 151.176508796753211, -33.890556785115038 ], [ 151.177498760665344, -33.890298763301629 ], [ 151.177520890651664, -33.890221196777368 ], [ 151.177576383899577, -33.890189460889189 ], [ 151.177564327256505, -33.890161571549278 ], [ 151.176639999397878, -33.890380159338655 ], [ 151.176535176771324, -33.890363811895931 ], [ 151.176181532031222, -33.890447440390027 ], [ 151.176195799999988, -33.8904801 ] ], [ [ 151.17713572809663, -33.885905598856958 ], [ 151.177535580794398, -33.885839709791242 ], [ 151.177508484332293, -33.885720076409427 ], [ 151.177668828596893, -33.885677519415673 ], [ 151.177101789895914, -33.885824533895587 ], [ 151.17713572809663, -33.885905598856958 ] ], [ [ 151.177227951187916, -33.873336784119466 ], [ 151.177092027410453, -33.873313479789751 ], [ 151.177090150094358, -33.873346116358078 ], [ 151.176707559056268, -33.873436612686554 ], [ 151.176679138436413, -33.873415252460077 ], [ 151.176253809526287, -33.873527468703386 ], [ 151.177492080654559, -33.873292748812794 ], [ 151.177528750127749, -33.873326718439309 ], [ 151.177627698097837, -33.873332723544372 ], [ 151.177618767684464, -33.873366986069712 ], [ 151.177521907306954, -33.873393618331541 ], [ 151.177600741045723, -33.873406398096293 ], [ 151.177593027764885, -33.873454644948261 ], [ 151.177899896861589, -33.873382057285014 ], [ 151.177794834269207, -33.873390863497825 ], [ 151.177703203531649, -33.873336619221433 ], [ 151.177648014015801, -33.873214522188611 ], [ 151.177536957000342, -33.87324079183967 ], [ 151.177534023339859, -33.873264385833309 ], [ 151.177227951187916, -33.873336784119466 ] ], [ [ 151.177729644576516, -33.877502608453753 ], [ 151.177761543062388, -33.877480732568323 ], [ 151.177723243373435, -33.877489791580722 ], [ 151.177729644576516, -33.877502608453753 ] ], [ [ 151.176626163878808, -33.898754066464285 ], [ 151.177260230198357, -33.898580139284917 ], [ 151.177062846508505, -33.898626811981693 ], [ 151.177006489493465, -33.898550808219895 ], [ 151.176869462601218, -33.898583208894429 ], [ 151.1769069, -33.8986578 ], [ 151.176626163878808, -33.898754066464285 ] ], [ [ 151.17741327797458, -33.887539538057759 ], [ 151.177177606999351, -33.887587795529171 ], [ 151.177035235238208, -33.887628086655347 ], [ 151.17741327797458, -33.887539538057759 ] ], [ [ 151.176740006742136, -33.882531746801305 ], [ 151.177078538427338, -33.882391282625505 ], [ 151.177303543722587, -33.882252096283189 ], [ 151.177441842197936, -33.882219387151224 ], [ 151.17737952206059, -33.882143598076276 ], [ 151.17752946395683, -33.882064856880085 ], [ 151.177485744880244, -33.882075197004369 ], [ 151.17745002160791, -33.882027994373935 ], [ 151.177407944251343, -33.882037946186287 ], [ 151.1774378, -33.8820751 ], [ 151.1771518, -33.8822339 ], [ 151.177066939213631, -33.882253970324193 ], [ 151.177095900000012, -33.8822864 ], [ 151.176948, -33.8824088 ], [ 151.176693162710336, -33.882469070460516 ], [ 151.176740006742136, -33.882531746801305 ] ], [ [ 151.177381356956857, -33.888022003154681 ], [ 151.177394478044675, -33.888016236600819 ], [ 151.177380285764144, -33.888019592971617 ], [ 151.177381356956857, -33.888022003154681 ] ], [ [ 151.177365823835856, -33.88878882262847 ], [ 151.177057123992142, -33.888866172318409 ], [ 151.17736921067322, -33.888792367386131 ], [ 151.177365823835856, -33.88878882262847 ] ], [ [ 151.17705650183558, -33.897274510929137 ], [ 151.177058675015019, -33.897279506592866 ], [ 151.177172087426555, -33.897247179490428 ], [ 151.17705650183558, -33.897274510929137 ] ], [ [ 151.177427869189529, -33.880767703567322 ], [ 151.177279112685369, -33.880798601353149 ], [ 151.177278663619546, -33.880802993018683 ], [ 151.177427869189529, -33.880767703567322 ] ], [ [ 151.177309229040134, -33.881739132045773 ], [ 151.177184179506384, -33.881763579869052 ], [ 151.177283635813154, -33.881734932914867 ], [ 151.177185245097121, -33.881732841476058 ], [ 151.17735301613331, -33.88169147237307 ], [ 151.176974585655046, -33.881775658556684 ], [ 151.176986621978244, -33.881855217692504 ], [ 151.177200485117879, -33.881804636919526 ], [ 151.177309229040134, -33.881739132045773 ] ], [ [ 151.176983646260851, -33.897108151851072 ], [ 151.177022457207272, -33.897096802581672 ], [ 151.176982787115605, -33.897106182976977 ], [ 151.176983646260851, -33.897108151851072 ] ], [ [ 151.176917812361268, -33.89693398263281 ], [ 151.176918174260351, -33.896934791477172 ], [ 151.176930034508558, -33.896931092583984 ], [ 151.176917812361268, -33.89693398263281 ] ], [ [ 151.177373502695275, -33.874583735118513 ], [ 151.177375568041128, -33.874576250641219 ], [ 151.17737206221841, -33.874577079893697 ], [ 151.177373502695275, -33.874583735118513 ] ], [ [ 151.176771164395177, -33.875364641748263 ], [ 151.176764765569743, -33.87538775838788 ], [ 151.177359415881796, -33.875247105359719 ], [ 151.177357382560501, -33.875202036483913 ], [ 151.176771164395177, -33.875364641748263 ] ], [ [ 151.176990945346006, -33.884305225707607 ], [ 151.177005145273483, -33.884347091824807 ], [ 151.177143540072763, -33.884269136767522 ], [ 151.176990945346006, -33.884305225707607 ] ], [ [ 151.177246770964501, -33.876415497591971 ], [ 151.176898772233727, -33.876496470804888 ], [ 151.177249324860782, -33.876418651740593 ], [ 151.177246770964501, -33.876415497591971 ] ], [ [ 151.17707001477649, -33.883282515440271 ], [ 151.176720847604372, -33.883357816535607 ], [ 151.176729892935981, -33.88338624384987 ], [ 151.177075458592924, -33.883304516374793 ], [ 151.17707001477649, -33.883282515440271 ] ], [ [ 151.177181764128818, -33.875447665798696 ], [ 151.176791146299365, -33.875540058409406 ], [ 151.177091114530327, -33.875478757025064 ], [ 151.177126980404779, -33.875504912357599 ], [ 151.177170852730768, -33.875494535199842 ], [ 151.177181764128818, -33.875447665798696 ] ], [ [ 151.176286149218157, -33.882098296439743 ], [ 151.176392744359646, -33.882161460691144 ], [ 151.176437980195459, -33.882155052901467 ], [ 151.176460905069291, -33.882096570015506 ], [ 151.176934227808005, -33.881983718360843 ], [ 151.176935304424745, -33.88195961924351 ], [ 151.176702057677232, -33.882008762736938 ], [ 151.17694222448489, -33.881955467252887 ], [ 151.17698682545776, -33.881929069216973 ], [ 151.176845804046025, -33.881956400901224 ], [ 151.177022204622745, -33.881908889305031 ], [ 151.176734848675437, -33.881968448283949 ], [ 151.176930444857277, -33.881901216417823 ], [ 151.176289208720078, -33.882052872157381 ], [ 151.176286149218157, -33.882098296439743 ] ], [ [ 151.176379982427335, -33.884605982799116 ], [ 151.176636678106888, -33.884554640618781 ], [ 151.176956855675684, -33.884374292329966 ], [ 151.176347518961848, -33.884518399079035 ], [ 151.176379982427335, -33.884605982799116 ] ], [ [ 151.177166292716379, -33.872995826826525 ], [ 151.17717216838588, -33.872999532279088 ], [ 151.177167056011342, -33.872992898408555 ], [ 151.177166292716379, -33.872995826826525 ] ], [ [ 151.177140803560604, -33.872954503469977 ], [ 151.177159883273532, -33.872970557867156 ], [ 151.177169274252435, -33.872947769038937 ], [ 151.177140803560604, -33.872954503469977 ] ], [ [ 151.177154064119833, -33.87318517290376 ], [ 151.177136872082826, -33.873113650677155 ], [ 151.176121479771069, -33.873369902122775 ], [ 151.176918755325119, -33.873186343016961 ], [ 151.177154064119833, -33.87318517290376 ] ], [ [ 151.177135639074862, -33.873016145968784 ], [ 151.177081258233983, -33.87302440100008 ], [ 151.177100769560724, -33.873053433452107 ], [ 151.177114315591211, -33.873050430432421 ], [ 151.177135639074862, -33.873016145968784 ] ], [ [ 151.176787744444709, -33.875627251228494 ], [ 151.177012627401865, -33.875582274602671 ], [ 151.177025660889541, -33.87555827146047 ], [ 151.176808242377831, -33.875609697140554 ], [ 151.176787744444709, -33.875627251228494 ] ], [ [ 151.1757528, -33.9004459 ], [ 151.174987369857092, -33.900626874299583 ], [ 151.174975847502992, -33.900595792227719 ], [ 151.174124584293594, -33.900784784609954 ], [ 151.174158255062679, -33.900886232328411 ], [ 151.175501721331244, -33.900587783262949 ], [ 151.175807531688605, -33.900505138432472 ], [ 151.17601437363129, -33.900416180824472 ], [ 151.176474022419967, -33.900304329580528 ], [ 151.176430725567627, -33.900211105045081 ], [ 151.1757528, -33.9004459 ] ], [ [ 151.176720104788444, -33.88815831273655 ], [ 151.176651371972696, -33.888204156018475 ], [ 151.176731742764076, -33.888185149449079 ], [ 151.176720104788444, -33.88815831273655 ] ], [ [ 151.177025409043551, -33.873283865322421 ], [ 151.176933093083449, -33.873315326812865 ], [ 151.177031683152336, -33.873292006670361 ], [ 151.177025409043551, -33.873283865322421 ] ], [ [ 151.177020912696776, -33.873250535310419 ], [ 151.176088060476332, -33.873476087722089 ], [ 151.176088742314704, -33.873515042730858 ], [ 151.176121450900382, -33.873481881717154 ], [ 151.177020912696776, -33.873250535310419 ] ], [ [ 151.176559454492491, -33.873664006967907 ], [ 151.176839675881268, -33.873605440857162 ], [ 151.176858846162673, -33.87358015967866 ], [ 151.176491566288064, -33.873667033380151 ], [ 151.176806114590192, -33.873600539381812 ], [ 151.176559454492491, -33.873664006967907 ] ], [ [ 151.176275558301796, -33.900780922519829 ], [ 151.17613444178653, -33.900814288286163 ], [ 151.176125165683231, -33.900792747832192 ], [ 151.17576417905093, -33.90087809909685 ], [ 151.175783358185612, -33.900918531602798 ], [ 151.176275558301796, -33.900780922519829 ] ], [ [ 151.176402508742768, -33.885654928090851 ], [ 151.176421486124354, -33.885679632278709 ], [ 151.176553296564492, -33.88565204652199 ], [ 151.17648335799305, -33.885635807886715 ], [ 151.176402508742768, -33.885654928090851 ] ], [ [ 151.173925690728254, -33.900211433860136 ], [ 151.175401748192996, -33.899884331015471 ], [ 151.175711695097959, -33.899786838015295 ], [ 151.175692795290644, -33.899745975406788 ], [ 151.176157362709063, -33.899622527991518 ], [ 151.176135030996818, -33.899574351405782 ], [ 151.175757256554249, -33.899686827293607 ], [ 151.175769699999989, -33.8997172 ], [ 151.174748975358511, -33.899970473012338 ], [ 151.174709876367871, -33.899850972805041 ], [ 151.175055573133221, -33.899761365408686 ], [ 151.173577918728625, -33.90010337067968 ], [ 151.17387260000001, -33.9000517 ], [ 151.173889, -33.9001014 ], [ 151.173755385659348, -33.900145439924707 ], [ 151.173902199999986, -33.900112 ], [ 151.173925690728254, -33.900211433860136 ] ], [ [ 151.175674712122031, -33.899299311160611 ], [ 151.17565300180965, -33.899376134476313 ], [ 151.176013993381559, -33.899278912907533 ], [ 151.175988983638547, -33.899225003886265 ], [ 151.175674712122031, -33.899299311160611 ] ], [ [ 151.175925936796034, -33.899089353777569 ], [ 151.175909393357301, -33.899053754001216 ], [ 151.175451905990087, -33.899170128974063 ], [ 151.175925936796034, -33.899089353777569 ] ], [ [ 151.176267964749059, -33.883005671195619 ], [ 151.175965927200764, -33.883076388932515 ], [ 151.17595129708161, -33.883045385139361 ], [ 151.176064300084875, -33.883016534167822 ], [ 151.175757073826048, -33.883076340073238 ], [ 151.175776800000023, -33.8830997 ], [ 151.175722589042749, -33.883137211403643 ], [ 151.176267964749059, -33.883005671195619 ] ], [ [ 151.176236477086974, -33.882291504011668 ], [ 151.176279028258222, -33.882281440608253 ], [ 151.176236281479135, -33.882291250209342 ], [ 151.176236477086974, -33.882291504011668 ] ], [ [ 151.176273163731651, -33.881582846177906 ], [ 151.176273176694139, -33.881559568366711 ], [ 151.176261012663957, -33.881585719948511 ], [ 151.176273163731651, -33.881582846177906 ] ], [ [ 151.175490269410062, -33.90022253398115 ], [ 151.175859458069169, -33.900111782960607 ], [ 151.175814007794088, -33.900013982880566 ], [ 151.175748913640547, -33.900029730463409 ], [ 151.1757802, -33.9001177 ], [ 151.175481723136983, -33.900196540409425 ], [ 151.175490269410062, -33.90022253398115 ] ], [ [ 151.17600421536477, -33.880408530434345 ], [ 151.176260712207551, -33.880347867330393 ], [ 151.176004506664526, -33.880408180429463 ], [ 151.17600421536477, -33.880408530434345 ] ], [ [ 151.175715143938675, -33.898260026052547 ], [ 151.175324423001598, -33.898315102399891 ], [ 151.175319016719783, -33.898288801235374 ], [ 151.17497562268602, -33.898357501715857 ], [ 151.174900422666582, -33.8983493015701 ], [ 151.174896339902688, -33.898318727686053 ], [ 151.174855289837922, -33.898325672627536 ], [ 151.174862499999989, -33.8983512 ], [ 151.174594818127474, -33.898413209912789 ], [ 151.17460591794844, -33.898439781897494 ], [ 151.174691700000011, -33.8984195 ], [ 151.174751229018767, -33.898438454872391 ], [ 151.1750213, -33.8983746 ], [ 151.175290499999988, -33.8983498 ], [ 151.1752964, -33.8983813 ], [ 151.175723693777456, -33.898327005959288 ], [ 151.175715143938675, -33.898260026052547 ] ], [ [ 151.175894548369911, -33.874242762448546 ], [ 151.175886910368035, -33.874272063739298 ], [ 151.175668900630399, -33.874335891974816 ], [ 151.176007520710101, -33.874255800469818 ], [ 151.176069175810113, -33.874179578377351 ], [ 151.176232003604184, -33.874141065309246 ], [ 151.176182183139389, -33.874104749188021 ], [ 151.175637113014659, -33.874262474522979 ], [ 151.175662014559919, -33.874287953325315 ], [ 151.175894548369911, -33.874242762448546 ] ], [ [ 151.175635358421829, -33.899442649127238 ], [ 151.175641846543812, -33.899436721285007 ], [ 151.175634525165009, -33.899438452356605 ], [ 151.175635358421829, -33.899442649127238 ] ], [ [ 151.174981510935538, -33.901031194915817 ], [ 151.175040438224585, -33.901041245803626 ], [ 151.175586043753981, -33.900912246730364 ], [ 151.175579329427592, -33.900896707531516 ], [ 151.174981510935538, -33.901031194915817 ] ], [ [ 151.17539775972952, -33.90182947649221 ], [ 151.17550918841647, -33.901799096578365 ], [ 151.175499678862366, -33.901778856314181 ], [ 151.175120228103111, -33.901868569896713 ], [ 151.175155790653861, -33.901943311314014 ], [ 151.175523791472784, -33.901830177902646 ], [ 151.175410559505053, -33.901856876563855 ], [ 151.17539775972952, -33.90182947649221 ] ], [ [ 151.174356921927824, -33.901518823695632 ], [ 151.175244734748816, -33.901287463211325 ], [ 151.175207964975129, -33.901211175498183 ], [ 151.175298017354095, -33.90116639974795 ], [ 151.173639981466948, -33.901620482818629 ], [ 151.1743375, -33.9014604 ], [ 151.174356921927824, -33.901518823695632 ] ], [ [ 151.175660842838141, -33.874518507292059 ], [ 151.17547274978827, -33.87458169545851 ], [ 151.175664742389785, -33.874536525545295 ], [ 151.175660842838141, -33.874518507292059 ] ], [ [ 151.175504715257063, -33.874536782945675 ], [ 151.175663663750527, -33.874497965992113 ], [ 151.175503918457167, -33.874535748990162 ], [ 151.175504715257063, -33.874536782945675 ] ], [ [ 151.174452, -33.899217299999989 ], [ 151.174610885438142, -33.899234459411907 ], [ 151.174985788709506, -33.899137430107537 ], [ 151.174649961469242, -33.899179404401195 ], [ 151.174609935054576, -33.899143886892752 ], [ 151.174523077758607, -33.899143399947576 ], [ 151.174027747842786, -33.899273980637005 ], [ 151.173573375097845, -33.89929351282106 ], [ 151.1735784, -33.8993237 ], [ 151.173261653624081, -33.899398585632269 ], [ 151.1736229, -33.8993163 ], [ 151.173640931048141, -33.899370693150068 ], [ 151.173977799999989, -33.8992922 ], [ 151.174063172794177, -33.899309230065768 ], [ 151.174452, -33.899217299999989 ] ], [ [ 151.175034458815531, -33.885474703118234 ], [ 151.175195898694739, -33.885421282946226 ], [ 151.174779710721737, -33.885512088153703 ], [ 151.174847954882978, -33.885590875957149 ], [ 151.174932258582601, -33.885537302912851 ], [ 151.175063568559437, -33.885506250761274 ], [ 151.175034458815531, -33.885474703118234 ] ], [ [ 151.174003233981551, -33.90048143530084 ], [ 151.1745028, -33.9003794 ], [ 151.174521837201269, -33.900437106516648 ], [ 151.174548795719488, -33.90042394246138 ], [ 151.174532271319379, -33.9003735715199 ], [ 151.174853124951881, -33.900297712265576 ], [ 151.174830924704025, -33.900238857027524 ], [ 151.174370545436034, -33.900347703945044 ], [ 151.1743849, -33.9003912 ], [ 151.174003233981551, -33.90048143530084 ] ], [ [ 151.175147166658007, -33.883231213189553 ], [ 151.174716148957572, -33.883375697147137 ], [ 151.174853844128563, -33.883420308163672 ], [ 151.17516317086293, -33.883342544230608 ], [ 151.175123376342128, -33.883334900569217 ], [ 151.175115908271891, -33.883300395375699 ], [ 151.175182448380014, -33.883272815199533 ], [ 151.175147166658007, -33.883231213189553 ] ], [ [ 151.174756938348139, -33.901070632283044 ], [ 151.174551891219465, -33.90111911089776 ], [ 151.174759625439094, -33.901077761018136 ], [ 151.174756938348139, -33.901070632283044 ] ], [ [ 151.174885124911071, -33.883050944034501 ], [ 151.175048040103746, -33.882983652099767 ], [ 151.175039830770146, -33.88293372942514 ], [ 151.175135557495167, -33.882903090165279 ], [ 151.174887852125551, -33.882961669562285 ], [ 151.174919499999987, -33.8829716 ], [ 151.174885124911071, -33.883050944034501 ] ], [ [ 151.174150882955047, -33.889674450645686 ], [ 151.174282873934402, -33.889659501170421 ], [ 151.174882890910567, -33.889506993070441 ], [ 151.174846411038686, -33.88948951121094 ], [ 151.174190333389873, -33.889660985803808 ], [ 151.174150523695346, -33.889568335230386 ], [ 151.1741197, -33.8895779 ], [ 151.174150882955047, -33.889674450645686 ] ], [ [ 151.174562104884927, -33.899604062250589 ], [ 151.174628816526024, -33.899603920532535 ], [ 151.174626975697606, -33.89958872478045 ], [ 151.174562104884927, -33.899604062250589 ] ], [ [ 151.174798512156968, -33.885677423171714 ], [ 151.174741777987009, -33.88568591224989 ], [ 151.174729128813055, -33.885693830749069 ], [ 151.174798512156968, -33.885677423171714 ] ], [ [ 151.17376560825835, -33.899761614837402 ], [ 151.173772922982181, -33.899783808369293 ], [ 151.174415871303893, -33.899631798516666 ], [ 151.17420887724839, -33.899652769719104 ], [ 151.174205271998034, -33.899628396772869 ], [ 151.17417748791172, -33.899634965690318 ], [ 151.174186099999986, -33.8996622 ], [ 151.17376560825835, -33.899761614837402 ] ], [ [ 151.174274343608118, -33.885678325737366 ], [ 151.174391799430737, -33.88560381987412 ], [ 151.174137123070523, -33.885664043947479 ], [ 151.174274343608118, -33.885678325737366 ] ], [ [ 151.174022081802519, -33.900420847100484 ], [ 151.174019947842311, -33.90041449976593 ], [ 151.173929657168031, -33.900442698397868 ], [ 151.174022081802519, -33.900420847100484 ] ], [ [ 151.173245842700766, -33.889240746055464 ], [ 151.173209716168572, -33.889435205277614 ], [ 151.174010843458234, -33.889243250652406 ], [ 151.173946235734974, -33.889092885128321 ], [ 151.174243920689293, -33.889004743337352 ], [ 151.173245842700766, -33.889240746055464 ] ], [ [ 151.173765558105799, -33.901680566277811 ], [ 151.173929995586263, -33.901637502397342 ], [ 151.173667476896384, -33.901699566367732 ], [ 151.173765558105799, -33.901680566277811 ] ], [ [ 151.174148251461361, -33.888485701123273 ], [ 151.174133549771398, -33.888451847094998 ], [ 151.173339268110055, -33.888640500177289 ], [ 151.173332244620951, -33.888678653193494 ], [ 151.174148251461361, -33.888485701123273 ] ], [ [ 151.173930293792921, -33.886779268103368 ], [ 151.174092498855032, -33.886748897306077 ], [ 151.17407495723009, -33.886692188122481 ], [ 151.1739771, -33.8867682 ], [ 151.173930293792921, -33.886779268103368 ] ], [ [ 151.174048696192614, -33.887961924314098 ], [ 151.174037590048954, -33.887918986419166 ], [ 151.173749535682504, -33.88799645718553 ], [ 151.173763792088437, -33.88802929337384 ], [ 151.174048696192614, -33.887961924314098 ] ], [ [ 151.1736175, -33.8877941 ], [ 151.173633668390494, -33.887863074178242 ], [ 151.17399926495051, -33.88777081595353 ], [ 151.173979252607523, -33.887693445102762 ], [ 151.17348030567743, -33.887811426823724 ], [ 151.1736175, -33.8877941 ] ], [ [ 151.173692972329917, -33.897597658740402 ], [ 151.173690769161482, -33.897593965143216 ], [ 151.173647464758545, -33.897608418062745 ], [ 151.173692972329917, -33.897597658740402 ] ], [ [ 151.173597516314572, -33.897437627052597 ], [ 151.173596872879244, -33.89743654833326 ], [ 151.17358004173991, -33.897441758550393 ], [ 151.173597516314572, -33.897437627052597 ] ], [ [ 151.173517521015327, -33.899249221057438 ], [ 151.173509746026895, -33.899225026331166 ], [ 151.173281309246249, -33.899279033713334 ], [ 151.173283967234426, -33.899287153039289 ], [ 151.173517521015327, -33.899249221057438 ] ], [ [ 151.173065167696933, -33.899889837374971 ], [ 151.173178445750892, -33.899865730800819 ], [ 151.173177658924004, -33.899863242518954 ], [ 151.173065167696933, -33.899889837374971 ] ], [ [ 151.173146726343589, -33.897783063391024 ], [ 151.173108512834489, -33.897814547447403 ], [ 151.173156235048396, -33.89780326477554 ], [ 151.173146726343589, -33.897783063391024 ] ], [ [ 151.172547644331615, -33.89014459780573 ], [ 151.17330072409743, -33.889920566552632 ], [ 151.173141145188112, -33.889958298980837 ], [ 151.173067825288257, -33.889797231330959 ], [ 151.172659095783388, -33.889893874251108 ], [ 151.1726683, -33.8899611 ], [ 151.172616510775299, -33.890030111585787 ], [ 151.1726414, -33.890033 ], [ 151.172631599999988, -33.8900884 ], [ 151.172449476560388, -33.890164651322138 ], [ 151.172541761449253, -33.890177093757153 ], [ 151.172547644331615, -33.89014459780573 ] ], [ [ 151.172793954668663, -33.89776747627451 ], [ 151.172682241502059, -33.897759119883787 ], [ 151.172250413707587, -33.897861211768728 ], [ 151.172287609798644, -33.897880829337716 ], [ 151.1726037, -33.8978061 ], [ 151.172644241007532, -33.897820121692952 ], [ 151.173102930840514, -33.897697162037318 ], [ 151.172793954668663, -33.89776747627451 ] ], [ [ 151.173212408955465, -33.891962729651404 ], [ 151.172854420232284, -33.892047373108333 ], [ 151.172826049965551, -33.892077562740084 ], [ 151.1728512, -33.8920807 ], [ 151.1728429, -33.8921262 ], [ 151.17281366061323, -33.89213311334553 ], [ 151.1728278, -33.8921814 ], [ 151.172782190745522, -33.892192183810913 ], [ 151.172820800000039, -33.892197 ], [ 151.172816738501751, -33.892219536369346 ], [ 151.173059066240768, -33.89217233861077 ], [ 151.173074258457859, -33.892089897356712 ], [ 151.173195050436078, -33.892061219227031 ], [ 151.173212408955465, -33.891962729651404 ] ], [ [ 151.172232707699408, -33.899535119422403 ], [ 151.172276575134561, -33.89949775762036 ], [ 151.172993982810567, -33.899328152129307 ], [ 151.172752637567271, -33.899354395035267 ], [ 151.172743804548162, -33.89930512185196 ], [ 151.172092136217486, -33.899462292438969 ], [ 151.172076464580499, -33.899412208649537 ], [ 151.171888315639137, -33.899456688673851 ], [ 151.1719058, -33.899513 ], [ 151.171051221166096, -33.899702112123798 ], [ 151.171079499603337, -33.899786263049279 ], [ 151.17132276523617, -33.899728754886631 ], [ 151.171314133990194, -33.89970308935802 ], [ 151.1719521, -33.8995529 ], [ 151.171967200000012, -33.8995977 ], [ 151.172232707699408, -33.899535119422403 ] ], [ [ 151.172811741270436, -33.902080499344663 ], [ 151.172819545896601, -33.902085975033152 ], [ 151.172817254457527, -33.902079215229548 ], [ 151.172811741270436, -33.902080499344663 ] ], [ [ 151.172811216826034, -33.88906606148894 ], [ 151.1729798, -33.8890262 ], [ 151.173053058769142, -33.889035382432517 ], [ 151.17302717708634, -33.888955507254529 ], [ 151.172735687082394, -33.889039553855248 ], [ 151.172811216826034, -33.88906606148894 ] ], [ [ 151.172609546800999, -33.897298003283076 ], [ 151.172607927667059, -33.897295524797897 ], [ 151.172608389176304, -33.897298276969835 ], [ 151.172609546800999, -33.897298003283076 ] ], [ [ 151.172405539857351, -33.901619934963847 ], [ 151.172282582791354, -33.901652927006168 ], [ 151.172406773534874, -33.901623588869327 ], [ 151.172405539857351, -33.901619934963847 ] ], [ [ 151.171775902653025, -33.897281156029628 ], [ 151.172402606254082, -33.897177727355142 ], [ 151.172327824592287, -33.897144596676782 ], [ 151.17209054889355, -33.897200692885512 ], [ 151.171989768180907, -33.897156084951021 ], [ 151.171710154133962, -33.897217107692548 ], [ 151.1716506, -33.8972534 ], [ 151.1717243, -33.89724720000001 ], [ 151.171775902653025, -33.897281156029628 ] ], [ [ 151.172520426372301, -33.890243199415835 ], [ 151.172529587126263, -33.890244342369797 ], [ 151.172530212948857, -33.890240885449359 ], [ 151.172520426372301, -33.890243199415835 ] ], [ [ 151.172486848269216, -33.888726897829137 ], [ 151.172510356374715, -33.888586817381906 ], [ 151.172487401959842, -33.888592244906746 ], [ 151.1724664, -33.8887069 ], [ 151.172199989700232, -33.888771929791751 ], [ 151.1722902, -33.8887506 ], [ 151.1724471, -33.8887656 ], [ 151.172428241650522, -33.888877796548549 ], [ 151.172525233229692, -33.88885486319149 ], [ 151.172466847917832, -33.888848297778026 ], [ 151.172481648169338, -33.888761497815544 ], [ 151.1725616621695, -33.888742578693282 ], [ 151.172486848269216, -33.888726897829137 ] ], [ [ 151.172515988831208, -33.890309287030149 ], [ 151.17251779239794, -33.890309494058656 ], [ 151.172517912206246, -33.890308832262356 ], [ 151.172515988831208, -33.890309287030149 ] ], [ [ 151.171843145982024, -33.889413796506112 ], [ 151.171852042823502, -33.889369008308243 ], [ 151.171728228483573, -33.889398282871809 ], [ 151.1718993, -33.8894496 ], [ 151.171862120776609, -33.889525530508671 ], [ 151.1720162, -33.8894891 ], [ 151.172224, -33.8895122 ], [ 151.1722198, -33.8895962 ], [ 151.172178663900269, -33.889605926305471 ], [ 151.1722087, -33.8896124 ], [ 151.172192599999988, -33.8896818 ], [ 151.172169599999989, -33.8897229 ], [ 151.172118965142687, -33.889734920122343 ], [ 151.172152899999986, -33.8897414 ], [ 151.1721354, -33.8898444 ], [ 151.172056038631666, -33.889961135933554 ], [ 151.1720546, -33.8900395 ], [ 151.172013175724089, -33.890049294323319 ], [ 151.172038500000014, -33.8900522 ], [ 151.172000234508232, -33.89010171631147 ], [ 151.1720113, -33.8901529 ], [ 151.171945820958797, -33.890208133119174 ], [ 151.1719716, -33.8902114 ], [ 151.1719674, -33.8902473 ], [ 151.171923733677346, -33.890259086296943 ], [ 151.171949500000011, -33.8902624 ], [ 151.1719433, -33.8903098 ], [ 151.171881707775896, -33.890458792982209 ], [ 151.171989543208184, -33.890433296689324 ], [ 151.172007043495711, -33.890334196733342 ], [ 151.172061018326104, -33.890321435015863 ], [ 151.172051543699524, -33.890270396826445 ], [ 151.172090828631354, -33.89026110834304 ], [ 151.17206234374342, -33.890256896848825 ], [ 151.172073143903333, -33.890201996875376 ], [ 151.172104158027423, -33.89019466392061 ], [ 151.172101544162274, -33.890115296939399 ], [ 151.172177661539251, -33.890053824489186 ], [ 151.172144144370634, -33.890049497029004 ], [ 151.172153844516998, -33.889999197052951 ], [ 151.17220525734632, -33.8899870409697 ], [ 151.172166744572763, -33.889981897079792 ], [ 151.172202545021634, -33.889828897164868 ], [ 151.172251192197336, -33.889774707584138 ], [ 151.172223745194913, -33.889771297211944 ], [ 151.172233045339965, -33.889721397235064 ], [ 151.172289645659333, -33.88961879735561 ], [ 151.1723284670841, -33.889609618300973 ], [ 151.172298145717036, -33.889599897374069 ], [ 151.172305645831955, -33.88956039739265 ], [ 151.172449525570499, -33.889526377914464 ], [ 151.172345846009534, -33.889505097476516 ], [ 151.17235974625018, -33.889421997511917 ], [ 151.172389072959874, -33.889415063381044 ], [ 151.17235454627945, -33.889410497502936 ], [ 151.172364146422694, -33.88936129752657 ], [ 151.172435226427552, -33.889344491039822 ], [ 151.172376246502381, -33.889335297552748 ], [ 151.172388446701461, -33.889266697583388 ], [ 151.1724422282646, -33.889253981197207 ], [ 151.172385846756896, -33.889246397580337 ], [ 151.172397146943354, -33.889182097608774 ], [ 151.172433747229036, -33.889087497689587 ], [ 151.172536352521206, -33.889063237049008 ], [ 151.172400029111486, -33.889037297751145 ], [ 151.172391299999987, -33.889085099999988 ], [ 151.172319691126319, -33.88910203156685 ], [ 151.172362700000036, -33.8891065 ], [ 151.17238230000001, -33.8891522 ], [ 151.172376, -33.8891916 ], [ 151.172290595783636, -33.889211793361639 ], [ 151.172362700000036, -33.88922 ], [ 151.172293700000012, -33.8893924 ], [ 151.172056446005001, -33.889448496918263 ], [ 151.171843145982024, -33.889413796506112 ] ], [ [ 151.172174254096802, -33.897851912442 ], [ 151.172000779617775, -33.897872370461762 ], [ 151.171988241750427, -33.897914347191737 ], [ 151.172174254096802, -33.897851912442 ] ], [ [ 151.171720066935364, -33.900338762872984 ], [ 151.171976162442888, -33.900286221929612 ], [ 151.172120812698608, -33.900244024457443 ], [ 151.171720066935364, -33.900338762872984 ] ], [ [ 151.172295073869435, -33.890850133572691 ], [ 151.172297465552987, -33.890847287823632 ], [ 151.172275173480983, -33.890854838797125 ], [ 151.172295073869435, -33.890850133572691 ] ], [ [ 151.171682149143464, -33.900123383794146 ], [ 151.171690295785936, -33.900147439454351 ], [ 151.171913663516108, -33.900094921947613 ], [ 151.171906132596973, -33.900070691592127 ], [ 151.172034961516374, -33.900039977039057 ], [ 151.171682149143464, -33.900123383794146 ] ], [ [ 151.172082872576937, -33.888676219430224 ], [ 151.171985035832193, -33.88869935230008 ], [ 151.172074579439538, -33.8887232668203 ], [ 151.172082872576937, -33.888676219430224 ] ], [ [ 151.172085628284634, -33.888361007879766 ], [ 151.172079735673464, -33.8883268231709 ], [ 151.17190144583563, -33.888368978784776 ], [ 151.172008089584011, -33.888379341495408 ], [ 151.172085628284634, -33.888361007879766 ] ], [ [ 151.171840671810344, -33.890561467844847 ], [ 151.1717644, -33.8907316 ], [ 151.171731075372946, -33.89073947909101 ], [ 151.1717644, -33.890744 ], [ 151.1717495, -33.890845 ], [ 151.171716028702264, -33.890878340110156 ], [ 151.171835320539628, -33.89085013542627 ], [ 151.171833042079953, -33.890804496347201 ], [ 151.171874717099996, -33.890794642905107 ], [ 151.171907579621944, -33.890687024867901 ], [ 151.171874142443528, -33.890682996439452 ], [ 151.171884942595568, -33.890630896465716 ], [ 151.172023672411967, -33.890598095647768 ], [ 151.171840671810344, -33.890561467844847 ] ], [ [ 151.171996019250798, -33.889240534891862 ], [ 151.172023091329351, -33.889234133926408 ], [ 151.171999984913384, -33.889231424168187 ], [ 151.171996019250798, -33.889240534891862 ] ], [ [ 151.17166663572857, -33.902577561735185 ], [ 151.171683177466406, -33.902572033067969 ], [ 151.171665938649312, -33.902576108251694 ], [ 151.17166663572857, -33.902577561735185 ] ], [ [ 151.171599271109983, -33.89109687225222 ], [ 151.171613786965679, -33.891115256018956 ], [ 151.171832863059507, -33.891056052546112 ], [ 151.171638982565497, -33.891101892346491 ], [ 151.171599271109983, -33.89109687225222 ] ], [ [ 151.171034025806961, -33.891133521693696 ], [ 151.171418, -33.8910509 ], [ 151.171509584805733, -33.891064182586142 ], [ 151.171555578583906, -33.890976180827579 ], [ 151.171467541334579, -33.890996995615687 ], [ 151.171156463720791, -33.890941158634071 ], [ 151.171034025806961, -33.891133521693696 ] ], [ [ 151.171019683463612, -33.90005809365713 ], [ 151.17106649351291, -33.9000477298462 ], [ 151.171018368787031, -33.899946649564711 ], [ 151.17134332780185, -33.899869829245773 ], [ 151.171328032800204, -33.899758654421213 ], [ 151.171089195397542, -33.899815115740346 ], [ 151.1711152, -33.8998925 ], [ 151.1707890054019, -33.899969611732111 ], [ 151.171019683463612, -33.90005809365713 ] ], [ [ 151.17151637729495, -33.890231629269302 ], [ 151.171513142704697, -33.89023823508694 ], [ 151.171532481866592, -33.890233662649308 ], [ 151.17151637729495, -33.890231629269302 ] ], [ [ 151.17109757822891, -33.900091981191729 ], [ 151.171089855255758, -33.900100429540828 ], [ 151.171099664561012, -33.900098110634268 ], [ 151.17109757822891, -33.900091981191729 ] ], [ [ 151.171251733195021, -33.89063529498867 ], [ 151.171266401893917, -33.890631826860513 ], [ 151.17124751780824, -33.890629584524746 ], [ 151.171251733195021, -33.89063529498867 ] ], [ [ 151.170514142431784, -33.889170282116254 ], [ 151.171115536596602, -33.889059110704956 ], [ 151.171130530648014, -33.889024548446358 ], [ 151.170514142431784, -33.889170282116254 ] ], [ [ 151.170690969725143, -33.899051519955776 ], [ 151.170665716050479, -33.89905748988302 ], [ 151.170694526910466, -33.899059760195939 ], [ 151.170690969725143, -33.899051519955776 ] ] ], [ [ [ 151.20983333543353, -33.900639255900074 ], [ 151.209476920112508, -33.900736909898882 ], [ 151.209185982593908, -33.90077149685623 ], [ 151.209201225250666, -33.900742264041575 ], [ 151.20981352052317, -33.900597312957409 ], [ 151.209848577847282, -33.900610022996773 ], [ 151.20983333543353, -33.900639255900074 ] ] ], [ [ [ 151.205475842902445, -33.903305351263597 ], [ 151.205481876757233, -33.903429082178768 ], [ 151.205404639359216, -33.903467669646844 ], [ 151.205431517788924, -33.903497907477202 ], [ 151.205407548306766, -33.903526716576231 ], [ 151.204335981956831, -33.903780338854375 ], [ 151.204294888932111, -33.903772898126618 ], [ 151.204293928834517, -33.903730556687599 ], [ 151.203966979243006, -33.903805797691412 ], [ 151.20378864865981, -33.903764903678486 ], [ 151.20380139690343, -33.903715954391799 ], [ 151.204005262975045, -33.903662388581651 ], [ 151.204039413289792, -33.903620806471658 ], [ 151.205417138739961, -33.903294722197117 ], [ 151.205475842902445, -33.903305351263597 ] ] ], [ [ [ 151.2052789, -33.8844521 ], [ 151.20521020000001, -33.8845349 ], [ 151.204444967340692, -33.88471606453772 ], [ 151.204403367479728, -33.884692264283892 ], [ 151.204472068353027, -33.884609464741864 ], [ 151.2052373, -33.8844283 ], [ 151.2052789, -33.8844521 ] ] ], [ [ [ 151.203055422821933, -33.903409045403926 ], [ 151.203820826947123, -33.903227895539388 ], [ 151.203890941785914, -33.903253319023328 ], [ 151.203860451921486, -33.90331178316616 ], [ 151.203095047110224, -33.903492933253091 ], [ 151.203024932336007, -33.903467509318091 ], [ 151.203055422821933, -33.903409045403926 ] ] ], [ [ [ 151.202612221812899, -33.887323845146966 ], [ 151.202742822078477, -33.887252245399999 ], [ 151.2029724, -33.8871979 ], [ 151.2030033, -33.8872367 ], [ 151.2028728, -33.8873084 ], [ 151.202643221724486, -33.887362745201685 ], [ 151.202612221812899, -33.887323845146966 ] ] ], [ [ [ 151.198831500000011, -33.8681162 ], [ 151.1988571, -33.8682409 ], [ 151.1988302, -33.8682699 ], [ 151.198065102568165, -33.868451029635828 ], [ 151.198006202779425, -33.868415729277125 ], [ 151.198029903884986, -33.86829802946351 ], [ 151.198831500000011, -33.8681162 ] ] ], [ [ [ 151.194688872498858, -33.893242900514458 ], [ 151.194644373311519, -33.893144000266354 ], [ 151.195264676179818, -33.892951804226264 ], [ 151.19603, -33.8927707 ], [ 151.1961387, -33.8928552 ], [ 151.196172, -33.8929291 ], [ 151.195288874462562, -33.893146704316131 ], [ 151.194688872498858, -33.893242900514458 ] ] ], [ [ [ 151.194544174360573, -33.893007699680119 ], [ 151.1956702, -33.8927226 ], [ 151.1957064, -33.892809 ], [ 151.19458037364484, -33.893094199879997 ], [ 151.194544174360573, -33.893007699680119 ] ] ], [ [ [ 151.194724391204971, -33.901678102446873 ], [ 151.193535188940871, -33.901942296121675 ], [ 151.19353613029071, -33.901897676288854 ], [ 151.193743771840104, -33.90182376526279 ], [ 151.19450917863017, -33.90164267342881 ], [ 151.194711191070752, -33.90161718984438 ], [ 151.194745737964809, -33.901637179250329 ], [ 151.194724391204971, -33.901678102446873 ] ] ], [ [ [ 151.1898782236876, -33.894218255583986 ], [ 151.191749330640988, -33.893633965141902 ], [ 151.192077898611757, -33.893556225217644 ], [ 151.192045732124541, -33.89348856666944 ], [ 151.193272536819734, -33.893086672940676 ], [ 151.1938848, -33.89294180000001 ], [ 151.1942044, -33.893614 ], [ 151.193700299999989, -33.893891599999989 ], [ 151.1930238, -33.8941131 ], [ 151.192692047828388, -33.894191595468925 ], [ 151.1927135, -33.8942372 ], [ 151.190851, -33.8948357 ], [ 151.190238718701352, -33.894980557201549 ], [ 151.190005542933704, -33.894487486051922 ], [ 151.1898401, -33.8945603 ], [ 151.189406425342412, -33.894675705733164 ], [ 151.189438700000011, -33.8947456 ], [ 151.1888328, -33.8949383 ], [ 151.188067443467759, -33.895119358296597 ], [ 151.18799114482286, -33.89495405786996 ], [ 151.18810164575541, -33.894873158590421 ], [ 151.188388710162968, -33.894781786899287 ], [ 151.188366805534429, -33.894689545564958 ], [ 151.189085711168445, -33.894432352696541 ], [ 151.189889539478798, -33.89424218413221 ], [ 151.1898782236876, -33.894218255583986 ] ] ], [ [ [ 151.193520765875405, -33.875119073949293 ], [ 151.193380224968081, -33.875152336471686 ], [ 151.193402042661887, -33.875173961677696 ], [ 151.193553176143979, -33.875139262296599 ], [ 151.193575129206181, -33.87518576515216 ], [ 151.193411693858508, -33.875244124154612 ], [ 151.193586775223821, -33.875210657755936 ], [ 151.193462843140196, -33.875253737546309 ], [ 151.193543889665648, -33.875340290369309 ], [ 151.193653784692344, -33.875322684281109 ], [ 151.193547733496189, -33.875358033354587 ], [ 151.1935266716836, -33.875426518812105 ], [ 151.193691279401435, -33.875388273635075 ], [ 151.193698820105766, -33.875423080951315 ], [ 151.191926889561756, -33.875840285410099 ], [ 151.191870860058714, -33.875848729586146 ], [ 151.191768444111716, -33.875811571108429 ], [ 151.191727526064398, -33.875724891053103 ], [ 151.19175509219582, -33.875659878715553 ], [ 151.191685376054465, -33.875590568250132 ], [ 151.191530280297314, -33.875625132482284 ], [ 151.191471075916979, -33.875590863868467 ], [ 151.191507660820491, -33.875520710221743 ], [ 151.192425868303104, -33.875303406213121 ], [ 151.19250043106328, -33.875321541701283 ], [ 151.193278019394683, -33.875137510028964 ], [ 151.193520765875405, -33.875119073949293 ] ] ], [ [ [ 151.192268295536479, -33.894928624917469 ], [ 151.192246195646106, -33.894883724880088 ], [ 151.192698, -33.894759099999987 ], [ 151.1927168, -33.8948004 ], [ 151.192268295536479, -33.894928624917469 ] ] ], [ [ [ 151.191066245358058, -33.895514977019261 ], [ 151.191053045623192, -33.895482976946532 ], [ 151.191315346773877, -33.895408578619019 ], [ 151.1920807, -33.8952275 ], [ 151.1920938, -33.8952595 ], [ 151.191066245358058, -33.895514977019261 ] ] ], [ [ [ 151.19124938297989, -33.896690088745565 ], [ 151.191248362980673, -33.896738384884451 ], [ 151.191206688842271, -33.89677193395552 ], [ 151.189982097339481, -33.897061647828394 ], [ 151.189870105786554, -33.897079709948969 ], [ 151.18980595283864, -33.89704258437262 ], [ 151.189822534322786, -33.896978952412141 ], [ 151.189926645378279, -33.89694419953323 ], [ 151.191151235344222, -33.896654486157935 ], [ 151.191209151393849, -33.89665533676466 ], [ 151.19124938297989, -33.896690088745565 ] ] ], [ [ [ 151.189749290635092, -33.87149293937717 ], [ 151.189781760706552, -33.8714166766582 ], [ 151.190566700000034, -33.8712331 ], [ 151.190626, -33.8712728 ], [ 151.190595667510479, -33.871329142057114 ], [ 151.1906986, -33.8713234 ], [ 151.190624426151487, -33.871363216270069 ], [ 151.190707, -33.8713687 ], [ 151.189925159599909, -33.871568177510497 ], [ 151.18975825944139, -33.871552076467232 ], [ 151.189895232866292, -33.871497798602519 ], [ 151.18970445950319, -33.871534376134953 ], [ 151.189703659760823, -33.871505676139115 ], [ 151.189749290635092, -33.87149293937717 ] ] ], [ [ [ 151.189377960271088, -33.871383474132251 ], [ 151.1901574, -33.8711975 ], [ 151.190257699999989, -33.8712679 ], [ 151.18947595969297, -33.871467274721049 ], [ 151.189378760013426, -33.871412174128068 ], [ 151.189377960271088, -33.871383474132251 ] ] ], [ [ [ 151.189217660596682, -33.871315073147173 ], [ 151.189157660752898, -33.871285672779699 ], [ 151.18918306112144, -33.871249972950665 ], [ 151.1899482, -33.8710689 ], [ 151.1900082, -33.8710984 ], [ 151.1899828, -33.871134 ], [ 151.189217660596682, -33.871315073147173 ] ] ], [ [ [ 151.188573412746081, -33.893765849693864 ], [ 151.188524341171671, -33.893748047407833 ], [ 151.188545688689402, -33.893707125268413 ], [ 151.189255209326944, -33.893560943284136 ], [ 151.189131018103382, -33.893600573387822 ], [ 151.189109153427978, -33.893639106867809 ], [ 151.188573412746081, -33.893765849693864 ] ] ], [ [ [ 151.189004706460167, -33.87559782431488 ], [ 151.188995151288509, -33.875679300361618 ], [ 151.188306487407175, -33.875842259518564 ], [ 151.188271752769595, -33.875812507578061 ], [ 151.187998518840004, -33.875877161859925 ], [ 151.187956466234795, -33.875861902811096 ], [ 151.187974760171727, -33.875826826561976 ], [ 151.188959130442669, -33.875593614473928 ], [ 151.189004706460167, -33.87559782431488 ] ] ], [ [ [ 151.18838310000001, -33.8961059 ], [ 151.1881969, -33.8961962 ], [ 151.187431530938738, -33.896377253896453 ], [ 151.18740313127293, -33.89633455373162 ], [ 151.187591632400171, -33.896247854944278 ], [ 151.188357, -33.8960668 ], [ 151.18838310000001, -33.8961059 ] ] ], [ [ [ 151.188668342829374, -33.875263037998586 ], [ 151.188807932711541, -33.875286537039088 ], [ 151.188807124539409, -33.875324782675506 ], [ 151.188337374800398, -33.875439129575923 ], [ 151.188293920023625, -33.875417395713427 ], [ 151.188168458793882, -33.875426075263178 ], [ 151.188209235746001, -33.875371676722516 ], [ 151.188668342829374, -33.875263037998586 ] ] ], [ [ [ 151.187180418269463, -33.897728151885111 ], [ 151.18719211862259, -33.897691451970438 ], [ 151.18795750000001, -33.8975104 ], [ 151.1879877, -33.8975277 ], [ 151.1879677, -33.8975519 ], [ 151.187180418269463, -33.897728151885111 ] ] ], [ [ [ 151.186820183385663, -33.898310714318889 ], [ 151.187123983939557, -33.898167714905554 ], [ 151.1873536, -33.8981134 ], [ 151.187393899999989, -33.898158599999981 ], [ 151.1871266, -33.8983427 ], [ 151.186896983193606, -33.898397014455448 ], [ 151.186820183385663, -33.898310714318889 ] ] ], [ [ [ 151.186423522443278, -33.901226202557645 ], [ 151.186479608515469, -33.901246549103313 ], [ 151.186455207898632, -33.901293316691145 ], [ 151.185153994957773, -33.901601084026446 ], [ 151.185030733709084, -33.901599192605815 ], [ 151.185122310435872, -33.901533969590901 ], [ 151.186423522443278, -33.901226202557645 ] ] ], [ [ [ 151.1865597, -33.8967232 ], [ 151.185967686752008, -33.896897612847127 ], [ 151.18594908685597, -33.896855512816096 ], [ 151.1865406, -33.8966845 ], [ 151.1865597, -33.8967232 ] ] ], [ [ [ 151.1861274, -33.8873355 ], [ 151.1863214, -33.8873138 ], [ 151.1864244, -33.8879754 ], [ 151.185712672964115, -33.888143772372374 ], [ 151.185503472810609, -33.888119871156768 ], [ 151.185415677838279, -33.887503870827373 ], [ 151.1861274, -33.8873355 ] ] ], [ [ [ 151.186448180251574, -33.875546236566933 ], [ 151.186490232411614, -33.875561496117648 ], [ 151.186471937939103, -33.875596572129666 ], [ 151.185936307995206, -33.875723307403057 ], [ 151.185894255864639, -33.875708047664183 ], [ 151.185912550595532, -33.87567297174715 ], [ 151.186448180251574, -33.875546236566933 ] ] ], [ [ [ 151.1856631, -33.868242499999987 ], [ 151.184873078864683, -33.868415546785265 ], [ 151.184892879285258, -33.868372946923309 ], [ 151.185682899999989, -33.8681999 ], [ 151.1856631, -33.868242499999987 ] ] ], [ [ [ 151.185284475082824, -33.883236608254414 ], [ 151.185326530727451, -33.883251868301393 ], [ 151.185308233995869, -33.8832869440294 ], [ 151.184619502231783, -33.883449880141512 ], [ 151.184577446628964, -33.883434619854448 ], [ 151.184595743689073, -33.883399544246686 ], [ 151.185284475082824, -33.883236608254414 ] ] ], [ [ [ 151.18516558051536, -33.883092021562462 ], [ 151.185207636067076, -33.883107281647369 ], [ 151.18518933932134, -33.883142357357912 ], [ 151.184500608538002, -33.883305292839374 ], [ 151.184458553028037, -33.883290032514395 ], [ 151.184476850102328, -33.883254956924098 ], [ 151.18516558051536, -33.883092021562462 ] ] ], [ [ [ 151.184621909335476, -33.88366315813775 ], [ 151.184642717932803, -33.883681137433811 ], [ 151.18460526655511, -33.883710336824869 ], [ 151.184669574471798, -33.883699281343119 ], [ 151.184668868688561, -33.883732594775921 ], [ 151.183587250057542, -33.883978165220256 ], [ 151.183538185125627, -33.883960361137923 ], [ 151.18355953232512, -33.883919439799278 ], [ 151.184621909335476, -33.88366315813775 ] ] ], [ [ [ 151.183562956610103, -33.903290442116202 ], [ 151.183563840026551, -33.903248800483084 ], [ 151.184204977178752, -33.90311322600693 ], [ 151.184119449751535, -33.903164028502488 ], [ 151.183562956610103, -33.903290442116202 ] ] ], [ [ [ 151.183501578484197, -33.883794113773298 ], [ 151.183537739952101, -33.883836628172133 ], [ 151.18448019804373, -33.883613675953505 ], [ 151.184601195548225, -33.883610916927672 ], [ 151.184503956570921, -33.883664011868667 ], [ 151.183572360524551, -33.883900221877425 ], [ 151.182960147672787, -33.884045045287536 ], [ 151.182925101365328, -33.884032327911619 ], [ 151.182940349586744, -33.884003098468 ], [ 151.18327999322139, -33.883902487963873 ], [ 151.182977198282771, -33.883973045853182 ], [ 151.182945346315876, -33.883945523921376 ], [ 151.182965892925779, -33.883920834139992 ], [ 151.183501578484197, -33.883794113773298 ] ] ], [ [ [ 151.184415442586413, -33.883381572864785 ], [ 151.184403244502448, -33.883404956584364 ], [ 151.183867562553957, -33.883531681004854 ], [ 151.183838557982739, -33.883517038957535 ], [ 151.183592702101379, -33.88357341571502 ], [ 151.183543363457488, -33.883544855330307 ], [ 151.183573859285531, -33.883486396263663 ], [ 151.184262593059771, -33.883323466075851 ], [ 151.184321280548062, -33.883334104728405 ], [ 151.184330794047952, -33.883384791814223 ], [ 151.184415442586413, -33.883381572864785 ] ] ], [ [ [ 151.184307692472146, -33.883254784599437 ], [ 151.184342738690759, -33.883267501579667 ], [ 151.184327491082513, -33.883296731220284 ], [ 151.183791809721868, -33.883423455331858 ], [ 151.183756763529715, -33.8834107381957 ], [ 151.183772011351522, -33.883381508633356 ], [ 151.184307692472146, -33.883254784599437 ] ] ], [ [ [ 151.182802122330799, -33.896183467207841 ], [ 151.18276264598191, -33.896160618508802 ], [ 151.182787046986391, -33.896113851633956 ], [ 151.183858571336174, -33.895860415570532 ], [ 151.183976585267061, -33.895874047936204 ], [ 151.18389025296176, -33.895927530288866 ], [ 151.182802122330799, -33.896183467207841 ] ] ], [ [ [ 151.182882900693386, -33.900454091662333 ], [ 151.182833552837593, -33.900425530756209 ], [ 151.182864055698275, -33.900367072230907 ], [ 151.183752556300107, -33.900174295935813 ], [ 151.183693521668175, -33.900203631584048 ], [ 151.183717511260795, -33.900254645741335 ], [ 151.182882900693386, -33.900454091662333 ] ] ], [ [ [ 151.183179224538094, -33.88184089405344 ], [ 151.183867945580573, -33.881677965621989 ], [ 151.183924018407083, -33.881698312953652 ], [ 151.183899622491339, -33.881745080313003 ], [ 151.183210900955117, -33.881908008904176 ], [ 151.183154828178374, -33.881887661249515 ], [ 151.183179224538094, -33.88184089405344 ] ] ], [ [ [ 151.18320424949988, -33.890445418540082 ], [ 151.183166949825363, -33.890321718479711 ], [ 151.1835233, -33.8902409 ], [ 151.1836443, -33.8902442 ], [ 151.1836735, -33.8903412 ], [ 151.18320424949988, -33.890445418540082 ] ] ], [ [ [ 151.182987074183387, -33.881718208197412 ], [ 151.183803615589653, -33.881544767405991 ], [ 151.183820414751892, -33.881580360354512 ], [ 151.183287700985176, -33.881724959375369 ], [ 151.182955401944298, -33.881769294333033 ], [ 151.183224064938287, -33.881690123032875 ], [ 151.182992726753156, -33.881744314057471 ], [ 151.182987074183387, -33.881718208197412 ] ] ], [ [ [ 151.182198648137415, -33.893127072152616 ], [ 151.181533662557996, -33.893284351440556 ], [ 151.181477582894416, -33.893264002826285 ], [ 151.181501983688577, -33.893217236181158 ], [ 151.183114700000033, -33.8928047 ], [ 151.183137777677643, -33.89286263350342 ], [ 151.183380858742623, -33.892826145546124 ], [ 151.183365608955853, -33.892855374957854 ], [ 151.183154753231634, -33.89290524837029 ], [ 151.183177400000034, -33.8929621 ], [ 151.1830826, -33.8929881 ], [ 151.181837048293062, -33.893296982611027 ], [ 151.181821208729559, -33.893263425017366 ], [ 151.182266950176341, -33.89315799964038 ], [ 151.181650242513939, -33.893286665786945 ], [ 151.182198648137415, -33.893127072152616 ] ], [ [ 151.182308957936101, -33.893167288985659 ], [ 151.18230962606745, -33.893170374479269 ], [ 151.182316045223587, -33.893168856224499 ], [ 151.182308957936101, -33.893167288985659 ] ] ], [ [ [ 151.182330633801371, -33.868660792041069 ], [ 151.182539026369341, -33.868053418760219 ], [ 151.182742193337759, -33.867914359015593 ], [ 151.1820456, -33.868275 ], [ 151.180897906811197, -33.868546534482775 ], [ 151.180796008370777, -33.868410833588065 ], [ 151.181606316263014, -33.867991241425543 ], [ 151.182754, -33.8677197 ], [ 151.182903, -33.8677168 ], [ 151.1829536, -33.8677841 ], [ 151.182809317781334, -33.867879606906442 ], [ 151.1832434, -33.8677769 ], [ 151.1835103, -33.86781 ], [ 151.18381930000001, -33.8679074 ], [ 151.1837167, -33.8681845 ], [ 151.1831901, -33.8686761 ], [ 151.183014518354753, -33.868717643479563 ], [ 151.1829816, -33.8688022 ], [ 151.182492233308182, -33.868917984737479 ], [ 151.1825364, -33.8690347 ], [ 151.180589692858149, -33.869514831111573 ], [ 151.180477706144956, -33.869219152333265 ], [ 151.1796186, -33.8694664 ], [ 151.178708456186314, -33.869685607651867 ], [ 151.178611758299127, -33.869432107125995 ], [ 151.179165735437181, -33.869273268592394 ], [ 151.1811936, -33.8688155 ], [ 151.181211230602713, -33.868864001493392 ], [ 151.1821559, -33.8686405 ], [ 151.182233500889538, -33.868683773473762 ], [ 151.182330633801371, -33.868660792041069 ] ] ], [ [ [ 151.182855420644046, -33.900351669389927 ], [ 151.182464255184499, -33.900432977745311 ], [ 151.182387506942575, -33.900413679214338 ], [ 151.182888498945943, -33.900298781613223 ], [ 151.182778409165877, -33.900345315780292 ], [ 151.182855420644046, -33.900351669389927 ] ] ], [ [ [ 151.182042730402429, -33.90079408074709 ], [ 151.182534890878884, -33.900661197540067 ], [ 151.182778537389282, -33.900611978574901 ], [ 151.182673432256763, -33.900647084746488 ], [ 151.182714149199711, -33.900683461872326 ], [ 151.182686747955302, -33.900716381259599 ], [ 151.182057805781909, -33.900863696369008 ], [ 151.182018327543574, -33.900840847383499 ], [ 151.182042730402429, -33.90079408074709 ] ] ], [ [ [ 151.182725542631971, -33.900752973331379 ], [ 151.182743836799773, -33.900791727185414 ], [ 151.182660940757728, -33.900816673756658 ], [ 151.182731054470452, -33.900825301127313 ], [ 151.182694412579679, -33.900886834598907 ], [ 151.182164503213869, -33.900988964640369 ], [ 151.18213489446839, -33.900971827926256 ], [ 151.182152557355096, -33.900937095607368 ], [ 151.182087575879251, -33.900928580107568 ], [ 151.182102827663073, -33.900899350952066 ], [ 151.182725542631971, -33.900752973331379 ] ] ], [ [ [ 151.182771533696865, -33.882731735804093 ], [ 151.182096986693693, -33.882876530106181 ], [ 151.182061940995879, -33.882863812502215 ], [ 151.182077189279966, -33.882834583163053 ], [ 151.182612869101462, -33.882707866461402 ], [ 151.182783732114103, -33.882708352255214 ], [ 151.182771533696865, -33.882731735804093 ] ] ], [ [ [ 151.182349994074656, -33.899799138027724 ], [ 151.181799320334449, -33.899937830333258 ], [ 151.181764267821052, -33.899925112450219 ], [ 151.181779519518386, -33.899895883328014 ], [ 151.181921430449194, -33.89984861474931 ], [ 151.182227595005713, -33.899776208075906 ], [ 151.182335992608103, -33.899769477072645 ], [ 151.182349994074656, -33.899799138027724 ] ] ], [ [ [ 151.18176540452771, -33.90001911956967 ], [ 151.181741097159545, -33.899987590383361 ], [ 151.181815990387548, -33.8999538305046 ], [ 151.182198696579121, -33.899863322389443 ], [ 151.18232682387395, -33.899861616087456 ], [ 151.182311572366928, -33.899890845283963 ], [ 151.18176540452771, -33.90001911956967 ] ] ], [ [ [ 151.182610565330009, -33.866520256535772 ], [ 151.1828405, -33.8668944 ], [ 151.1812718, -33.8675623 ], [ 151.180659701834401, -33.86770711604759 ], [ 151.180354902006343, -33.867621914537771 ], [ 151.180233003155649, -33.867438213972441 ], [ 151.181981111470861, -33.866638922962721 ], [ 151.1829375, -33.8664024 ], [ 151.182955099999987, -33.8664296 ], [ 151.182610565330009, -33.866520256535772 ] ] ], [ [ [ 151.1829314, -33.8663034 ], [ 151.182882409869023, -33.866339096384607 ], [ 151.182948, -33.8663615 ], [ 151.182925800000021, -33.8663957 ], [ 151.182301712627691, -33.866543324598375 ], [ 151.182259136677402, -33.866507764381929 ], [ 151.181229699999989, -33.8669795 ], [ 151.180617605981951, -33.867124315985961 ], [ 151.180525494905652, -33.866985616108472 ], [ 151.180229205912354, -33.867055714051794 ], [ 151.180184106327687, -33.866989113842308 ], [ 151.180471316709628, -33.866903831845015 ], [ 151.180444807611764, -33.86686381518463 ], [ 151.181598813107769, -33.866335221119712 ], [ 151.182056111539595, -33.866227023631282 ], [ 151.182005715037121, -33.86615002321205 ], [ 151.182078015483853, -33.866102723587538 ], [ 151.1826901, -33.8659579 ], [ 151.1828806, -33.8662488 ], [ 151.182835327818111, -33.866269223550951 ], [ 151.1828984, -33.8662543 ], [ 151.1829314, -33.8663034 ] ] ], [ [ [ 151.182152172813858, -33.899958510178976 ], [ 151.18220825696261, -33.899978858614112 ], [ 151.182183854446038, -33.900025625299833 ], [ 151.181724606028581, -33.900134234804604 ], [ 151.181668521905152, -33.900113886150052 ], [ 151.181692924725837, -33.900067119577187 ], [ 151.182152172813858, -33.899958510178976 ] ] ], [ [ [ 151.182075292886879, -33.900489991780397 ], [ 151.182110345678069, -33.900502709582859 ], [ 151.1820950939738, -33.900531938743477 ], [ 151.181559300729646, -33.900658649157414 ], [ 151.181524247965001, -33.900645931198952 ], [ 151.181539499882973, -33.900616702116615 ], [ 151.182075292886879, -33.900489991780397 ] ] ], [ [ [ 151.182025370108619, -33.900492007071001 ], [ 151.181336493018335, -33.900654919639059 ], [ 151.181280408660257, -33.900634570801152 ], [ 151.18130481185122, -33.900587804320821 ], [ 151.181993688447278, -33.900424891912621 ], [ 151.182052241252421, -33.900456639118183 ], [ 151.182098351839187, -33.900448186442766 ], [ 151.182025370108619, -33.900492007071001 ] ] ], [ [ [ 151.181970123635523, -33.900672194969303 ], [ 151.182028840887568, -33.900664329862728 ], [ 151.18195283131098, -33.900708579760185 ], [ 151.181417036767471, -33.900835289508308 ], [ 151.181305954060662, -33.900782356893366 ], [ 151.181330357283912, -33.900735590409965 ], [ 151.181959299582189, -33.900588279024312 ], [ 151.18200177635606, -33.900624975434617 ], [ 151.181970123635523, -33.900672194969303 ] ] ], [ [ [ 151.181715786815232, -33.878710779558745 ], [ 151.182174919083479, -33.878602165956522 ], [ 151.182223980690054, -33.878619970486682 ], [ 151.182202634303621, -33.878660891649695 ], [ 151.181743501747349, -33.87876950534509 ], [ 151.181694440165501, -33.878751700624377 ], [ 151.181715786815232, -33.878710779558745 ] ] ], [ [ [ 151.182068932955531, -33.882488836768133 ], [ 151.182060003175565, -33.882523099594138 ], [ 151.181953031592741, -33.882571971413547 ], [ 151.181497378490803, -33.882658660056649 ], [ 151.181462842312129, -33.882638667226978 ], [ 151.181484190126952, -33.88259774626151 ], [ 151.182019869206243, -33.882471032115077 ], [ 151.182068932955531, -33.882488836768133 ] ] ], [ [ [ 151.180833731509267, -33.899975635799947 ], [ 151.180784658191214, -33.899957830382107 ], [ 151.180806011033695, -33.899916909796083 ], [ 151.181341800543606, -33.899790202530362 ], [ 151.181491906419694, -33.899803584495672 ], [ 151.181479704999788, -33.899826967763317 ], [ 151.180833731509267, -33.899975635799947 ] ] ], [ [ [ 151.181661998822079, -33.888624767270926 ], [ 151.181718075547337, -33.888645115717452 ], [ 151.181693676289854, -33.888691882485084 ], [ 151.181234488804279, -33.88880049232678 ], [ 151.181178412104316, -33.888780143660924 ], [ 151.181202811665798, -33.888733377006126 ], [ 151.181661998822079, -33.888624767270926 ] ] ], [ [ [ 151.181427836778738, -33.899547085706757 ], [ 151.18148392047479, -33.899567434458653 ], [ 151.181459517697192, -33.899614200994627 ], [ 151.18088545880542, -33.899749959285501 ], [ 151.180829375146971, -33.899729610262277 ], [ 151.180853778298825, -33.899682843864433 ], [ 151.181427836778738, -33.899547085706757 ] ] ], [ [ [ 151.181432582821429, -33.899871867388974 ], [ 151.181449786212738, -33.899894182156174 ], [ 151.181329602831653, -33.899924198904166 ], [ 151.181326113191005, -33.89995590192445 ], [ 151.180915363850687, -33.900036232783556 ], [ 151.181045288093628, -33.899985009847683 ], [ 151.181038389858685, -33.899955252986814 ], [ 151.181432582821429, -33.899871867388974 ] ] ], [ [ [ 151.181292216784954, -33.900013530903628 ], [ 151.18129364504307, -33.900037465774581 ], [ 151.181396684704282, -33.900022453074968 ], [ 151.181425919556631, -33.900060373983166 ], [ 151.181395092850181, -33.900097407963422 ], [ 151.181282435337266, -33.900124050171947 ], [ 151.181371617369962, -33.900132432178573 ], [ 151.181270595878971, -33.900184643231213 ], [ 151.18073480378186, -33.900311350094825 ], [ 151.180678719800937, -33.900291000993811 ], [ 151.180688928390964, -33.900251843790471 ], [ 151.180736377237679, -33.900236370636144 ], [ 151.180716292024414, -33.90020374518312 ], [ 151.180747119057003, -33.900166711384365 ], [ 151.181292216784954, -33.900013530903628 ] ] ], [ [ [ 151.180799760835072, -33.900430195136799 ], [ 151.181281980992338, -33.900340671352438 ], [ 151.181308528709707, -33.900363606748932 ], [ 151.181187502440054, -33.900408752189762 ], [ 151.18117385766601, -33.900440065976518 ], [ 151.180791147933917, -33.900530570777455 ], [ 151.180720556764982, -33.90049816989184 ], [ 151.180799760835072, -33.900430195136799 ] ] ], [ [ [ 151.181316204957085, -33.89441703725975 ], [ 151.180666050973514, -33.894586207559811 ], [ 151.180623990763337, -33.894570945792182 ], [ 151.180662292248485, -33.894525886636345 ], [ 151.181367708676305, -33.894367344325268 ], [ 151.181316204957085, -33.89441703725975 ] ] ], [ [ [ 151.1814661, -33.8662987 ], [ 151.18078701092881, -33.866473417004713 ], [ 151.180725911518721, -33.866379416721863 ], [ 151.181255114076549, -33.86613181944486 ], [ 151.1818672, -33.865987 ], [ 151.1818959, -33.8660867 ], [ 151.1814661, -33.8662987 ] ] ], [ [ [ 151.180965497666477, -33.898930773373401 ], [ 151.180269534215029, -33.899097484951405 ], [ 151.18024149267228, -33.899087310310989 ], [ 151.180412820156761, -33.899012429495279 ], [ 151.180718982788164, -33.898940026508086 ], [ 151.180950863271335, -33.898899770101629 ], [ 151.180965497666477, -33.898930773373401 ] ] ], [ [ [ 151.180177963284933, -33.895081537445108 ], [ 151.180117850778402, -33.895026487012309 ], [ 151.179467853068786, -33.895180205649417 ], [ 151.179415054238859, -33.895061705296868 ], [ 151.18063140000001, -33.8947531 ], [ 151.180684052601919, -33.894871393511806 ], [ 151.180839408018898, -33.894835722017582 ], [ 151.18086901442615, -33.894852858981324 ], [ 151.180850713196946, -33.89488793384281 ], [ 151.180730084910635, -33.894916462486179 ], [ 151.180737249308976, -33.894949267888492 ], [ 151.1807739, -33.8949406 ], [ 151.180833, -33.8950796 ], [ 151.179576650968869, -33.89539570638695 ], [ 151.179517552347534, -33.895256705994797 ], [ 151.180177963284933, -33.895081537445108 ] ] ], [ [ [ 151.180591939829782, -33.883896318839852 ], [ 151.181051101430199, -33.883787710475076 ], [ 151.181093156518301, -33.883802971950722 ], [ 151.181074857954457, -33.883838046985929 ], [ 151.180615696107139, -33.88394665543057 ], [ 151.180573641042457, -33.883931393792651 ], [ 151.180591939829782, -33.883896318839852 ] ] ], [ [ [ 151.180421175163161, -33.883713309079731 ], [ 151.180234288303666, -33.8837350415331 ], [ 151.180214690604174, -33.883693515910274 ], [ 151.180293824490775, -33.883636929011068 ], [ 151.180841963970181, -33.883508345016587 ], [ 151.181020849742481, -33.883673659830507 ], [ 151.180999393000775, -33.8837147885082 ], [ 151.18089345725997, -33.88375278944681 ], [ 151.18021106149817, -33.883908166132464 ], [ 151.180134768043445, -33.883894333338368 ], [ 151.180136528030602, -33.883811468306689 ], [ 151.180421175163161, -33.883713309079731 ] ] ], [ [ [ 151.180739329790185, -33.894589210304595 ], [ 151.180788400073425, -33.894607015653904 ], [ 151.180767048666866, -33.894647936313618 ], [ 151.180231290965935, -33.894774642207601 ], [ 151.180182220714642, -33.894756836637328 ], [ 151.180203572425512, -33.894715916089808 ], [ 151.180739329790185, -33.894589210304595 ] ] ], [ [ [ 151.180052830724719, -33.892409661459865 ], [ 151.180741642835557, -33.892246753768802 ], [ 151.180776692093588, -33.892259471849833 ], [ 151.180761441543154, -33.892288700915699 ], [ 151.180072629123515, -33.892451608706629 ], [ 151.180037579902233, -33.892438890426391 ], [ 151.180052830724719, -33.892409661459865 ] ] ], [ [ [ 151.180223558607906, -33.883930482012964 ], [ 151.180940338180079, -33.883777745251606 ], [ 151.180928139102122, -33.883801128592488 ], [ 151.180211359313944, -33.883953865275103 ], [ 151.180223558607906, -33.883930482012964 ] ] ], [ [ [ 151.179714005025943, -33.894201366954597 ], [ 151.180479368475517, -33.894020360871536 ], [ 151.180521428391785, -33.894035622680143 ], [ 151.180503127213171, -33.894070697495444 ], [ 151.179737763351852, -33.894251703711639 ], [ 151.179695703483588, -33.894236441636934 ], [ 151.179714005025943, -33.894201366954597 ] ] ], [ [ [ 151.179595706636832, -33.903289553460354 ], [ 151.180312650870349, -33.903136826172648 ], [ 151.180300448615668, -33.90316020928519 ], [ 151.179583504165862, -33.903312936494153 ], [ 151.179595706636832, -33.903289553460354 ] ] ], [ [ [ 151.180683130682127, -33.883474063021048 ], [ 151.180725185547374, -33.883489324615887 ], [ 151.180706886908524, -33.883524399595359 ], [ 151.180171199495447, -33.883651107728973 ], [ 151.180129144659816, -33.883635845945946 ], [ 151.180147443557161, -33.883600771061502 ], [ 151.180683130682127, -33.883474063021048 ] ] ], [ [ [ 151.17990502559428, -33.894060577607561 ], [ 151.18044077919285, -33.893933872988477 ], [ 151.180475829080933, -33.893946591173076 ], [ 151.180460578101844, -33.893975820180806 ], [ 151.179924824263082, -33.894102524877574 ], [ 151.179889774401516, -33.894089806536989 ], [ 151.17990502559428, -33.894060577607561 ] ] ], [ [ [ 151.180277160920724, -33.893534893116851 ], [ 151.180340250390429, -33.89355778591635 ], [ 151.180312798674322, -33.893610398102872 ], [ 151.179623974768162, -33.893773302973095 ], [ 151.179560885351265, -33.893750409808391 ], [ 151.179588337570408, -33.893697797807313 ], [ 151.180277160920724, -33.893534893116851 ] ] ], [ [ [ 151.180135173461792, -33.898747828126034 ], [ 151.180184245950784, -33.898765633778901 ], [ 151.180162893129335, -33.898806554263992 ], [ 151.179550567537149, -33.89895135669672 ], [ 151.179501495087237, -33.898933550792592 ], [ 151.179522848253981, -33.89889263043446 ], [ 151.180135173461792, -33.898747828126034 ] ] ], [ [ [ 151.179832470349965, -33.868343115144896 ], [ 151.179847170713401, -33.868305815249251 ], [ 151.1806123, -33.8681248 ], [ 151.1807109, -33.8681493 ], [ 151.1806968, -33.8681861 ], [ 151.179931670313636, -33.868367115760329 ], [ 151.179832470349965, -33.868343115144896 ] ] ], [ [ [ 151.180121046951939, -33.893162802710087 ], [ 151.180177126198828, -33.893183151929776 ], [ 151.180152724703987, -33.89322991828913 ], [ 151.179463903630761, -33.893392822363928 ], [ 151.179407824433781, -33.893372472821085 ], [ 151.179432226372768, -33.893325706625092 ], [ 151.180121046951939, -33.893162802710087 ] ] ], [ [ [ 151.17991090000001, -33.8667663 ], [ 151.179776252341725, -33.866798155276022 ], [ 151.179813200000012, -33.8668548 ], [ 151.1797384, -33.8668884 ], [ 151.179279863973989, -33.86701916483171 ], [ 151.179448799999989, -33.8670637 ], [ 151.1791986, -33.8676641 ], [ 151.178969062008264, -33.867718402465862 ], [ 151.178509862107717, -33.867589201612958 ], [ 151.17874396385082, -33.86699270211173 ], [ 151.179041740627952, -33.866903656222199 ], [ 151.179094396421277, -33.866870941948491 ], [ 151.179073382541304, -33.866839710860212 ], [ 151.179879287385234, -33.866465416043013 ], [ 151.1806444, -33.8662844 ], [ 151.1807169, -33.8663921 ], [ 151.17991090000001, -33.8667663 ] ] ], [ [ [ 151.179273467488287, -33.893167835263249 ], [ 151.180038822397904, -33.892986831616916 ], [ 151.180094901510245, -33.8930071808702 ], [ 151.180070500025948, -33.893053947214682 ], [ 151.179305144567337, -33.893234951038565 ], [ 151.179249065513119, -33.893214601427545 ], [ 151.179273467488287, -33.893167835263249 ] ] ], [ [ [ 151.180045407855744, -33.883238572018904 ], [ 151.179391927586153, -33.883380328870892 ], [ 151.179370693877416, -33.883361980327315 ], [ 151.179920078670875, -33.883218816147895 ], [ 151.180057607083114, -33.883215188768737 ], [ 151.180045407855744, -33.883238572018904 ] ] ], [ [ [ 151.17985673651782, -33.892493376618255 ], [ 151.179230756227469, -33.892654638485418 ], [ 151.179087286925522, -33.892626598954926 ], [ 151.179111688804795, -33.892579832815869 ], [ 151.179800503841648, -33.892416930498236 ], [ 151.179856582525304, -33.892437279847734 ], [ 151.17985673651782, -33.892493376618255 ] ] ], [ [ [ 151.178553083701388, -33.866606407666964 ], [ 151.178416884071254, -33.866538006833437 ], [ 151.179198094479148, -33.865542312061123 ], [ 151.1799632, -33.8653613 ], [ 151.180116700000013, -33.8654221 ], [ 151.179318200000012, -33.8664254 ], [ 151.178553083701388, -33.866606407666964 ] ] ], [ [ [ 151.179207033041394, -33.882596456769718 ], [ 151.179225462034026, -33.882615543472063 ], [ 151.179465629418843, -33.882576717473711 ], [ 151.17874710981792, -33.882755082079854 ], [ 151.178705055691381, -33.882739819831158 ], [ 151.178723354953121, -33.882704745166372 ], [ 151.179438544495554, -33.882526324730243 ], [ 151.179207033041394, -33.882596456769718 ] ] ], [ [ [ 151.177756277182226, -33.896205492636618 ], [ 151.177535860322052, -33.896257614298371 ], [ 151.177501060741832, -33.896175714179101 ], [ 151.177840061758246, -33.896062615522972 ], [ 151.1783146, -33.895950400000011 ], [ 151.1784053, -33.8959542 ], [ 151.1784705, -33.8961004 ], [ 151.177880760765049, -33.896248015644602 ], [ 151.177756277182226, -33.896205492636618 ] ] ], [ [ [ 151.177601562726664, -33.895841814637492 ], [ 151.1783355, -33.8956525 ], [ 151.1784093, -33.8958218 ], [ 151.177675661857506, -33.896011814892354 ], [ 151.177601562726664, -33.895841814637492 ] ] ], [ [ [ 151.178009661873801, -33.86891490351011 ], [ 151.178774800000014, -33.8687339 ], [ 151.1789379, -33.8691434 ], [ 151.17894, -33.8692233 ], [ 151.177160353546157, -33.869666297932689 ], [ 151.177088554009686, -33.869600497502802 ], [ 151.176952657039976, -33.869237496766019 ], [ 151.178009661873801, -33.86891490351011 ] ] ], [ [ [ 151.178647262123548, -33.882448063598801 ], [ 151.178098882993083, -33.882598461003724 ], [ 151.178077856028636, -33.882590829773392 ], [ 151.17815802547554, -33.88255649514678 ], [ 151.178165172828557, -33.882526909637669 ], [ 151.178647804071772, -33.882422566681214 ], [ 151.178647262123548, -33.882448063598801 ] ] ], [ [ [ 151.177281011259225, -33.896509290045998 ], [ 151.178142400000013, -33.8963 ], [ 151.1781581, -33.8963366 ], [ 151.177296710956, -33.896545990132879 ], [ 151.177281011259225, -33.896509290045998 ] ] ], [ [ [ 151.177639251764873, -33.882812816224337 ], [ 151.178404516076796, -33.88263181951644 ], [ 151.17843956108905, -33.882644538140816 ], [ 151.178424311621882, -33.882673766990663 ], [ 151.177659046967023, -33.882854763809448 ], [ 151.177624001996605, -33.88284204496432 ], [ 151.177639251764873, -33.882812816224337 ] ] ], [ [ [ 151.177573382658125, -33.893569095114046 ], [ 151.177516482883988, -33.893515994909691 ], [ 151.178118399999988, -33.8933659 ], [ 151.1781446, -33.8934279 ], [ 151.177573382658125, -33.893569095114046 ] ] ], [ [ [ 151.177283331445494, -33.894276690779513 ], [ 151.17728213173163, -33.894244790782224 ], [ 151.1781297, -33.8940625 ], [ 151.1781302, -33.8940938 ], [ 151.177283331445494, -33.894276690779513 ] ] ], [ [ [ 151.177424483954951, -33.893299994604455 ], [ 151.1780771, -33.8931391 ], [ 151.1781102, -33.8932049 ], [ 151.177449183599578, -33.893370494683978 ], [ 151.177424483954951, -33.893299994604455 ] ] ], [ [ [ 151.177328290947713, -33.891991194494544 ], [ 151.1779534, -33.891837 ], [ 151.17797250000001, -33.8918886 ], [ 151.177351390703365, -33.892040894572055 ], [ 151.177328290947713, -33.891991194494544 ] ] ], [ [ [ 151.176897868563742, -33.8679499968366 ], [ 151.176800071890426, -33.867561796347317 ], [ 151.1775652, -33.8673808 ], [ 151.1783835, -33.8672387 ], [ 151.178481299999987, -33.867626799999989 ], [ 151.177716171334822, -33.867807802022888 ], [ 151.176897868563742, -33.8679499968366 ] ] ], [ [ [ 151.1778555, -33.8927647 ], [ 151.177749013463682, -33.892799385940322 ], [ 151.1778885, -33.8927664 ], [ 151.177940299999989, -33.8928353 ], [ 151.177298485452496, -33.892998494187474 ], [ 151.177261385814376, -33.892924294061906 ], [ 151.177376476956596, -33.892890500739334 ], [ 151.177255985837235, -33.892918994042581 ], [ 151.177222786238644, -33.892838293932947 ], [ 151.17781, -33.892693099999981 ], [ 151.1778555, -33.8927647 ] ] ], [ [ [ 151.177149787059733, -33.892672193689727 ], [ 151.177113187446565, -33.892593493566899 ], [ 151.177239387782862, -33.892556894049925 ], [ 151.177698600000014, -33.8924483 ], [ 151.177739300000013, -33.8925223 ], [ 151.177149787059733, -33.892672193689727 ] ] ], [ [ [ 151.176128314762479, -33.896728973064143 ], [ 151.175525204788755, -33.896871578891314 ], [ 151.175478605690273, -33.896762478633505 ], [ 151.1773653, -33.8962257 ], [ 151.1774432, -33.8963957 ], [ 151.177205066876184, -33.89646006558948 ], [ 151.177164500336346, -33.896490499897553 ], [ 151.177180900000025, -33.8965278 ], [ 151.176908028716582, -33.896594705657996 ], [ 151.176878739846273, -33.896568686319675 ], [ 151.176732238579433, -33.896603904130025 ], [ 151.1767543, -33.8966562 ], [ 151.176359734456327, -33.896755875629694 ], [ 151.176368599999989, -33.8967759 ], [ 151.176256099999989, -33.8968102 ], [ 151.175597185081784, -33.896966001341724 ], [ 151.175632, -33.897034 ], [ 151.1755865, -33.8971245 ], [ 151.174821099584904, -33.897305474324973 ], [ 151.174750699498446, -33.89730087388385 ], [ 151.174512500151735, -33.897180672425137 ], [ 151.174561201114585, -33.897083972762481 ], [ 151.174596459223096, -33.897075636372811 ], [ 151.174356552670531, -33.896982801761588 ], [ 151.17448145311576, -33.896928502259264 ], [ 151.17508380000001, -33.896784 ], [ 151.174992835151443, -33.896822810476017 ], [ 151.175150300000013, -33.8968126 ], [ 151.175099223605542, -33.896833392554662 ], [ 151.175187599999987, -33.89687 ], [ 151.175141473476486, -33.896946772274852 ], [ 151.1753266, -33.896903 ], [ 151.175461164166961, -33.896924457152174 ], [ 151.176137753017088, -33.896751389224491 ], [ 151.176128314762479, -33.896728973064143 ] ] ], [ [ [ 151.176086629862709, -33.896020404114616 ], [ 151.176000829992262, -33.895956903953746 ], [ 151.176076516266647, -33.895933544809374 ], [ 151.176069160583523, -33.895915708650065 ], [ 151.177095400000013, -33.8956355 ], [ 151.1772177, -33.8958912 ], [ 151.1763862, -33.8961454 ], [ 151.175911658489525, -33.896257607967868 ], [ 151.175877258899135, -33.896177607849779 ], [ 151.17638124004651, -33.896048463710436 ], [ 151.176372636046437, -33.896028670649578 ], [ 151.175765451561745, -33.896176467997513 ], [ 151.175810600000034, -33.8962825 ], [ 151.175164348288149, -33.896439306781659 ], [ 151.175197135297338, -33.896522441689761 ], [ 151.175629959428932, -33.896420101195609 ], [ 151.175612109410167, -33.896377879596741 ], [ 151.176507029772779, -33.896137104922254 ], [ 151.1767443, -33.896081 ], [ 151.176852, -33.8961256 ], [ 151.1769083, -33.8962545 ], [ 151.1764651, -33.8964041 ], [ 151.175699707696367, -33.896585080080683 ], [ 151.175684992013714, -33.896550272431661 ], [ 151.17463210364474, -33.896818373293854 ], [ 151.174592524313397, -33.896728412070317 ], [ 151.174329203344115, -33.896790671398534 ], [ 151.174292134950832, -33.896715857450559 ], [ 151.174235403728545, -33.896729270828658 ], [ 151.174204504332323, -33.896656270657942 ], [ 151.17488178501344, -33.896485754933813 ], [ 151.174818708330918, -33.896337574621981 ], [ 151.174895808876215, -33.896292775121111 ], [ 151.17634736989487, -33.895972651631631 ], [ 151.176086629862709, -33.896020404114616 ] ], [ [ 151.176452789722788, -33.895919261876053 ], [ 151.176425887348415, -33.895925623184134 ], [ 151.17642667836077, -33.895927388436199 ], [ 151.176452789722788, -33.895919261876053 ] ] ], [ [ [ 151.176480732258966, -33.866234783389373 ], [ 151.176877165268081, -33.866311176030841 ], [ 151.1775065, -33.866162299999985 ], [ 151.1776396, -33.8662108 ], [ 151.1775589, -33.8663637 ], [ 151.177375226244749, -33.866407150396327 ], [ 151.1775561, -33.8664515 ], [ 151.177604699999989, -33.8664978 ], [ 151.1773988, -33.8668421 ], [ 151.1763228, -33.8676769 ], [ 151.175557666959463, -33.867857888447169 ], [ 151.175271067152721, -33.867778786672254 ], [ 151.175157568343053, -33.867624086009116 ], [ 151.175025671992415, -33.867193285319473 ], [ 151.175064073966951, -33.866982285628751 ], [ 151.175115975232103, -33.866852585996611 ], [ 151.175615500042483, -33.866428933945869 ], [ 151.1754669, -33.8665045 ], [ 151.174931313509063, -33.866631188924785 ], [ 151.174765214703172, -33.866408788244613 ], [ 151.175013615852578, -33.866276889366674 ], [ 151.1755492, -33.8661502 ], [ 151.1757251, -33.8663732 ], [ 151.175685612861599, -33.866393280082839 ], [ 151.175768021946993, -33.866373786408083 ], [ 151.175790681284013, -33.866317990407346 ], [ 151.1767414, -33.8660683 ], [ 151.1767511, -33.8661003 ], [ 151.176574076000492, -33.866142176211802 ], [ 151.1766017, -33.86615 ], [ 151.1765762, -33.8662122 ], [ 151.176480732258966, -33.866234783389373 ] ] ], [ [ [ 151.1768629, -33.895082599999988 ], [ 151.1769627, -33.895297900000017 ], [ 151.1764049, -33.8954652 ], [ 151.175927070030212, -33.895565988518655 ], [ 151.175837471039443, -33.895361888220144 ], [ 151.1768629, -33.895082599999988 ] ] ], [ [ [ 151.176167977044599, -33.895624250168567 ], [ 151.176132617275584, -33.895612583115515 ], [ 151.176789, -33.8954439 ], [ 151.1769271, -33.8954425 ], [ 151.176802228340733, -33.895474274736848 ], [ 151.1768545, -33.8955943 ], [ 151.176819099999989, -33.8956262 ], [ 151.176272687738191, -33.895783750289716 ], [ 151.1762951, -33.895834 ], [ 151.1761793, -33.8958695 ], [ 151.175479412310153, -33.89603037887457 ], [ 151.175454212774184, -33.895973978734297 ], [ 151.175815953347268, -33.895884838317734 ], [ 151.175756192235866, -33.895742811899161 ], [ 151.176167977044599, -33.895624250168567 ] ] ], [ [ [ 151.177195899999987, -33.8699724 ], [ 151.175924341413889, -33.870285895080698 ], [ 151.175951200000014, -33.8703571 ], [ 151.174296858829649, -33.870760371210309 ], [ 151.174256060179772, -33.870652470878021 ], [ 151.175371325502454, -33.870376733243461 ], [ 151.175343044496373, -33.870302786310695 ], [ 151.176053680763772, -33.870126658041876 ], [ 151.176068047627041, -33.870101990930138 ], [ 151.176393444175261, -33.870017419001051 ], [ 151.176378949162682, -33.869994492917961 ], [ 151.177331200000026, -33.8697649 ], [ 151.1773507, -33.8698166 ], [ 151.177155504142206, -33.869865668233011 ], [ 151.177195899999987, -33.8699724 ] ] ], [ [ [ 151.175646173355943, -33.894896287588658 ], [ 151.175593966166701, -33.894823907016132 ], [ 151.175784466737468, -33.894760407771287 ], [ 151.1766441, -33.89457 ], [ 151.176663100000013, -33.8946127 ], [ 151.176105400000012, -33.8947877 ], [ 151.175646173355943, -33.894896287588658 ] ] ], [ [ [ 151.176961683417886, -33.876980419250629 ], [ 151.177016573704321, -33.877177835411899 ], [ 151.176842926259127, -33.87722567527922 ], [ 151.176953354355021, -33.877283086933872 ], [ 151.176935492012717, -33.877351611799028 ], [ 151.175839349257984, -33.877618310562951 ], [ 151.175757193956258, -33.877603410998248 ], [ 151.175736851011635, -33.877555142436698 ], [ 151.175634071864721, -33.87756905651402 ], [ 151.175606080204801, -33.877509733263835 ], [ 151.175904194778155, -33.877422305128007 ], [ 151.175747535258552, -33.877452438884482 ], [ 151.175711969021307, -33.877367786036132 ], [ 151.175876312255554, -33.877311996340097 ], [ 151.17589452958444, -33.877273808745542 ], [ 151.176080673441447, -33.877223568054667 ], [ 151.175581448924817, -33.877324477941698 ], [ 151.175546916296838, -33.87730448355272 ], [ 151.175555002111366, -33.877271237649587 ], [ 151.175170279021472, -33.877362228246994 ], [ 151.175121219721746, -33.877344420975191 ], [ 151.175142569074751, -33.877303501132005 ], [ 151.175901662854159, -33.877123967063106 ], [ 151.175990164500917, -33.877076274380663 ], [ 151.175857910804126, -33.877083700916593 ], [ 151.175835180275129, -33.877054206008459 ], [ 151.175856663677109, -33.877026736549531 ], [ 151.175798067248593, -33.877036437697583 ], [ 151.175786870596653, -33.877012708411939 ], [ 151.175877862502233, -33.876984419356866 ], [ 151.175879615163694, -33.876934291491281 ], [ 151.175986589405284, -33.87690152789898 ], [ 151.175987180616289, -33.876863153585667 ], [ 151.176533473812469, -33.876730755714611 ], [ 151.176577190236685, -33.876758637827749 ], [ 151.176915035791325, -33.876690990320938 ], [ 151.176945795539865, -33.876714719848707 ], [ 151.176930546723071, -33.8767439485583 ], [ 151.176643715944152, -33.876811790792793 ], [ 151.176556519733737, -33.876861208047536 ], [ 151.176594330818602, -33.876869342126618 ], [ 151.176580319610991, -33.876940532957697 ], [ 151.176693212143761, -33.876997494991528 ], [ 151.17680713937159, -33.876971797091102 ], [ 151.176843249107208, -33.876999076833016 ], [ 151.176961683417886, -33.876980419250629 ] ] ], [ [ [ 151.175918267812023, -33.894595608325716 ], [ 151.175856768517747, -33.89445730811363 ], [ 151.176486899999986, -33.8942981 ], [ 151.1765466, -33.894437 ], [ 151.175918267812023, -33.894595608325716 ] ] ], [ [ [ 151.175711564673435, -33.895114007416502 ], [ 151.175691564915411, -33.895066807347966 ], [ 151.1763521, -33.8949088 ], [ 151.1763741, -33.8949819 ], [ 151.176330347369088, -33.895003026463741 ], [ 151.176418, -33.894982299999981 ], [ 151.176457699999986, -33.8950765 ], [ 151.1763527, -33.8951081 ], [ 151.176497399999988, -33.8951122 ], [ 151.176509, -33.8951415 ], [ 151.17605293198136, -33.895257604125149 ], [ 151.175986332400839, -33.895094504011666 ], [ 151.175764372125229, -33.895146987985996 ], [ 151.17574705998598, -33.895105614359473 ], [ 151.175711564673435, -33.895114007416502 ] ] ], [ [ [ 151.175427798000612, -33.894991010204578 ], [ 151.1763123, -33.8947674 ], [ 151.176353299999988, -33.8948554 ], [ 151.175468897329523, -33.895079110418472 ], [ 151.175427798000612, -33.894991010204578 ] ] ], [ [ [ 151.175433747840231, -33.869950686994024 ], [ 151.175366449333126, -33.86977178662891 ], [ 151.1764527, -33.8695075 ], [ 151.17652, -33.8696864 ], [ 151.175433747840231, -33.869950686994024 ] ] ], [ [ [ 151.175206129634518, -33.872356543735378 ], [ 151.17524443582775, -33.872377892644096 ], [ 151.175654612980679, -33.872282209754665 ], [ 151.175718303754792, -33.87233725704138 ], [ 151.175649082579667, -33.872393287783474 ], [ 151.175645717704498, -33.87246097427056 ], [ 151.175389098271467, -33.872527518384722 ], [ 151.175383997155677, -33.872549857606685 ], [ 151.175148218443638, -33.872605089808289 ], [ 151.174977520492945, -33.872593044985166 ], [ 151.175017474435265, -33.872575308635284 ], [ 151.175006522093611, -33.87251722539439 ], [ 151.174277841092731, -33.872689571673199 ], [ 151.1744267, -33.8727852 ], [ 151.1743222, -33.8728795 ], [ 151.173403979257273, -33.873096668456327 ], [ 151.172320684905202, -33.872357460575138 ], [ 151.172350185357459, -33.872321660811423 ], [ 151.173268400000012, -33.8721045 ], [ 151.1734933, -33.8721856 ], [ 151.174169324912441, -33.8726198596408 ], [ 151.174194797423525, -33.872594316283511 ], [ 151.175206129634518, -33.872356543735378 ] ] ], [ [ [ 151.17534280000001, -33.88996920000001 ], [ 151.17406676156503, -33.890296871843084 ], [ 151.173985662720753, -33.890152671379823 ], [ 151.174345064340514, -33.890045773673364 ], [ 151.17528630000001, -33.889836699999982 ], [ 151.17534280000001, -33.88996920000001 ] ] ], [ [ [ 151.17359183733231, -33.87074377516651 ], [ 151.173550337714715, -33.870693074922151 ], [ 151.173856440190463, -33.870480476913841 ], [ 151.1749347, -33.8702218 ], [ 151.17497560000001, -33.8703281 ], [ 151.1744429, -33.8705397 ], [ 151.17359183733231, -33.87074377516651 ] ] ], [ [ [ 151.174049822778386, -33.872447777494109 ], [ 151.173987523037226, -33.872406577115996 ], [ 151.174025723471431, -33.872366177369045 ], [ 151.1747909, -33.872185200000025 ], [ 151.174853899999988, -33.872223899999987 ], [ 151.174815, -33.8722668 ], [ 151.174049822778386, -33.872447777494109 ] ] ], [ [ [ 151.1749086, -33.8670539 ], [ 151.174019369441794, -33.867273278972128 ], [ 151.17362886901401, -33.86724207652906 ], [ 151.173645069904666, -33.867146676661598 ], [ 151.173851710376454, -33.867097800421959 ], [ 151.173861171222569, -33.867044178052218 ], [ 151.1746263, -33.8668632 ], [ 151.1746819, -33.8668701 ], [ 151.174699527100074, -33.866920043468191 ], [ 151.174829499999987, -33.8668893 ], [ 151.1749362, -33.8669009 ], [ 151.1749086, -33.8670539 ] ] ], [ [ [ 151.173556850088517, -33.891464068261378 ], [ 151.173502550060249, -33.891456267922571 ], [ 151.17346495079812, -33.891367067715009 ], [ 151.17427570000001, -33.891172900000015 ], [ 151.1743222, -33.8912831 ], [ 151.173556850088517, -33.891464068261378 ] ] ], [ [ [ 151.1727343, -33.8926757 ], [ 151.172694, -33.892827799999985 ], [ 151.172639763052359, -33.89284062355631 ], [ 151.1727005, -33.8928482 ], [ 151.17266734582256, -33.892899600058819 ], [ 151.1726938, -33.8929029 ], [ 151.1726856, -33.8929484 ], [ 151.172650744047473, -33.892956641182302 ], [ 151.1726921, -33.892961799999981 ], [ 151.17268390000001, -33.8930073 ], [ 151.172645521189452, -33.893016374102267 ], [ 151.1726802, -33.8930207 ], [ 151.17264935979324, -33.893071552937172 ], [ 151.1728943, -33.8930266 ], [ 151.17335577369596, -33.893089238515302 ], [ 151.1735592, -33.8930653 ], [ 151.1737472, -33.8930994 ], [ 151.173737959899626, -33.893145114279029 ], [ 151.173806498809398, -33.893154286864821 ], [ 151.1739591, -33.8931225 ], [ 151.174083, -33.89313760000001 ], [ 151.174029, -33.8933356 ], [ 151.173513178895917, -33.89344557982421 ], [ 151.172747039826646, -33.893323015507399 ], [ 151.172502578503099, -33.893314676037853 ], [ 151.172402478502363, -33.893294675664151 ], [ 151.172414105475525, -33.89323779079708 ], [ 151.172206078329822, -33.893286974924862 ], [ 151.171963078228998, -33.893256674014182 ], [ 151.171971378484869, -33.893211174054329 ], [ 151.172004055568607, -33.893203448255711 ], [ 151.171969778548174, -33.893199174050608 ], [ 151.172000688878171, -33.893148328417155 ], [ 151.17196977884484, -33.893144474061209 ], [ 151.171978079100683, -33.893098974101335 ], [ 151.172016428419681, -33.893089907206701 ], [ 151.171981679177321, -33.893085574117507 ], [ 151.171989979433107, -33.893040074157639 ], [ 151.17202480678651, -33.89303183994847 ], [ 151.171983379498585, -33.893026674135342 ], [ 151.172016603214217, -33.892975281533666 ], [ 151.171992306655994, -33.892959767114029 ], [ 151.171717779219676, -33.893024673133937 ], [ 151.171474779118853, -33.892994372223292 ], [ 151.171488079646423, -33.892899772291763 ], [ 151.1719473, -33.8927912 ], [ 151.172037085555729, -33.892801120915749 ], [ 151.172032181030801, -33.892753974372241 ], [ 151.172491400000013, -33.8926454 ], [ 151.1727343, -33.8926757 ] ] ], [ [ [ 151.171659069468319, -33.894810772566416 ], [ 151.171674648791281, -33.894716540279724 ], [ 151.171417769386721, -33.89477727166274 ], [ 151.171285281442238, -33.894740845646709 ], [ 151.171147869291303, -33.894740570651813 ], [ 151.171093569463665, -33.894697870455282 ], [ 151.171101560231847, -33.894648552491297 ], [ 151.170774869074222, -33.894705569251649 ], [ 151.170706369040175, -33.894698068994757 ], [ 151.170719155785349, -33.894617410106129 ], [ 151.170469768899778, -33.894676368106502 ], [ 151.169830668571421, -33.894608365709033 ], [ 151.169764968603346, -33.894589265464937 ], [ 151.169794713859602, -33.894435204986898 ], [ 151.169519368918003, -33.89448186455936 ], [ 151.169528295658495, -33.894432956212107 ], [ 151.169300768984385, -33.894425663745714 ], [ 151.169310812894679, -33.894369006941652 ], [ 151.169169469122124, -33.894373863260512 ], [ 151.169016881818408, -33.894308108034494 ], [ 151.16894576924372, -33.894306462429796 ], [ 151.168949497148446, -33.894286098742946 ], [ 151.168878869290609, -33.894284362181729 ], [ 151.168912270319623, -33.894101362343243 ], [ 151.169415175365941, -33.893994650080835 ], [ 151.169434661192383, -33.893946384304193 ], [ 151.169163671112329, -33.894005763310055 ], [ 151.168946571014402, -33.893980162496121 ], [ 151.168954171261873, -33.893936062533349 ], [ 151.168993638077836, -33.893926732583161 ], [ 151.168965471344734, -33.89392306257848 ], [ 151.168980271785586, -33.893844762649522 ], [ 151.169015670636924, -33.893836394347815 ], [ 151.168976271852245, -33.89383166263697 ], [ 151.16898987231184, -33.893749662704181 ], [ 151.169025438290191, -33.8937412548797 ], [ 151.16899667238323, -33.893737862732124 ], [ 151.169026573168111, -33.893599162871809 ], [ 151.169051906899142, -33.893593173939259 ], [ 151.169020573214169, -33.893589462851054 ], [ 151.169054274266273, -33.893402263014515 ], [ 151.169087074154163, -33.893394509041187 ], [ 151.169057040544686, -33.893375574187736 ], [ 151.168784673767789, -33.893439961990275 ], [ 151.168567673670509, -33.89341426117678 ], [ 151.168585374199665, -33.893320261261778 ], [ 151.168739037218643, -33.893283935453404 ], [ 151.168592274498394, -33.893266561298233 ], [ 151.168615975033532, -33.893172661405842 ], [ 151.168654855256364, -33.893163470146263 ], [ 151.168524975074774, -33.893146761067634 ], [ 151.168534875373012, -33.893093761115253 ], [ 151.168639000199931, -33.893069146088692 ], [ 151.16863987586396, -33.893024361524766 ], [ 151.169099100000011, -33.8929158 ], [ 151.1693162, -33.8929414 ], [ 151.1693086, -33.8929855 ], [ 151.169198590389556, -33.893011506857597 ], [ 151.1693027, -33.8930249 ], [ 151.1692928, -33.8930779 ], [ 151.169259330607105, -33.893085812340296 ], [ 151.169290178209792, -33.893102011972154 ], [ 151.1695343, -33.8930443 ], [ 151.169751400000024, -33.8930699 ], [ 151.169753181355446, -33.893212621630312 ], [ 151.170005800000013, -33.8931529 ], [ 151.1702229, -33.8931785 ], [ 151.1701885, -33.8933228 ], [ 151.170040347515027, -33.893357824992506 ], [ 151.170186, -33.893375 ], [ 151.1701784, -33.8934191 ], [ 151.170013706775364, -33.893458035339656 ], [ 151.170111493481215, -33.893469566151325 ], [ 151.170447809766301, -33.893397465655283 ], [ 151.17048708354443, -33.893368750121937 ], [ 151.170460776, -33.893365468326728 ], [ 151.170468976255705, -33.893319968366505 ], [ 151.170500547553218, -33.89331250443486 ], [ 151.170466576316556, -33.893308268359696 ], [ 151.170474876572399, -33.893262768399843 ], [ 151.170934100000011, -33.8931542 ], [ 151.171177, -33.8931845 ], [ 151.1711688, -33.89323 ], [ 151.171137228764593, -33.893237464110477 ], [ 151.1711712, -33.8932417 ], [ 151.171164511138414, -33.893278367859949 ], [ 151.1714355, -33.8932143 ], [ 151.1716784, -33.8932446 ], [ 151.17165961105988, -33.893315577931475 ], [ 151.171871, -33.8932656 ], [ 151.1721139, -33.8932959 ], [ 151.172098168729804, -33.893394638146631 ], [ 151.1723686, -33.8933307 ], [ 151.172611499999988, -33.893361 ], [ 151.1726032, -33.8934066 ], [ 151.172554920872017, -33.893418014787507 ], [ 151.1726021, -33.8934239 ], [ 151.17259390000001, -33.8934694 ], [ 151.172134676673664, -33.893577974599197 ], [ 151.172067240040349, -33.893569565634508 ], [ 151.17206099812276, -33.893604200660988 ], [ 151.172341, -33.893538 ], [ 151.172443919479264, -33.893550445544257 ], [ 151.172448977299695, -33.893525775794778 ], [ 151.1729082, -33.8934172 ], [ 151.173679083935838, -33.893526837203758 ], [ 151.173821, -33.893514 ], [ 151.173965900000013, -33.8935392 ], [ 151.173903, -33.8937067 ], [ 151.173443776815105, -33.893815279490866 ], [ 151.172556729064155, -33.893698748152936 ], [ 151.1725523, -33.893749399999976 ], [ 151.172093075109643, -33.893857974388013 ], [ 151.172011820879618, -33.893847838271704 ], [ 151.171982052690396, -33.893877140062614 ], [ 151.1720181, -33.8938821 ], [ 151.171948450036581, -33.894204351661223 ], [ 151.1722071, -33.8941432 ], [ 151.17234424181629, -33.894158245754518 ], [ 151.17233691176915, -33.89410498728094 ], [ 151.172196873906017, -33.894100774732514 ], [ 151.172238075149096, -33.893879874930697 ], [ 151.1727852, -33.8937572 ], [ 151.1728348, -33.8937662 ], [ 151.172824813775946, -33.893811595579962 ], [ 151.1730384, -33.8937755 ], [ 151.173321, -33.8938105 ], [ 151.173281032523448, -33.894021507419595 ], [ 151.173602499999987, -33.89394549999998 ], [ 151.1738125, -33.8939432 ], [ 151.173763900000012, -33.8941238 ], [ 151.173304674401123, -33.894232378885441 ], [ 151.173113974304727, -33.894211778170153 ], [ 151.173137559005397, -33.894084843364737 ], [ 151.172678938432597, -33.894193276736374 ], [ 151.173185391082257, -33.894292855660211 ], [ 151.173687199999989, -33.894352 ], [ 151.1736579, -33.894509699999972 ], [ 151.17319867219237, -33.89461827841091 ], [ 151.172957493301055, -33.894578057861501 ], [ 151.17278307182724, -33.894601976846474 ], [ 151.172731776199726, -33.894570131045022 ], [ 151.172644871832659, -33.894573176330802 ], [ 151.172649996397979, -33.894545874454323 ], [ 151.172529771791687, -33.894557575899654 ], [ 151.172465725479867, -33.894519100611134 ], [ 151.172315931838938, -33.894555962524059 ], [ 151.17230527858456, -33.894693054722701 ], [ 151.172624, -33.8946177 ], [ 151.172729135843497, -33.894667785269554 ], [ 151.172940948223015, -33.894694336640093 ], [ 151.173136199999988, -33.8946771 ], [ 151.17312992395776, -33.89470978968194 ], [ 151.173183599999987, -33.8947123 ], [ 151.173178870587577, -33.894739061610622 ], [ 151.1733171, -33.8947277 ], [ 151.1733779, -33.8947361 ], [ 151.173369321710453, -33.894784640654933 ], [ 151.1735564, -33.8947904 ], [ 151.1735252, -33.894942299999983 ], [ 151.173065969701184, -33.895050877826606 ], [ 151.172125769215455, -33.894951274299558 ], [ 151.1721309618448, -33.894921317896966 ], [ 151.172058409881231, -33.89493267073626 ], [ 151.172012379056724, -33.895030033004275 ], [ 151.1721466, -33.894998299999983 ], [ 151.1730814, -33.8951158 ], [ 151.173269, -33.8955681 ], [ 151.172794458209381, -33.895680295933481 ], [ 151.172694771366253, -33.895644726521937 ], [ 151.172429387044815, -33.895690792464706 ], [ 151.172261089435324, -33.895372591576255 ], [ 151.172275790300091, -33.895272691692199 ], [ 151.172315911118659, -33.895254654709511 ], [ 151.17193625932839, -33.895307992663028 ], [ 151.171884659303828, -33.895301992463089 ], [ 151.171889867216265, -33.895271253752135 ], [ 151.171134009652974, -33.895449951744112 ], [ 151.170971009971339, -33.895381950741381 ], [ 151.170996124039107, -33.895292677557691 ], [ 151.170462315254014, -33.895418875663687 ], [ 151.17026651577774, -33.895332774171827 ], [ 151.170366105130597, -33.895176692262581 ], [ 151.170024388190967, -33.895070678589974 ], [ 151.17004847770454, -33.895017169264534 ], [ 151.169911388177326, -33.895049577935659 ], [ 151.169769888302966, -33.89500617712141 ], [ 151.169818089379049, -33.894887877438762 ], [ 151.1705299, -33.8947196 ], [ 151.1706754, -33.894763 ], [ 151.170660173524652, -33.894797507548567 ], [ 151.170798100000013, -33.8947649 ], [ 151.171143971982843, -33.894872200630317 ], [ 151.1714058, -33.894810299999982 ], [ 151.1716409, -33.894834600000017 ], [ 151.171565834273537, -33.894952317848976 ], [ 151.1719229, -33.8948679 ], [ 151.172033662330648, -33.894884079589417 ], [ 151.17207897338298, -33.894774598175864 ], [ 151.171841369558734, -33.894830773250156 ], [ 151.171659069468319, -33.894810772566416 ] ], [ [ 151.172375399801297, -33.89423066292602 ], [ 151.172358187042278, -33.894245067707402 ], [ 151.172403784515581, -33.894234350465226 ], [ 151.172375399801297, -33.89423066292602 ] ], [ [ 151.171534122631215, -33.894466098766046 ], [ 151.1717074, -33.8944262 ], [ 151.17178438049902, -33.894421584532068 ], [ 151.17172047168421, -33.894414572874787 ], [ 151.171723846965648, -33.894393253122537 ], [ 151.171539579039205, -33.89443681804768 ], [ 151.171534122631215, -33.894466098766046 ] ], [ [ 151.170134166071676, -33.893571514242744 ], [ 151.170071900000011, -33.8939586 ], [ 151.16960200626346, -33.894078420725869 ], [ 151.169777399999987, -33.8940836 ], [ 151.169767253714042, -33.894139192021292 ], [ 151.169851116085084, -33.894153444431886 ], [ 151.170785800000033, -33.8939402 ], [ 151.171006295121259, -33.893967705175946 ], [ 151.171311376228971, -33.89390892793157 ], [ 151.171373575792302, -33.893587371726632 ], [ 151.171419328679093, -33.893576554726103 ], [ 151.171166275327494, -33.893631370936227 ], [ 151.170923375226835, -33.893601070025923 ], [ 151.17093157548257, -33.893555570065651 ], [ 151.170963938912479, -33.893547918754962 ], [ 151.170935675545621, -33.893544770083217 ], [ 151.170943875801299, -33.89349927012298 ], [ 151.170982117095861, -33.893490229164733 ], [ 151.170947975877937, -33.893485970141015 ], [ 151.170954565705358, -33.89344940581185 ], [ 151.170681475435345, -33.893513969130382 ], [ 151.170515550591432, -33.893493270659256 ], [ 151.170134166071676, -33.893571514242744 ] ], [ [ 151.171273887370234, -33.894079479740945 ], [ 151.170938494991361, -33.894164555199225 ], [ 151.170997699999987, -33.8941812 ], [ 151.1709909, -33.894219 ], [ 151.170652710614576, -33.8942989530548 ], [ 151.170738052831638, -33.894309256288587 ], [ 151.171257033183309, -33.894186560712669 ], [ 151.171273887370234, -33.894079479740945 ] ], [ [ 151.170956011775644, -33.894425943236527 ], [ 151.170947297774575, -33.894471706299072 ], [ 151.171211149920424, -33.894415451675663 ], [ 151.171232421288892, -33.894364893109056 ], [ 151.170956011775644, -33.894425943236527 ] ], [ [ 151.170284470754893, -33.894297067481119 ], [ 151.170319098243937, -33.894231887258698 ], [ 151.170049370798864, -33.894271211478383 ], [ 151.170034568315202, -33.894352028569827 ], [ 151.1702593, -33.894298900000017 ], [ 151.170363776313991, -33.894306852699103 ], [ 151.170284470754893, -33.894297067481119 ] ] ], [ [ [ 151.1740622, -33.8793733 ], [ 151.1739258, -33.8796199 ], [ 151.173451348303303, -33.879732101684432 ], [ 151.173370048358407, -33.879705901372901 ], [ 151.173445749349867, -33.879544101700205 ], [ 151.173492856827181, -33.879532961461457 ], [ 151.173359849557187, -33.879489801376423 ], [ 151.173391749972808, -33.879422001514264 ], [ 151.1738662, -33.8793098 ], [ 151.1740622, -33.8793733 ] ] ], [ [ [ 151.172731329830157, -33.882473365974079 ], [ 151.17266392989643, -33.882452465557243 ], [ 151.172740431569508, -33.882282666092834 ], [ 151.1735057, -33.8821017 ], [ 151.1735731, -33.8821226 ], [ 151.1734966, -33.8822924 ], [ 151.172731329830157, -33.882473365974079 ] ] ], [ [ [ 151.1735624, -33.8744384 ], [ 151.172950240955487, -33.874583175527803 ], [ 151.172646141199749, -33.874488174023767 ], [ 151.172662341481924, -33.874452374114426 ], [ 151.17290747759796, -33.87439440040248 ], [ 151.172946940881729, -33.874305590478613 ], [ 151.173176500000011, -33.8742513 ], [ 151.1732423, -33.8742717 ], [ 151.173220385920303, -33.874320398002219 ], [ 151.173627399999987, -33.8742922 ], [ 151.1735624, -33.8744384 ] ] ], [ [ [ 151.173277255210508, -33.869082491607031 ], [ 151.173248255304628, -33.8690418915563 ], [ 151.173286055411893, -33.869009891630633 ], [ 151.173538900000011, -33.8689495 ], [ 151.1736023, -33.8689599 ], [ 151.1736344, -33.8690011 ], [ 151.1735985, -33.8690356 ], [ 151.173345455207027, -33.869097491734102 ], [ 151.173277255210508, -33.869082491607031 ] ] ], [ [ [ 151.172631227327372, -33.867131502218342 ], [ 151.172619976168136, -33.867104829348527 ], [ 151.172535668086965, -33.867124769699409 ], [ 151.172309867910627, -33.867098868289268 ], [ 151.172323668786987, -33.867004568406429 ], [ 151.17237990704686, -33.866991267154667 ], [ 151.172196768885982, -33.866968067621031 ], [ 151.172226570557882, -33.866788867866106 ], [ 151.17227807107389, -33.866742068204744 ], [ 151.172690993468507, -33.866644404541034 ], [ 151.17265977267536, -33.866641470635052 ], [ 151.17267989923775, -33.866529289936494 ], [ 151.172642030510758, -33.866431720028842 ], [ 151.172095572377259, -33.866560967116762 ], [ 151.171711372314945, -33.866490564725957 ], [ 151.171760574312685, -33.866279165103322 ], [ 151.1725257, -33.8660982 ], [ 151.1726482, -33.866117 ], [ 151.172803714622859, -33.866214986701401 ], [ 151.1730827, -33.866149 ], [ 151.1733773, -33.8661782 ], [ 151.173379036956192, -33.866211943159378 ], [ 151.173572, -33.8661981 ], [ 151.173526, -33.86647 ], [ 151.17344615500204, -33.866488885551931 ], [ 151.1735195, -33.866499 ], [ 151.1734358, -33.8669736 ], [ 151.172724227397168, -33.867141902758569 ], [ 151.172631227327372, -33.867131502218342 ] ] ], [ [ [ 151.1732189, -33.8693052 ], [ 151.172424146532961, -33.86948976823524 ], [ 151.172235246958166, -33.869404667075962 ], [ 151.172251947315317, -33.869368467192587 ], [ 151.1730403, -33.8691811 ], [ 151.173225800000012, -33.869246 ], [ 151.1732189, -33.8693052 ] ] ], [ [ [ 151.172249336922022, -33.870519066804654 ], [ 151.172202737325819, -33.870464966529362 ], [ 151.172350338385826, -33.870377267484997 ], [ 151.1731155, -33.8701963 ], [ 151.173162100000013, -33.8702503 ], [ 151.1730145, -33.8703381 ], [ 151.172249336922022, -33.870519066804654 ] ] ], [ [ [ 151.170681750882238, -33.878714391097567 ], [ 151.170933264214682, -33.87865491700655 ], [ 151.170973675964518, -33.878534295901645 ], [ 151.171028100529384, -33.878521426279114 ], [ 151.170994028427884, -33.878508986389953 ], [ 151.171023928597037, -33.878452586451772 ], [ 151.171229832172827, -33.878403896723604 ], [ 151.171038753331885, -33.878348792561724 ], [ 151.171078153904375, -33.878254492734101 ], [ 151.171419606926605, -33.878131230145343 ], [ 151.17136733271289, -33.878143591526047 ], [ 151.171277232804272, -33.878114591008199 ], [ 151.171187033298679, -33.878037590504221 ], [ 151.171224934044801, -33.877956390750086 ], [ 151.171342007737593, -33.877845588061447 ], [ 151.171514179259447, -33.877466297061495 ], [ 151.1717514, -33.8774102 ], [ 151.1720321, -33.877498 ], [ 151.171955585828925, -33.877658568325636 ], [ 151.172124599999989, -33.8776186 ], [ 151.1722296, -33.8776523 ], [ 151.172186886934213, -33.877743909314475 ], [ 151.1726229, -33.8776408 ], [ 151.1727773, -33.8776951 ], [ 151.1727491, -33.8777777 ], [ 151.172099507395359, -33.877931316838726 ], [ 151.172079, -33.8779753 ], [ 151.171902402494055, -33.878017061346682 ], [ 151.1720123, -33.8780487 ], [ 151.1718884, -33.8783448 ], [ 151.171413953148658, -33.878456994001837 ], [ 151.171318393824805, -33.878429436401547 ], [ 151.1712918, -33.8784796 ], [ 151.171248635851782, -33.878489807011697 ], [ 151.1713546, -33.8785224 ], [ 151.171337316779983, -33.87856120083211 ], [ 151.1715513, -33.8785106 ], [ 151.171755600000012, -33.8785683 ], [ 151.171692527841685, -33.878644443315586 ], [ 151.1717281, -33.8786579 ], [ 151.171689304513222, -33.878708935201352 ], [ 151.171685511839769, -33.878765375708056 ], [ 151.1717194, -33.87877670000001 ], [ 151.171625474812288, -33.878893264666488 ], [ 151.171660800000012, -33.878905 ], [ 151.17162970000004, -33.8789695 ], [ 151.1715438, -33.879012399999986 ], [ 151.171069349021593, -33.879124592525507 ], [ 151.170951449107775, -33.879085492074005 ], [ 151.170868549196939, -33.879052891757539 ], [ 151.170940414544759, -33.878950921471031 ], [ 151.170811874823869, -33.878909095548877 ], [ 151.170834674971928, -33.878860795598143 ], [ 151.171071899999987, -33.8788047 ], [ 151.171184265616205, -33.878845245174553 ], [ 151.171241555180501, -33.878744014206752 ], [ 151.170722950066732, -33.878868291227249 ], [ 151.170626950131094, -33.878837490859389 ], [ 151.170681750882238, -33.878714391097567 ] ], [ [ 151.171281744477653, -33.87864396899576 ], [ 151.171317067979118, -33.878640192636205 ], [ 151.171302222812727, -33.878623249280402 ], [ 151.171281744477653, -33.87864396899576 ] ], [ [ 151.171185115131266, -33.878893057994368 ], [ 151.17121488032987, -33.878886019484852 ], [ 151.17119391673134, -33.878874368179048 ], [ 151.171185115131266, -33.878893057994368 ] ] ], [ [ [ 151.171928385494283, -33.891910074144242 ], [ 151.171685485393567, -33.891879773233981 ], [ 151.171693685649274, -33.89183427327373 ], [ 151.171727090383229, -33.891826375371195 ], [ 151.171690985713582, -33.891821873265947 ], [ 151.171716186520342, -33.891678173388847 ], [ 151.172175399999986, -33.8915696 ], [ 151.1724183, -33.8915999 ], [ 151.172393199999988, -33.8917436 ], [ 151.172359795330976, -33.89175149809131 ], [ 151.1723959, -33.891756 ], [ 151.172387600000036, -33.8918015 ], [ 151.171928385494283, -33.891910074144242 ] ] ], [ [ [ 151.171888722849161, -33.872005064059174 ], [ 151.171892723122795, -33.871975564093823 ], [ 151.1726579, -33.871794599999973 ], [ 151.1727601, -33.8718042 ], [ 151.172756099999987, -33.8718337 ], [ 151.17199092294814, -33.872014664698177 ], [ 151.171888722849161, -33.872005064059174 ] ] ], [ [ [ 151.171891821931922, -33.872107264045624 ], [ 151.171896722185551, -33.872080164085169 ], [ 151.1726619, -33.8718992 ], [ 151.1727424, -33.8719091 ], [ 151.172737500000011, -33.8719363 ], [ 151.171972321987909, -33.87211726454818 ], [ 151.171891821931922, -33.872107264045624 ] ] ], [ [ [ 151.171705549573943, -33.869008363876155 ], [ 151.171862750779525, -33.868906464896675 ], [ 151.1727478, -33.8687107 ], [ 151.172774, -33.8688852 ], [ 151.171853749072113, -33.869093764779649 ], [ 151.171728048799537, -33.869098663988353 ], [ 151.171705549573943, -33.869008363876155 ] ] ], [ [ [ 151.1726941, -33.86914620000001 ], [ 151.171928947101492, -33.869327165176685 ], [ 151.171735746685471, -33.869334363960576 ], [ 151.171704546917738, -33.869302363774921 ], [ 151.17172644725548, -33.869269363923181 ], [ 151.1724916, -33.8690884 ], [ 151.172692399999988, -33.8690765 ], [ 151.1727232, -33.8691105 ], [ 151.1726941, -33.86914620000001 ] ] ], [ [ [ 151.171735332844321, -33.870867263462891 ], [ 151.171713033445769, -33.87079616334578 ], [ 151.171764133879009, -33.870758463678996 ], [ 151.1725293, -33.87057750000001 ], [ 151.1726212, -33.8706222 ], [ 151.1725673, -33.8706985 ], [ 151.171802132855476, -33.870879463878651 ], [ 151.171735332844321, -33.870867263462891 ] ] ], [ [ [ 151.171297911774985, -33.881883806745911 ], [ 151.171330133312864, -33.88180595738379 ], [ 151.172095399999989, -33.881625 ], [ 151.1721605, -33.88164780000001 ], [ 151.172078699999986, -33.8818265 ], [ 151.17160828869325, -33.881937735234608 ], [ 151.1715321, -33.8821089 ], [ 151.170345926982407, -33.882389376140466 ], [ 151.17018032723854, -33.882337774553193 ], [ 151.170286430545303, -33.882122975694315 ], [ 151.171297911774985, -33.881883806745911 ] ] ], [ [ [ 151.171243757367307, -33.892053724848786 ], [ 151.171200983950655, -33.892048371373946 ], [ 151.171209184205793, -33.892002971413675 ], [ 151.171668399999987, -33.8918944 ], [ 151.1719114, -33.8919247 ], [ 151.171872283144694, -33.89197748608246 ], [ 151.1719149, -33.8919828 ], [ 151.1719066, -33.8920283 ], [ 151.171865796282134, -33.892037947285374 ], [ 151.1719055, -33.8920429 ], [ 151.171897300000012, -33.8920884 ], [ 151.171438083403444, -33.892196972239404 ], [ 151.171195183302814, -33.892166671329129 ], [ 151.171203383558492, -33.892121171368885 ], [ 151.171244187376942, -33.892111524307815 ], [ 151.17120448363886, -33.892106571375855 ], [ 151.171212683894566, -33.892061071415597 ], [ 151.171243757367307, -33.892053724848786 ] ] ], [ [ [ 151.171363730635136, -33.871037161073353 ], [ 151.171412031255613, -33.870978161395868 ], [ 151.1721772, -33.8707972 ], [ 151.172242, -33.8708108 ], [ 151.1722619, -33.870845 ], [ 151.1722136, -33.870904 ], [ 151.171448430357401, -33.871084961590071 ], [ 151.171383530362334, -33.871071361186694 ], [ 151.171363730635136, -33.871037161073353 ] ] ], [ [ [ 151.170894624493513, -33.871622957936822 ], [ 151.170830325162314, -33.871535957560951 ], [ 151.171176627385108, -33.871359459793709 ], [ 151.171941800000013, -33.8711785 ], [ 151.1720061, -33.8712656 ], [ 151.171659799999986, -33.871442 ], [ 151.170894624493513, -33.871622957936822 ] ] ], [ [ [ 151.171047028616954, -33.871196959031977 ], [ 151.1718325, -33.871011 ], [ 151.171891499999987, -33.871051599999987 ], [ 151.171862800000042, -33.8710956 ], [ 151.171077427908301, -33.871281559195644 ], [ 151.171024428026954, -33.871257758870335 ], [ 151.171047028616954, -33.871196959031977 ] ] ], [ [ [ 151.168736135135333, -33.892601156804652 ], [ 151.168786080416965, -33.892214262233445 ], [ 151.168815282792934, -33.892207358678398 ], [ 151.168786480473273, -33.892203962236948 ], [ 151.168794080720716, -33.892159862274163 ], [ 151.168831810942123, -33.892150942692588 ], [ 151.168801580796668, -33.89214736230489 ], [ 151.168809081043491, -33.8921033623417 ], [ 151.1688428162702, -33.892095387183609 ], [ 151.168810381108898, -33.892091562348909 ], [ 151.168817981356398, -33.892047462386117 ], [ 151.168865609763998, -33.892036202802629 ], [ 151.168824581450849, -33.892031362414151 ], [ 151.168832081698213, -33.891987262450996 ], [ 151.168878334008525, -33.891976328169093 ], [ 151.168840481790937, -33.891971862485654 ], [ 151.16884808203838, -33.891927762522883 ], [ 151.169381943501094, -33.891821123078067 ], [ 151.169351883185442, -33.891817564444459 ], [ 151.169388980464475, -33.891766591078529 ], [ 151.169360783489623, -33.891763264488567 ], [ 151.169393464006731, -33.891713211643676 ], [ 151.169363383783178, -33.891709664508767 ], [ 151.169370984030621, -33.891665564545988 ], [ 151.1703168, -33.8914316 ], [ 151.1705665, -33.8914158 ], [ 151.170552, -33.8914813 ], [ 151.170512536076728, -33.891490630116238 ], [ 151.1705341, -33.8914933 ], [ 151.170500173489529, -33.891539542352554 ], [ 151.170472881479014, -33.891761578385477 ], [ 151.170747299999988, -33.8916967 ], [ 151.1709902, -33.891727 ], [ 151.170982, -33.8917725 ], [ 151.170924701070106, -33.891786046851266 ], [ 151.170994900000011, -33.891794799999985 ], [ 151.170964623352091, -33.891845495810266 ], [ 151.171183899999988, -33.8917994 ], [ 151.1714268, -33.8918297 ], [ 151.17141860000001, -33.8918752 ], [ 151.170959384037474, -33.891983770475221 ], [ 151.170721449169861, -33.89195408896483 ], [ 151.170518083456273, -33.89200216880721 ], [ 151.170440737999257, -33.891992520294835 ], [ 151.1704334, -33.8920351 ], [ 151.169974182095643, -33.89214366672833 ], [ 151.169758743518372, -33.892108805310706 ], [ 151.169439676347992, -33.892178975377469 ], [ 151.169435716216697, -33.892298075644064 ], [ 151.1696966, -33.892236399999987 ], [ 151.169896271026602, -33.89225995567481 ], [ 151.1701761, -33.8921938 ], [ 151.170392006542727, -33.892226325196255 ], [ 151.1706772, -33.8921589 ], [ 151.170920099999989, -33.8921892 ], [ 151.1709119, -33.89223470000001 ], [ 151.170833439189778, -33.892253249858285 ], [ 151.1709108, -33.8922629 ], [ 151.1709026, -33.8923084 ], [ 151.170861731822754, -33.892318062128723 ], [ 151.170893299999989, -33.892322 ], [ 151.1708851, -33.8923675 ], [ 151.170803318160893, -33.892386834966977 ], [ 151.1708816, -33.892396599999984 ], [ 151.170873400000033, -33.8924421 ], [ 151.170414180368283, -33.892550668308971 ], [ 151.170171280267624, -33.892520367398696 ], [ 151.170179480523387, -33.892474867438452 ], [ 151.170261239165768, -33.892455538426333 ], [ 151.170182880684877, -33.892445767456927 ], [ 151.170191180940691, -33.892400267497045 ], [ 151.170232019216741, -33.8923906126887 ], [ 151.170200381024472, -33.892386667534389 ], [ 151.170205987961367, -33.892355931692236 ], [ 151.16937557369107, -33.892520597972045 ], [ 151.169389374587411, -33.892546057992561 ], [ 151.1696523, -33.8924839 ], [ 151.16986940000001, -33.8925095 ], [ 151.169856935176426, -33.892598780558998 ], [ 151.1701098, -33.892539 ], [ 151.1703268, -33.8925646 ], [ 151.170319299999989, -33.8926087 ], [ 151.170237265777104, -33.892628094164891 ], [ 151.1703153, -33.8926373 ], [ 151.170307799999989, -33.8926814 ], [ 151.170220845154347, -33.892701957445439 ], [ 151.1702958, -33.8927108 ], [ 151.17028830000001, -33.8927548 ], [ 151.170078402621272, -33.89280442271798 ], [ 151.1702808, -33.8928283 ], [ 151.1702733, -33.8928724 ], [ 151.169814077379954, -33.892980965962082 ], [ 151.169596977282538, -33.89295526514821 ], [ 151.169604577529498, -33.892911265185418 ], [ 151.169814473169367, -33.892861643823323 ], [ 151.169611977936199, -33.892837765227554 ], [ 151.169619259820593, -33.892795608355677 ], [ 151.169369877581005, -33.892854564311165 ], [ 151.169152777483077, -33.892828963497259 ], [ 151.169156911500835, -33.89280497612318 ], [ 151.168884976972436, -33.892869262479344 ], [ 151.168667976874644, -33.892843661665836 ], [ 151.168736135135333, -33.892601156804652 ] ], [ [ 151.1697691, -33.8919272 ], [ 151.169985360140771, -33.891957673396327 ], [ 151.170199700000012, -33.891907 ], [ 151.170284658462663, -33.891917598003985 ], [ 151.170290667352731, -33.891884257065456 ], [ 151.170000883160071, -33.891952766866055 ], [ 151.169757983060009, -33.891922365955828 ], [ 151.169761455822879, -33.891903139329514 ], [ 151.169452943200781, -33.891959713856572 ], [ 151.1694942, -33.8919646 ], [ 151.169489299752598, -33.891993348124103 ], [ 151.1697691, -33.8919272 ] ], [ [ 151.169340608989529, -33.892715280388003 ], [ 151.169347666114561, -33.892740587420725 ], [ 151.169645094054289, -33.892679319362436 ], [ 151.16965014381924, -33.89265008485193 ], [ 151.169340608989529, -33.892715280388003 ] ] ], [ [ [ 151.170808779726485, -33.892748369758948 ], [ 151.170565879625855, -33.89271806884868 ], [ 151.17057407988159, -33.892672568888429 ], [ 151.1710333, -33.892564 ], [ 151.1712762, -33.8925943 ], [ 151.171268, -33.8926398 ], [ 151.170808779726485, -33.892748369758948 ] ] ], [ [ [ 151.170523777987597, -33.893011668632958 ], [ 151.170532078242871, -33.892966268673092 ], [ 151.170569137236669, -33.892957507303521 ], [ 151.170529678314551, -33.892952568666665 ], [ 151.170537878569718, -33.892907168706408 ], [ 151.170584927541199, -33.892896045524495 ], [ 151.170533178660037, -33.892889568692091 ], [ 151.170541378915232, -33.892844168731834 ], [ 151.171000600000013, -33.8927356 ], [ 151.1712435, -33.8927659 ], [ 151.1712353, -33.8928114 ], [ 151.171188687401269, -33.892822420294742 ], [ 151.17124, -33.8928288 ], [ 151.171231800000015, -33.8928744 ], [ 151.171194972984097, -33.892883106750141 ], [ 151.171234200000015, -33.892888 ], [ 151.171226, -33.8929335 ], [ 151.170766778087767, -33.893042069543633 ], [ 151.170523777987597, -33.893011668632958 ] ] ], [ [ [ 151.1711521, -33.8780453 ], [ 151.1710929, -33.8781391 ], [ 151.170855676847538, -33.878195195705729 ], [ 151.17078667972342, -33.878172160634257 ], [ 151.170655453715483, -33.878203191097526 ], [ 151.170342453950383, -33.878098289899093 ], [ 151.170364654231861, -33.878052489994758 ], [ 151.170823172975815, -33.877944066224487 ], [ 151.170643977595802, -33.87788539532437 ], [ 151.170717478079922, -33.877727295483396 ], [ 151.17095470000001, -33.8776712 ], [ 151.171282, -33.8777789 ], [ 151.1711851, -33.8779288 ], [ 151.170962048639751, -33.87798154487534 ], [ 151.1711521, -33.8780453 ] ] ], [ [ [ 151.170272759373518, -33.88097427639152 ], [ 151.170219736683862, -33.88112440306859 ], [ 151.1703517, -33.8810932 ], [ 151.1706294, -33.8811549 ], [ 151.170571, -33.8812694 ], [ 151.170149471005573, -33.881369071615303 ], [ 151.17040552062079, -33.881450637378762 ], [ 151.1709081, -33.8813318 ], [ 151.1710497, -33.881378099999978 ], [ 151.1710784, -33.881418499999988 ], [ 151.1710606, -33.8814561 ], [ 151.170407057377162, -33.881610633527096 ], [ 151.1703646, -33.8817557 ], [ 151.169446274421233, -33.881972835172988 ], [ 151.169169274626029, -33.881898233112935 ], [ 151.169066375499881, -33.881796932376211 ], [ 151.169186932153053, -33.881503244012691 ], [ 151.169645372613132, -33.881394018956463 ], [ 151.16956203447063, -33.881322146428559 ], [ 151.16957954636311, -33.881287697606311 ], [ 151.169448234294578, -33.881318745714481 ], [ 151.169326034426689, -33.881279544959192 ], [ 151.169414936313729, -33.881088545579644 ], [ 151.169689599101133, -33.881023602571602 ], [ 151.169748238696258, -33.880891847737857 ], [ 151.1705135, -33.8807109 ], [ 151.1706232, -33.8807446 ], [ 151.1705747, -33.8808522 ], [ 151.170708, -33.8808947 ], [ 151.170681699999989, -33.8809516 ], [ 151.170452121365855, -33.881005885126235 ], [ 151.170318821408387, -33.880963384879045 ], [ 151.170272759373518, -33.88097427639152 ] ] ], [ [ [ 151.170466228575123, -33.871084755419197 ], [ 151.170470328768545, -33.871064155451599 ], [ 151.1712355, -33.870883199999987 ], [ 151.1712887, -33.8709017 ], [ 151.170466228575123, -33.871084755419197 ] ] ], [ [ [ 151.17090645150617, -33.869973087052372 ], [ 151.170956651742614, -33.86989588715447 ], [ 151.171199, -33.8698395 ], [ 151.1712307, -33.8698696 ], [ 151.1712279, -33.86992679999998 ], [ 151.17118, -33.8699627 ], [ 151.170950451411244, -33.870016987131038 ], [ 151.17090645150617, -33.869973087052372 ] ] ], [ [ [ 151.169021500000014, -33.8872966 ], [ 151.169038150225447, -33.88752854025401 ], [ 151.169108478900739, -33.887381141619052 ], [ 151.1698738, -33.8872002 ], [ 151.1699283, -33.8871972 ], [ 151.169937236035366, -33.887275938148932 ], [ 151.1705379, -33.8871516 ], [ 151.1705781, -33.8875583 ], [ 151.169812776944696, -33.887739245930128 ], [ 151.169707976690006, -33.887746345269107 ], [ 151.169700254679043, -33.887668215543222 ], [ 151.169209075439909, -33.88778434212098 ], [ 151.168959474813704, -33.887803440545909 ], [ 151.16892807515606, -33.887759240362861 ], [ 151.168952392863133, -33.88770827437903 ], [ 151.168258045811797, -33.887860670431735 ], [ 151.168230049033781, -33.887471670385132 ], [ 151.169021500000014, -33.8872966 ] ] ], [ [ [ 151.170412951699689, -33.86980238613878 ], [ 151.170351551777543, -33.86976128602705 ], [ 151.170394251919959, -33.869717286111772 ], [ 151.170623799999987, -33.869663 ], [ 151.1706852, -33.8697041 ], [ 151.170642500000014, -33.8697481 ], [ 151.170412951699689, -33.86980238613878 ] ] ], [ [ [ 151.169795, -33.8991745 ], [ 151.16991680000001, -33.8992183 ], [ 151.169886400000024, -33.8992764 ], [ 151.169755457761482, -33.899307353445082 ], [ 151.1698905, -33.8993593 ], [ 151.169839, -33.8994515 ], [ 151.169379741218251, -33.89956006304763 ], [ 151.169236241361148, -33.899504862516984 ], [ 151.169287741917543, -33.899412662729176 ], [ 151.169647962180733, -33.89932751144223 ], [ 151.16953507129864, -33.899286881624107 ], [ 151.169565371472743, -33.899228781686894 ], [ 151.169795, -33.8991745 ] ] ], [ [ [ 151.170165, -33.8711641 ], [ 151.169399824287893, -33.871345048634993 ], [ 151.169362724376754, -33.871327748407488 ], [ 151.169453025243229, -33.871249948999989 ], [ 151.1702469, -33.871074 ], [ 151.170165, -33.8711641 ] ] ], [ [ [ 151.169478436433678, -33.875249583848941 ], [ 151.169503836587864, -33.875197783901832 ], [ 151.169733400000013, -33.8751435 ], [ 151.1698069, -33.8751684 ], [ 151.1697815, -33.8752202 ], [ 151.169551936406236, -33.875274483985081 ], [ 151.169478436433678, -33.875249583848941 ] ] ], [ [ [ 151.169019391709043, -33.891657581391584 ], [ 151.169031291896403, -33.891590881420498 ], [ 151.169260900000012, -33.8915366 ], [ 151.169335600000011, -33.8915458 ], [ 151.1693237, -33.8916124 ], [ 151.1690940917251, -33.891666681531589 ], [ 151.169019391709043, -33.891657581391584 ] ] ], [ [ [ 151.168686300435809, -33.888502662577359 ], [ 151.169207, -33.8883888 ], [ 151.1692352, -33.8886156 ], [ 151.168714499236728, -33.888729462639681 ], [ 151.168686300435809, -33.888502662577359 ] ] ], [ [ [ 151.168608585643938, -33.891214761757915 ], [ 151.1691294, -33.8911015 ], [ 151.1691549, -33.8913285 ], [ 151.168634184440265, -33.891441861810399 ], [ 151.168608585643938, -33.891214761757915 ] ] ], [ [ [ 151.168365606675678, -33.873087441573404 ], [ 151.168081307145513, -33.872978239822395 ], [ 151.168127508008752, -33.872891940140619 ], [ 151.168892699999986, -33.872711 ], [ 151.16921050000002, -33.8728324 ], [ 151.1691308, -33.8729065 ], [ 151.168365606675678, -33.873087441573404 ] ] ] ] } }
]
}
